reconstructed_journey_id,merged_source_journey_count,source_journey_uids,observed_logical_len,flags,notes
"rv2_ricardone_7vteup_1778556803847_0_7zi97h","2","476b53fa-fb00-40bd-ac61-6d6002b739d0|82ed90e0-f930-4d18-89f1-61f0422f3e0f","1","MERGED_UIDS|RECON",""
"rv2_ricardone_6ydv8k_1778561132030_0_us3wxn","2","f4573949-d755-4bbd-8bac-18aa525e45c8|f761240b-db90-4840-827c-b8f0fb0da210","6","MERGED_UIDS|RECON",""
"rv2_ricardone_y3ma5q_1778561188196_0_davonl","2","5a9e0d6b-e385-41d8-afb8-2084c2553129|e95e8910-a16e-466f-9712-e6c23604fec9","4","MERGED_UIDS|RECON",""
"rv2_ricardone_5gg4w3_1778561307321_0_6rif8","2","1ba00616-5a46-44e6-ac31-78b113cb6ff6|3140bbdf-2b6c-4cf3-b463-a9024a33c5d6","6","MERGED_UIDS|RECON",""
"rv2_ricardone_wmo1t3_1778562748403_0_g66dq8","2","3237aa8e-a053-4019-8768-fa21921a9720|82b16500-06c1-4cfb-8447-749fd871ffef","5","MERGED_UIDS|RECON",""
"rv2_ricardone_wknx21_1778582435776_1_e5pao8","3","6efcc444-a6f1-45a9-bf39-d0d471361ecc|b4d61f89-9d42-461d-b68c-29a55f840d9f|c5389c3e-7ce0-48d1-905b-f31003561baf","12","MERGED_UIDS|RECON",""
"rv2_ricardone_x3ob8g_1778595337264_0_djrlbw","3","2e7d2a59-c9c9-45c3-a722-328db3a1cf59|c65d44dd-dacb-40c0-add0-499cb6a004f8|c76d9320-dfb3-49e8-84c8-c5d63de15731","4","MERGED_UIDS|RECON",""
"rv2_ricardone_wa1pvr_1778599216930_0_4fj6nt","2","1897af01-3f95-45be-b180-2e99a29f20f1|d72214b6-94e9-4b92-bfbb-5b9890c36a26","5","MERGED_UIDS|RECON",""
"rv2_ricardone_watfq3_1778599441279_0_rkurzv","2","49ae9b71-fb22-473b-accb-0e2fa3253fc4|87b87be0-50b7-474a-9687-7cbae03b636a","2","MERGED_UIDS|RECON",""
"rv2_ricardone_wka4lg_1778600772483_0_lg22w3","2","3448f7d3-7d60-435e-b2b1-a710019a9e8f|51433b80-6ede-45c2-b54b-afe9ce2f3fc7","4","MERGED_UIDS|RECON",""
"rv2_ricardone_wknx21_1778670224471_2_c3s8v8","2","6efcc444-a6f1-45a9-bf39-d0d471361ecc|e7f7e545-11f9-465c-a96c-e27c901d4ef7","9","MERGED_UIDS|RECON","SIMULTANEA_ILOGICA"
"rv2_ricardone_8rt9qu_1778671356616_0_biodl9","1","6341cbf3-8340-4fc3-ba23-4d99e7389075","3","RECON|LOOP",""
"rv2_ricardone_y4tt0s_1778673227198_2_q4eh5p","1","896b12a2-f14e-4487-9e77-b132ba99a94a__committee_seg_1","3","RECON|LOOP",""
"rv2_ricardone_z130zl_1778673420648_1_dqt6qv","1","05898f59-26cb-4472-8d5f-2d2a10768067__committee_seg_0","3","RECON|LOOP",""
"rv2_ricardone_v1as26_1778673900917_0_gpeit0","1","4eb0dac3-6185-463f-bfc6-48d644e2e38a","3","RECON|LOOP",""
"rv2_ricardone_vyu8cg_1778674299416_0_kq9584","1","8de6655f-f1cf-4855-a35a-03d1a8a037c8","3","RECON|LOOP",""
"rv2_ricardone_wmnew6_1778674471989_0_1eao8z","1","8ce9bffe-e1d0-4845-86ed-1ae99bb781a7","3","RECON|LOOP",""
"rv2_ricardone_yafh2t_1778674556554_0_8umbs8","1","2de5dc56-bab7-4cef-b20b-aa0aa8bdc4e6","3","RECON|LOOP",""
"rv2_ricardone_ul7j82_1778674792442_1_1drvg7","1","f7e53f8b-51df-4905-911a-6493d9e7d824","4","RECON|LOOP",""
"rv2_ricardone_wjmf0k_1778676816437_0_2adx7s","1","15fc532c-22fd-4976-8ff0-5ab441b92e16","3","RECON|LOOP",""
"rv2_ricardone_xrvkw9_1778676885004_2_bhvb5j","2","49cf1134-d155-4c66-aa27-81e96c7e0f0e__committee_seg_0|a1e16032-0147-4d95-86c8-0f1876839afe","2","MERGED_UIDS|RECON",""
"rv2_ricardone_8uj07u_1778677052371_0_4prw5","1","e044f23b-e5d4-476a-8be3-13f4bab47fd1__committee_seg_0","3","RECON|LOOP",""
"rv2_ricardone_xhwq5a_1778677135253_0_hztjzz","1","303b4216-ac9d-41bd-9851-89d079c2193f","3","RECON|LOOP",""
"rv2_ricardone_y52p7n_1778677303262_0_u08oqf","1","dbaa4b36-7759-4d80-804d-7096aafad26c","3","RECON|LOOP",""
"rv2_ricardone_xd7brd_1778677488235_0_fe8141","1","77733a49-7352-423e-bce0-144f64728991","3","RECON|LOOP",""
"rv2_ricardone_xq6do7_1778677584961_1_ayr9bk","1","82248565-181c-4570-b24a-2fc7d0312ee4","3","RECON|LOOP",""
"rv2_ricardone_5fwxcd_1778677677684_0_o0t8wv","1","870408e7-d886-44ea-b406-cd5535fc2bce","3","RECON|LOOP",""
"rv2_ricardone_y0cjdj_1778677878814_0_xnjv9s","1","2c0a2c29-85a7-4218-b347-21f9630799bd","3","RECON|LOOP",""
"rv2_ricardone_xm4it9_1778677936180_0_2lezr7","1","ff34f0a5-8a5a-49ce-942b-94527b5982ea","3","RECON|LOOP",""
"rv2_ricardone_5fxndg_1778678021065_0_m6sw2w","1","c9f89b9d-5555-453e-b33d-28df48ef6a90__committee_seg_0","3","RECON|LOOP",""
"rv2_ricardone_y0ee2b_1778678177312_0_8lsaq0","1","30c3682b-bc3b-4f71-87de-44e8c6b7299d","3","RECON|LOOP",""
"rv2_ricardone_w3j0ut_1778678269159_0_ay18xw","1","bcfd3159-f072-4d2a-92d1-03ba886dfbcf","3","RECON|LOOP",""
"rv2_ricardone_wabv9y_1778678471328_1_jphwst","1","f192917b-72fb-4623-9c3b-8b60113ba44a","3","RECON|LOOP",""
"rv2_ricardone_6w24xy_1778678585018_0_dom2lc","1","37dbe7f2-710b-45f0-a82c-ce8acf5bd079","3","RECON|LOOP",""
"rv2_ricardone_ziaajw_1778678662781_0_y26v07","1","e66e9980-989b-49d2-b50c-43325ac6920f","3","RECON|LOOP",""
"rv2_ricardone_yffhue_1778678864793_0_5jnozu","1","de4d7897-4a2b-48ae-8b73-328fb2b34209","3","RECON|LOOP",""
"rv2_ricardone_5ea4h3_1778678955517_0_vs41uz","1","19c6bfc9-26a3-4fe4-86f5-d01ec33bb58b__committee_seg_0","3","RECON|LOOP",""
"rv2_ricardone_y8wzo0_1778679053761_0_8q3a0m","1","5af6ba3b-4c52-4f6d-b3b3-6a05e3acbd5e__committee_seg_0","3","RECON|LOOP",""
"rv2_ricardone_z8xgpu_1778679228254_0_otozmm","1","bc2ea7c6-334f-49d6-b244-4c5dfaf8dc28","3","RECON|LOOP",""
"rv2_ricardone_xpcpvk_1778679302338_0_b8m6fh","1","885fa568-c240-4699-8931-0bc5d2a91b70","3","RECON|LOOP",""
"rv2_ricardone_vxed5f_1778679416425_0_ftdgqz","1","56c645d7-f8e7-495c-ad13-a0437889911b","3","RECON|LOOP",""
"rv2_ricardone_uul989_1778679535787_0_f4zs3z","1","7b42996a-9424-46c7-a655-20b7176eedd6","3","RECON|LOOP",""
"rv2_ricardone_5etvvq_1778679719770_0_xrkjff","2","0994b65f-1c49-4385-881d-4cc02f558656|61e27880-7aeb-4094-a5c0-bc5a0f52bfc2","5","MERGED_UIDS|RECON",""
"rv2_ricardone_xn9nvc_1778680233027_0_tf32dh","1","845e2573-5db4-4949-8378-3d5a6c18bca2","3","RECON|LOOP",""
"rv2_ricardone_w3kcc4_1778680338154_0_v4yk0y","1","567a543c-33e9-4c1c-948a-a602862fc19a","3","RECON|LOOP",""
"rv2_ricardone_ywucx7_1778680492805_0_ycj3kh","1","3b178548-161f-4ca0-8f1f-c45ee18b9868","3","RECON|LOOP",""
"rv2_ricardone_5z5ozf_1778680723776_0_ddh73k","1","3324a29a-38e0-4007-8c71-ed164a761e14","3","RECON|LOOP",""
"rv2_ricardone_wtuods_1778680826261_0_5b07qz","1","221033c1-63f6-425d-890f-53ea591ae1c8","3","RECON|LOOP",""
"rv2_ricardone_wuvfay_1778680961551_0_3fd8t0","1","9d203158-fe1c-4eba-b560-fbe5695071d8","3","RECON|LOOP",""
"rv2_ricardone_yswjlz_1778681050194_0_l6pp9y","1","ad5841ba-a285-4d8e-a9bb-1893ed67478e","3","RECON|LOOP",""
"rv2_ricardone_xodqsv_1778681134199_0_mzroyo","1","2e73e419-412a-4212-b3d1-9e818079b92a","3","RECON|LOOP",""
"rv2_ricardone_xwkk1t_1778681213327_0_asi27p","1","d6c7990e-4671-4c90-ac08-8ceee8634630","3","RECON|LOOP",""
"rv2_ricardone_z3xgpi_1778681493099_0_tor2se","1","f195304e-0d35-4daa-a0bd-8fa1a73ec01f__committee_seg_0","3","RECON|LOOP",""
"rv2_ricardone_8qptdz_1778681904323_1_gk8v3l","1","91fd0427-ca82-4e62-a331-a59397844fe8","3","RECON|LOOP",""
"rv2_ricardone_6wqdpw_1778682266663_1_gy7o1p","1","1944fceb-280b-4927-8bf9-d9238dad1117__committee_seg_1","3","RECON|LOOP",""
"rv2_ricardone_y05li4_1778682498756_0_tc6msi","1","55bc7e04-87d4-410a-aef8-f8ccc3036029","3","RECON|LOOP",""
"rv2_ricardone_7shyo4_1778682565321_0_47b8ap","1","948e3925-a8a8-4cf2-8142-2072bd357167","3","RECON|LOOP",""
"rv2_ricardone_yw2bmi_1778682631163_0_68q00w","1","783a53a9-9dcf-49ba-8993-c947894ba5ae","3","RECON|LOOP",""
"rv2_ricardone_v2adj3_1778683030116_0_1e23lw","2","1a413f01-c5f2-477b-a0eb-e6a645ed6a42|ab84ce1b-8c87-4372-8f4f-4d09bbd07f4d","4","MERGED_UIDS|RECON","SIMULTANEA_ILOGICA"
"rv2_ricardone_7ae4lc_1778683693943_0_baqu8b","1","c6baf1d1-bea5-4f18-84e4-b7c7f436853f","3","RECON|LOOP",""
"rv2_ricardone_yj253i_1778683757069_0_5oifby","1","95e7d873-c738-460a-9fb0-e564d8471e6f__committee_seg_0","3","RECON|LOOP",""
"rv2_ricardone_tnh6mc_1778683821393_1_12g9md","1","42cb5c07-9caa-4006-bb1f-fa6875d895d9","3","RECON|LOOP",""
"rv2_ricardone_wtqv15_1778683982922_0_ek9f8i","1","4c1533b4-aa5d-4efa-b35f-0e93a3f111c5","3","RECON|LOOP",""
"rv2_ricardone_yjy1qy_1778684059726_0_uv5mnx","1","b7a3d706-c971-4ce7-973a-c4c3f435ff0a__committee_seg_0","3","RECON|LOOP",""
"rv2_ricardone_xoy8mq_1778684120530_0_s1gej6","1","a6329a59-198f-47a1-8969-0b7c8b8072ce__committee_seg_0","3","RECON|LOOP",""
"rv2_ricardone_yngik7_1778684259338_0_f56zrv","1","bd80826a-5fff-42c1-86c2-8f1b91248007","3","RECON|LOOP",""
"rv2_ricardone_xp4b8r_1778684337421_0_pdyspc","1","248834fc-de1b-493d-9404-2ea22da12da4","3","RECON|LOOP",""
"rv2_ricardone_ynp5im_1778684489509_0_tvaa2t","1","6ea0ce1a-d14d-4614-aa11-03c5fbc4f60a","3","RECON|LOOP",""
"rv2_ricardone_5ggmok_1778685386761_0_n71bbm","1","deffaa5a-691b-4a8c-a646-5f951992920a","3","RECON|LOOP",""
"rv2_ricardone_6ugo4b_1778685468206_0_y5sy01","1","2159a770-d1b6-44e5-be41-a50428279dc5","3","RECON|LOOP",""
"rv2_ricardone_8a6ksj_1778686027674_0_4gp88c","1","46bd3604-76ac-4f84-bdbe-7916ec234252","3","RECON|LOOP",""
"rv2_ricardone_xyp72m_1778686174082_0_j27eb1","1","b359965a-6103-4449-8854-c6f73db73a7f","3","RECON|LOOP",""
"rv2_ricardone_xpa1h4_1778686331213_0_21l2m","1","9fe38f61-a6a0-4af9-9a1e-2bb4ad9caf93","3","RECON|LOOP",""
"rv2_ricardone_8qm0fm_1778691271884_0_qa12ui","1","194a3b13-1a56-4ebc-8c43-f90f5de0b293","3","RECON|LOOP",""
"rv2_ricardone_6gqjd1_1778692758789_0_v308f2","2","29a24985-993a-468a-a2be-7a3f1674bea9|d78d9e81-4dfc-4a8b-84a5-09148ce5e795","5","MERGED_UIDS|RECON|LOOP","SIMULTANEA_ILOGICA"
"rv2_ricardone_wjfh5l_1778692825671_0_lo8xhz","2","59863efc-c55e-4625-94f3-c6888cf7940c|90d072e4-fe6e-457c-b2f0-05e994bd8cab","3","MERGED_UIDS|RECON",""
"rv2_ricardone_xgega6_1778696639535_1_t7pwot","1","e34ffc73-215d-40b5-9152-0d2aef9a164a","3","RECON|LOOP",""
"rv2_ricardone_wckgyh_1778696813065_1_vc0zl5","1","80fbfd99-22bf-4fad-b83b-875445b808fb","3","RECON|LOOP",""
"rv2_ricardone_yb3r8w_1778697018755_1_nd9rj6","1","f0e8ce95-0f8a-4fb7-9d28-f2ae708a4130","3","RECON|LOOP",""
"rv2_ricardone_z72sb0_1778697089002_1_rrtl4b","1","7315eca2-08d5-47e2-913a-b79e8f94d3f8","3","RECON|LOOP",""
"rv2_ricardone_6xtyi3_1778697332136_1_gzobzf","1","a80ace21-ea5b-48b5-b15d-38cf37b5a103","3","RECON|LOOP",""
"rv2_ricardone_w7h5el_1778703555041_0_st3wx5","2","09ea7f34-e175-40c2-bf4c-53e4ffc8d298|a457f05a-cb07-40b8-9d28-f79230d09043","4","MERGED_UIDS|RECON","SIMULTANEA_ILOGICA"
"rv2_ricardone_x9iq2h_1778703930902_1_vi709r","2","3a38f51b-325b-4d62-874f-b0c416d0d8a5|eae5e2e8-9d12-4484-bbb4-617a0e748e23","2","MERGED_UIDS|RECON",""
"rv2_ricardone_xxjoaz_1778704181957_1_x9r2mg","2","309435cc-ce86-4ea6-ba1b-400924a97023|c21d4815-4d84-4bab-ac6d-44cb97cee1da","3","MERGED_UIDS|RECON",""
"rv2_ricardone_yrlc0k_1778704818795_1_dpa1pn","2","3f9e0ca3-6754-41ba-af7c-fb923a585b9c|773f63fd-bdb3-46f7-be41-d88d6901db94","4","MERGED_UIDS|RECON","SIMULTANEA_ILOGICA"
"rv2_ricardone_xcw06o_1778705791011_2_6lzrwo","2","1f32e0e0-1027-4e88-bc3e-b961e0841b26__committee_seg_2|a62a0e35-031e-4689-a724-49bc75bfeb5e__committee_seg_0","3","MERGED_UIDS|RECON",""
"rv2_ricardone_5hhrsv_1778706894818_1_q88pvp","2","8648417d-6dcb-4f7c-b787-c930ad5cccf8|a0e2b675-dd87-4396-b391-6abe4933b3d6","3","MERGED_UIDS|RECON",""
"rv2_ricardone_7ev1cs_1778707373966_1_nbtkfw","2","509edbb1-14ca-4dea-a867-3fdff4cc1800|f0062b36-fb88-4b46-8cb3-d277d656fa1c","3","MERGED_UIDS|RECON",""
"rv2_ricardone_5vb90a_1778707738229_0_x3lyvo","2","0f96f979-9ee8-4907-8d73-e2fdbf887bc6|cc261406-3dd9-4c27-aa4d-3d6c5cf16185","4","MERGED_UIDS|RECON",""
"rv2_ricardone_x1xe7w_1778707977457_0_k8bcir","2","7b0eab7a-362c-4fbf-b8af-b2943ffb3fd7__committee_seg_0|b6950fd3-5677-429a-b401-a221189ca55b","2","MERGED_UIDS|RECON","SIMULTANEA_ILOGICA"
"rv2_ricardone_z9o9hu_1778708349044_1_o9466","1","3ef4b2a6-f02d-4f86-9204-ff455625d55e","3","RECON|LOOP",""
"rv2_ricardone_xs765g_1778708439210_1_8i7vyz","1","a4f1e9fe-03ac-4e43-a036-5959cc2bdf89","3","RECON|LOOP",""
"rv2_ricardone_8ba89o_1778708574338_1_fahco","1","768e6b00-8ed2-4f0b-bc9c-ea5b14346490","3","RECON|LOOP",""
"rv2_ricardone_7actz7_1778709584550_1_b6r967","1","afdf282c-f1b4-4744-9b16-39ea3fa36fae","3","RECON|LOOP",""
"rv2_ricardone_x822ng_1778709725837_1_lqt1m","1","61ef504c-eb90-40ec-a15f-886276f1d14e__committee_seg_1","3","RECON|LOOP",""
"rv2_ricardone_6yaqtb_1778709862327_1_srpv38","1","4859862c-fffd-45a3-b2e1-38286563f3aa","3","RECON|LOOP",""
"rv2_ricardone_yb6ajr_1778710023297_1_4ggatj","1","679ab0c5-e2ca-415c-b84c-fc1c46d6b048","3","RECON|LOOP",""
"rv2_ricardone_vx2ef9_1778710342512_1_ghj1gp","1","540baff3-5f8d-496d-ae35-0c6840760f86","3","RECON|LOOP",""
"rv2_ricardone_894xcp_1778715204692_1_51uhya","1","f0336184-164c-4a79-8cf1-3747fdbf7b48","3","RECON|LOOP",""
"rv2_ricardone_v0n46f_1778717258240_1_30c0v1","2","3ef3230e-73f1-4bfe-87dc-bdb147d95b49|a75b2c6d-ed5f-43cf-aabb-053b56cde280","5","MERGED_UIDS|RECON",""
"rv2_ricardone_5vw8jr_1778722505082_1_sdhfta","1","d35a6d2a-857d-41a9-91f3-c60e4d8d20b4","3","RECON|LOOP",""
"rv2_ricardone_t1oz4z_1778724916811_1_dipna9","1","6270a700-0f99-4969-9115-1abd24986aff","3","RECON|LOOP",""
"rv2_ricardone_5wuqow_1778725228184_2_wwb437","2","31d1a4e5-10a0-443e-b1c6-fc6f5b424496|84dd1aa8-9c4d-4d62-8bc8-c2ba9393a544","2","MERGED_UIDS|RECON",""
"rv2_ricardone_6dyxc3_1778725783176_1_yo0wp5","1","cefa2a8f-53b8-4822-8a3f-a27645f0962c","3","RECON|LOOP",""
"rv2_ricardone_y7vjr3_1778726002707_1_kqhgkz","1","853df9cc-4a9c-4a1e-ba93-2b867677a115","3","RECON|LOOP",""
"rv2_ricardone_7ri96d_1778726518484_0_c8zmwp","2","0b84761b-48f6-45a6-a24c-cd488f06f6bc|69c30a0f-dd3f-43ba-9597-8d98f0b62027","2","MERGED_UIDS|RECON",""
"rv2_ricardone_8brgch_1778726686262_1_81iubx","1","c29aff7b-209f-4987-a967-b78c62cfe309__committee_seg_1","3","RECON|LOOP",""
"rv2_ricardone_ujwwgq_1778727217812_1_xbolxr","1","446ab973-fcb8-4fcc-8ac4-dc832d740036","3","RECON|LOOP",""
"rv2_ricardone_xj2ul2_1778727685514_1_c4bzkd","1","4e18a3c8-5760-441c-b63f-eabf59a87a88","3","RECON|LOOP",""
"rv2_ricardone_zd37zw_1778730005719_1_oy0rkq","1","a7176b04-b290-44d4-8972-a6b006d9accd","3","RECON|LOOP",""
"rv2_ricardone_7az9ep_1778735052149_1_n7968q","1","3b5494f6-9682-4d36-a31a-13e5b6ef12dc","3","RECON|LOOP",""
"rv2_ricardone_yxme64_1778735245998_1_bwtdao","1","90ea4b07-6d69-41bf-b8b1-6c83879c9ebb","3","RECON|LOOP",""
"rv2_ricardone_wg6csv_1778737958214_2_mx5to3","2","1d7fd270-8917-4b59-9980-adf0533fac10|c571d4bd-cb33-4fdb-9a64-f5a44e242da3","2","MERGED_UIDS|RECON|LOOP",""
"rv2_ricardone_y8a1f9_1778742367149_2_qy340m","1","350d1943-ebd9-427e-82c2-7fcf87cd533e__committee_seg_2","8","LOOP",""
"rv2_ricardone_5v7wji_1778744268800_1_ee14oa","1","0956ec30-7ee4-4a7d-8de6-f3a15954a3a4","3","RECON|LOOP",""
"rv2_ricardone_5226od_1778744412328_1_hcueol","1","3a935921-19ec-4c8a-835c-05ba8e008509","3","RECON|LOOP",""
"rv2_ricardone_xpbqfv_1778744572815_1_2bjthe","2","3cdb307a-af40-4eab-b723-d14b8ed360ac|53d6e592-7970-43fa-918b-5c830a05827e__committee_seg_0","2","MERGED_UIDS|RECON",""
"rv2_ricardone_wh7q1j_1778744634418_1_wpd7q4","1","20c922f4-dad8-4868-a78c-4a0a2ee87ea5","3","RECON|LOOP",""
"rv2_ricardone_x1xfmt_1778744753305_1_c47jfu","1","e27f4095-4a7e-4350-9974-82d08e136159","3","RECON|LOOP",""
"rv2_ricardone_x1jg7s_1778745072283_1_k8gg5f","1","f5d44207-015f-4b87-8165-6bcd28307ddc","3","RECON|LOOP",""
"rv2_ricardone_wdvlgw_1778745455424_1_c9k3w1","1","b614ac7c-d8b3-4475-ba13-73d7b09a367c","3","RECON|LOOP",""
"rv2_ricardone_yeckj2_1778746068257_1_k690q2","2","81056750-9291-47c9-bdc2-796bb6a8b262|fa9351cf-2d9d-44d5-bc22-d959f73fc850","2","MERGED_UIDS|RECON",""
"rv2_ricardone_7cjfq5_1778746303306_1_yr1kke","1","a53e69e8-b52f-4c34-b184-a4d63d0362f9","3","RECON|LOOP",""
"rv2_ricardone_wdwoij_1778746376910_1_5rycw8","1","20eb3542-163d-4774-b355-872a0df89ca7","3","RECON|LOOP",""
"rv2_ricardone_y9rahp_1778747058788_1_m109lm","1","071ab6a7-970e-4f1f-8aac-05d51314f9a4__committee_seg_1","3","RECON|LOOP",""
"rv2_ricardone_y3tysp_1778747116712_0_zg2jfb","1","2569235f-2aa0-4d4d-a216-47a83c216299","3","RECON|LOOP",""
"rv2_ricardone_xxgi0o_1778747259038_0_4zkvkd","1","7b371607-8807-4c3c-a211-c01feea8b505","3","RECON|LOOP",""
"rv2_ricardone_y6hv4q_1778747324004_1_j0mp2d","1","42e3fe63-83f3-4c3c-ac3a-9fc5c56ca614","3","RECON|LOOP",""
"rv2_ricardone_wgw9s5_1778747379842_1_1yfw0x","1","2e9195ba-d056-45ec-9a3c-ec48232372bd","3","RECON|LOOP",""
"rv2_ricardone_wzj7tz_1778747444408_1_b9s9wy","1","db540777-3ffd-4aae-b3eb-01bbd94dddf8","3","RECON|LOOP",""
"rv2_ricardone_6w7ege_1778747575373_1_lpkibo","1","ad333536-4d90-4887-b843-35e8c1ecce90__committee_seg_1","3","RECON|LOOP",""
"rv2_ricardone_y814fe_1778747653140_1_637qw8","1","cad3a73b-ec7c-4b32-980b-433ad8b33753","3","RECON|LOOP",""
"rv2_ricardone_skba7u_1778747744905_1_pnz5kl","1","6b66bab7-fc7c-4934-a34b-d8060f786dd3","3","RECON|LOOP",""
"rv2_ricardone_xhxg55_1778747813709_1_exts7h","1","aed40946-ce06-4237-a651-b8105aef3600","3","RECON|LOOP",""
"rv2_ricardone_6g7a0o_1778747872190_1_pktlbf","1","78fac7ad-1900-4459-a420-94b3f71a3355","3","RECON|LOOP",""
"rv2_ricardone_ygdsax_1778747996117_1_fvdutv","1","af2080c1-a35a-4b82-9e7c-68246f7f9295","3","RECON|LOOP",""
"rv2_ricardone_xnob0d_1778748063479_1_crvc3g","1","a2cdcbc4-634b-4b8a-894d-cb5e63207f4b","3","RECON|LOOP",""
"rv2_ricardone_x70r8g_1778748219729_1_61calj","1","789ed25b-5751-4d36-b1b8-e71ee579c90c","3","RECON|LOOP",""
"rv2_ricardone_yr1ljw_1778748265056_1_m67wb","2","6d865c89-f83a-4dbd-920c-b944465c955a|dc3c596e-205b-4efb-a8b7-7964ded6bc3f","1","MERGED_UIDS|RECON",""
"rv2_ricardone_xpcb6l_1778748307176_1_441lju","1","d41efb3e-ef9b-446d-a3e3-b9c209ba67bc","3","RECON|LOOP",""
"rv2_ricardone_yeelsr_1778748376779_1_44bl18","1","5f2c4d8e-1623-4796-bd0e-2ef187089454__committee_seg_1","3","RECON|LOOP",""
"rv2_ricardone_y6seix_1778748477422_1_b1pfq3","1","3fe9eb59-fd87-47f5-9049-5a32724477b6","3","RECON|LOOP",""
"rv2_ricardone_6w3f1x_1778748708875_1_s7lf1k","1","62d694e3-63f9-465b-b846-d0b22bf85111","3","RECON|LOOP",""
"rv2_ricardone_wknx21_1778750155533_3_hz19e5","3","70af2b7e-9e85-443e-9e68-48ebacf2900c|e7f7e545-11f9-465c-a96c-e27c901d4ef7|fa5ec54b-8531-47ff-a030-b8f8d93894d4","14","MERGED_UIDS|RECON",""
"rv2_ricardone_526px7_1778750617432_1_f5lau8","2","9f61338a-f0e2-4143-812b-25ab76c01c6d|b0e95481-db68-45de-9601-11b4c39c4fb7","1","MERGED_UIDS|RECON",""
"rv2_ricardone_6ei3cu_1778752177794_1_hu422d","1","b5fde1d7-ef10-4350-a2f7-bacd79c1ac3d","4","RECON|LOOP",""
"rv2_ricardone_y02p2b_1778753502361_1_sc296b","1","d19508aa-7d05-458a-8121-109373ae3cf9","4","RECON|LOOP",""
"rv2_ricardone_5v7ety_1778753682276_1_3ok0wf","1","7f6ae974-94f0-4aff-902f-6b2595205b3f","4","RECON|LOOP",""
"rv2_ricardone_yaa682_1778753693112_0_h6cuv7","1","03be54c4-b3b7-4a08-88df-dbff37fffa45__committee_seg_0","4","RECON|LOOP",""
"rv2_ricardone_6dduzu_1778754665041_1_m02529","1","bd48d8b1-c01d-4379-988b-7ab8bf1aa9b4","4","RECON|LOOP",""
"rv2_ricardone_yysuk9_1778754890887_0_wgbx8h","1","171be99b-489b-4869-90d1-7085694a473a","4","RECON|LOOP",""
"rv2_ricardone_8b9lji_1778754992018_1_seutap","1","92350894-595f-451e-add6-46478c847397","4","RECON|LOOP",""
"rv2_ricardone_wwbpcy_1778755315262_2_6vzimm","1","b2235664-4d5b-448f-acc2-f3160b458467__committee_seg_0","5","RECON|LOOP",""
"rv2_ricardone_wdhapw_1778755401634_1_5t68kc","1","67dd4cb3-8b81-4eb9-b600-f81e669d03fd","3","RECON|LOOP",""
"rv2_ricardone_zdj4my_1778755547195_1_icpbyi","1","3d9c40de-85e0-4b36-934c-734da4d9704e","4","RECON|LOOP",""
"rv2_ricardone_7s0qxm_1778755608846_1_wu8vqk","1","d75a752e-5c72-486b-a68d-f9029763e70d","4","RECON|LOOP",""
"rv2_ricardone_y4qkjc_1778755672604_1_7vbute","1","dffb4a40-f500-4096-bbdb-0e034ecb1569","4","RECON|LOOP",""
"rv2_ricardone_x1qigr_1778755758548_1_qzv83b","1","b3c852a2-9ca6-470e-a0f3-7fb38035d79d","4","RECON|LOOP",""
"rv2_ricardone_xlgr3v_1778755913476_0_wo46be","1","6397e883-5b1a-425c-8f59-af2fdd972bfc__committee_seg_0","4","RECON|LOOP",""
"rv2_ricardone_8cb81z_1778756066952_1_5i4nio","1","281cbcfc-9bd8-40bf-8a9e-81265b0bbd8f","4","RECON|LOOP",""
"rv2_ricardone_xpheyi_1778756163034_1_66a444","1","a1d6b9cf-4ef6-4b0e-aed2-7d927e31f4bb","3","RECON|LOOP",""
"rv2_ricardone_yw8azt_1778756248639_1_8roubx","1","400eeb56-af46-4bea-97a6-abbff7794a09","3","RECON|LOOP",""
"rv2_ricardone_xucc1k_1778756307771_1_x1mkjw","1","2a992d1b-166d-4ff2-bdf7-4c4f436cc907","4","RECON|LOOP",""
"rv2_ricardone_891p7b_1778756313608_1_oe216f","1","e9d25ba4-3de5-4715-9f25-5d3b11d5ec1c","4","RECON|LOOP",""
"rv2_ricardone_6x6f9p_1778756328322_1_t2ufxq","1","932df576-fe39-4829-bd2e-c70d93da507d","3","RECON|LOOP",""
"rv2_ricardone_uieo5j_1778756397691_1_h5wypl","1","0142021b-4e43-4a12-baa7-9bbabfb0eca5","4","RECON|LOOP",""
"rv2_ricardone_xsoeuf_1778756525398_0_ni0gfw","1","a1f1d84c-8fa9-44ce-9299-a456807889e2","4","RECON|LOOP",""
"rv2_ricardone_8tdkt7_1778756623519_1_tqko26","1","c389dba0-4bb5-43df-acc7-8c9680a85080","4","RECON|LOOP",""
"rv2_ricardone_ybvhz4_1778756657870_2_jg9q9w","1","3929becf-1818-43d9-9007-7a490879f28b__committee_seg_2","4","RECON|LOOP",""
"rv2_ricardone_wwjsl9_1778756697212_1_68096b","1","52878531-e0db-4e0c-842a-2d493b251202","4","RECON|LOOP",""
"rv2_ricardone_x0sp0j_1778756842276_1_4yjec5","1","d9fe9343-e169-438e-bd8a-32ee37b34259","4","RECON|LOOP",""
"rv2_ricardone_wd3mhq_1778756921334_1_tumf6m","1","1a6048b0-e15e-440a-8fd1-2b0da57ee9b4","4","RECON|LOOP",""
"rv2_ricardone_7t1y66_1778757304777_0_6a2gsh","1","76dabbf8-5cf6-42f5-8696-10b8f32c5b10","3","RECON|LOOP",""
"rv2_ricardone_t9q7j1_1778761322190_1_rwyhjr","2","6295b391-5c5e-4db9-89cb-5468f47e7312__committee_seg_0|8cd0a6ef-20e8-47e2-b8d6-f3ea117660af","6","MERGED_UIDS|RECON|LOOP","SIMULTANEA_ILOGICA"
"rv2_ricardone_6ddtix_1778762059978_2_gnt31m","1","27a656d6-2e27-4d0c-bfff-1c6e298da8a1__committee_seg_1","5","RECON|LOOP",""
"rv2_ricardone_vw8a8p_1778763331681_1_uo8b8c","1","27937c11-62af-45b1-bbe8-2d062c40b7ad","4","RECON|LOOP",""
"rv2_ricardone_xondwj_1778763513506_1_l4sslx","1","4bb712f7-533a-4a1f-ad7d-295660868591__committee_seg_1","4","RECON|LOOP",""
"rv2_ricardone_tr73ag_1778763630815_1_5n8gwn","1","f4a4ae6c-f66a-416c-8459-1808cb78490d","4","RECON|LOOP",""
"rv2_ricardone_z5m4k9_1778763934507_1_bp2yor","1","81ca0e78-75fe-4141-a6f9-c5eeadfa4cae","3","RECON|LOOP",""
"rv2_ricardone_6uery0_1778764003586_1_gz0ftz","1","5793f70c-dca8-4e7e-8dad-ed3d64ee46da","4","RECON|LOOP",""
"rv2_ricardone_7ve37s_1778764157158_0_p0nt7a","1","2ab163db-c61b-4e9a-a89b-069a5e3f07bf","3","RECON|LOOP",""
"rv2_ricardone_xulxfz_1778764301705_1_2gbs4r","1","0dec618b-534a-4efc-a34a-d8663b8200d7","4","RECON|LOOP",""
"rv2_ricardone_xoxk50_1778764970247_1_5bi3fj","1","9520a4a9-beb9-429f-964c-89fa93500d3c","3","RECON|LOOP",""
"rv2_ricardone_yssazw_1778765314186_1_ciiuwc","1","f47535e9-0239-4f15-8175-6386feefb48f","3","RECON|LOOP",""
"rv2_ricardone_yp5tat_1778765373285_1_5198zf","1","14ee2fb6-e248-411e-9da7-4fde59514716","4","RECON|LOOP",""
"rv2_ricardone_yty8ku_1778765609820_1_ti5cnd","1","7a754831-afdc-42bc-b183-d3ccf3bb7249","4","RECON|LOOP",""
"rv2_ricardone_wad6rf_1778765737948_1_b368th","1","4971e517-d8fb-48fa-af09-02d4672d2639","4","RECON|LOOP",""
"rv2_ricardone_xlexa5_1778765891562_1_plkw4","1","cd42d6e7-bff4-4b68-a8a5-6a65aa560498","4","RECON|LOOP",""
"rv2_ricardone_5gcve9_1778766086737_1_xwmf94","1","5fbb673c-b466-4a93-97fd-4947a2121587","4","RECON|LOOP",""
"rv2_ricardone_xz8lri_1778766312787_1_xv9438","1","6b900ed1-e521-4aa0-aaa9-7829717555b4","4","RECON|LOOP",""
"rv2_ricardone_yqxxxt_1778766442587_1_5o6o7c","1","a931c718-5606-49f7-9854-65a48ca2fc10__committee_seg_0","4","RECON|LOOP",""
"rv2_ricardone_51nkad_1778767791363_1_zbvw2w","1","37237258-3442-46b5-98e8-50bc4e73d2d3__committee_seg_1","4","RECON|LOOP",""
"rv2_ricardone_y7p3mz_1778767801223_1_skde7x","1","ba2b339f-a846-4c4a-8983-f31e93cc2ea2__committee_seg_1","4","RECON|LOOP",""
"rv2_ricardone_xmtnnv_1778768015413_1_a8whal","1","ab18ca09-da74-4bff-be69-8e7f78d565cf","4","RECON|LOOP",""
"rv2_ricardone_5i4236_1778768099541_2_n5xh4d","1","a623b5ee-8352-4542-b8c3-7a269edbc697__committee_seg_2","4","RECON|LOOP",""
"rv2_ricardone_xrxzf5_1778768119878_1_pmc8c8","1","da4cc116-ebce-4242-a39a-8be800e9a95b","4","RECON|LOOP",""
"rv2_ricardone_wctaay_1778768248399_1_5ahwom","1","49afa9f9-11f6-437a-8153-c32cd995e96c","4","RECON|LOOP",""
"rv2_ricardone_wrmtft_1778768328188_1_ausyan","1","47654f63-e581-4879-a21b-72863fe1bbda","4","RECON|LOOP",""
"rv2_ricardone_7u63aj_1778768473001_1_htjat4","1","ea157c6b-e52b-4ca1-bf0a-93fa761a69d3","4","RECON|LOOP",""
"rv2_ricardone_y3tzgs_1778768700328_1_utlv5c","1","a33415a1-d2b1-464f-b7c7-e5f5af4eaa39","4","RECON|LOOP",""
"rv2_ricardone_xtd7sh_1778768804048_0_pwnw9c","2","88ec8db1-d348-4d4a-9914-fd69cf816224|940acf7c-2d7f-4037-a060-c94f8339d40e","2","MERGED_UIDS|RECON",""
"rv2_ricardone_6ccp9k_1778768926336_1_lewx15","1","0a831aaf-6f15-4db9-a0c2-4ea700e37def","4","RECON|LOOP",""
"rv2_ricardone_ws4qmj_1778769335390_1_ergtw","2","3d223cfa-2d28-4f72-853f-5d80ad20c401__committee_seg_0|b90e6a0b-6546-40fb-b1d8-59037857fd15","3","MERGED_UIDS|RECON",""
"rv2_ricardone_v2bqff_1778769409778_1_djkde5","1","dbac3d06-8c08-402e-be9e-7aff5d123d26","3","RECON|LOOP",""
"rv2_ricardone_x7gs3x_1778772727904_2_4c5bto","1","a53ce315-e224-4481-8491-b6f782eb3487__committee_seg_0","5","RECON|LOOP",""
"rv2_ricardone_ws7hd5_1778772740063_4_dlmafk","1","25b79aa7-ee4a-46bf-b204-0bfa910974f5__committee_seg_1","5","RECON|LOOP",""
"rv2_ricardone_5i4rzp_1778774638157_1_fs5rga","2","0f2ec674-1493-4d5e-b889-4bca1d9f1cfc|1a024bd5-2015-40cf-a109-e1a50ed61340","4","MERGED_UIDS|RECON","SIMULTANEA_ILOGICA"
"rv2_ricardone_7t6bwr_1778775838254_1_af8hda","1","55bffd6c-e503-4178-98fe-aa4f9d08e893","4","RECON|LOOP",""
"rv2_ricardone_xuvw6e_1778777829063_1_a652q9","2","eba4c622-bd29-471c-84b8-d4abe2ee24c5|f71ce874-0836-46f9-8413-67ecbf74a499","2","MERGED_UIDS|RECON",""
"rv2_ricardone_ud874j_1778805830735_0_8sumts","1","6424aaf0-d3ec-4f9b-ac23-714942713649__committee_seg_0","6","RECON|LOOP",""
"rv2_ricardone_wykvqd_1778814916284_1_wpl9y0","1","53e26e73-b85e-48e9-b00b-043a885d4212","4","RECON|LOOP",""
"rv2_ricardone_w0mpb1_1778815646251_1_qqdtyj","2","0e2cb73b-331c-4bc4-a610-58d749ea1934|997be587-06e5-4269-96ca-3e68d3c83711__committee_seg_0","4","MERGED_UIDS|RECON",""
"rv2_ricardone_5etyhn_1778815898352_1_shki5n","2","0bf275d2-7012-4a83-a7c7-2e6ad4ef60ab|a44cc4aa-afdf-43b9-837e-1337a709db38","4","MERGED_UIDS|RECON",""
"rv2_ricardone_6tf31i_1778823097050_3_hshxji","1","d989f7ed-fc30-4c4c-a376-2730eefd30be__committee_seg_3","4","RECON|LOOP",""
"rv2_ricardone_5wfdhi_1778825909027_3_q9wa3o","1","8fa40e00-5353-4e89-be4a-b08c9bff4cb1","6","RECON|LOOP",""
"rv2_ricardone_yl93em_1778825996152_0_i110qu","1","1c58e1a5-46fd-4f92-a76b-e842e087a12c","6","RECON|LOOP",""
"rv2_ricardone_zay0zx_1778826451938_0_p3vhz9","1","693211df-d3f2-4f33-ac2d-0a4959500df1","6","RECON|LOOP",""
"rv2_ricardone_xmr636_1778826974370_0_assy9a","2","4a32bedd-7719-4ae2-a250-cdab10788e55|906b2b8d-5b59-4b2a-9867-6059008c9083","6","MERGED_UIDS|RECON|LOOP",""
"rv2_ricardone_u60fdu_1778827419835_0_eovdor","1","0853f7f8-62d2-4c47-b4d1-fc7fb45bf47a","5","RECON|LOOP",""
"rv2_ricardone_5fdr40_1778827657687_0_q49sl5","1","ab5b5295-7a64-48ce-a69e-11cec2ef15ed","5","RECON|LOOP",""
"rv2_ricardone_y6mjak_1778827687211_0_5dgum8","1","45c293ea-b339-4fd3-8b4d-efb3287e7539","5","RECON|LOOP",""
"rv2_ricardone_6ccrl2_1778827701689_0_vp4brx","1","657b6fab-7857-4756-96e6-ab356d4c08e2","5","RECON|LOOP",""
"rv2_ricardone_x3s8zj_1778828939124_0_3yg12b","1","cd372b32-4e1c-4568-bad4-c241099100f1","6","RECON|LOOP",""
"rv2_ricardone_5werp1_1778829020888_0_oxv40v","1","f4ddfe91-ee25-45cd-b1cc-f4a56310c175","5","RECON|LOOP",""
"rv2_ricardone_yaa682_1778829093451_1_h6cuv8","1","03be54c4-b3b7-4a08-88df-dbff37fffa45__committee_seg_1","5","LOOP",""
"rv2_ricardone_7t5mey_1778829224341_0_18mhel","1","adf97f64-90bc-4706-ade7-4c4e31b41f65","5","RECON|LOOP",""
"rv2_ricardone_7t33ol_1778829874217_0_6m8122","1","b538b497-a18e-4a94-b00b-47eb14c1e209","6","LOOP",""
"rv2_ricardone_z7ld4e_1778829965686_1_a407no","1","2ededbd5-347f-41e0-aa4d-595f223bd144","4","RECON|LOOP",""
"rv2_ricardone_um07fi_1778830114472_0_f4yltr","1","9c07047b-7cba-4577-a573-4bd0a7867ade","6","RECON|LOOP",""
"rv2_ricardone_5zq5zb_1778830161605_1_adruc6","1","843d3cf0-2486-417c-be98-db1bae8efefc","4","RECON|LOOP",""
"rv2_ricardone_xcsumz_1778830332513_1_wn9dc5","1","4fa613a3-f166-4119-8e75-818418d8edac","4","RECON|LOOP",""
"rv2_ricardone_7vsr2s_1778830352888_0_ixrine","1","4f57987f-1e41-40ff-9872-a0c8cfd5f056","5","RECON|LOOP",""
"rv2_ricardone_wrmhxl_1778830573609_1_tfsavx","1","2915d9e3-1040-4899-a1e9-e58f43b30c3b","4","RECON|LOOP",""
"rv2_ricardone_xxqy4e_1778830654824_0_6ja840","1","c0ff6a7d-a424-42c9-89df-5d9360a07ac6","5","RECON|LOOP",""
"rv2_ricardone_7d5nll_1778830679705_0_7lyf6s","1","66803b60-22c2-42a7-b389-c176a6e96ead","6","RECON|LOOP",""
"rv2_ricardone_xdvvs3_1778832059623_0_ghe3rg","2","bce40926-1063-45b8-ad0a-5d71f2e5767a|c830892a-8254-4bc4-a813-a2bc3d787ec4","5","MERGED_UIDS|RECON|LOOP",""
"rv2_ricardone_wwbpcy_1778832189951_3_6vziml","1","b2235664-4d5b-448f-acc2-f3160b458467__committee_seg_1","9","RECON|LOOP",""
"rv2_ricardone_xxohyk_1778833427147_2_17nfh1","1","3b3098de-41c1-478a-a7c4-7d6f06344f54__committee_seg_2","5","RECON|LOOP",""
"rv2_ricardone_wgva0z_1778834366013_1_1ohm41","1","194b1c0b-0cb5-4f0e-8e2b-409570bea58a","4","RECON|LOOP",""
"rv2_ricardone_y9rahp_1778834563028_3_8uifaa","2","071ab6a7-970e-4f1f-8aac-05d51314f9a4__committee_seg_3|a0f25a84-33c5-4f01-b231-6c7af7e0f6d9","6","MERGED_UIDS|RECON|LOOP","SIMULTANEA_ILOGICA"
"rv2_ricardone_sppw1s_1778834804422_1_n4ev9t","1","cefb7fc3-70ac-46ed-b623-28e8f151ee45","3","RECON|LOOP",""
"rv2_ricardone_tj9tah_1778834891495_1_dqskva","1","446d96eb-9643-44f4-8020-880f297cab5a","4","RECON|LOOP",""
"rv2_ricardone_xrdudr_1778835005900_1_t0a6t2","1","4a1504f7-aa52-45f2-a448-40a1381c52f1","4","RECON|LOOP",""
"rv2_ricardone_wknx21_1778835030121_4_azd393","3","5891b963-dd01-4d59-8444-2f7a47dea953|70af2b7e-9e85-443e-9e68-48ebacf2900c|a3ea2db6-1a1f-4dd1-a2b4-cabe0e65dc7c","15","MERGED_UIDS|RECON",""
"rv2_ricardone_8b6enp_1778835441809_0_dotdtw","1","039a49a4-4cbb-400d-8830-dbfe6eacc6d8","4","RECON|LOOP",""
"rv2_ricardone_wu4rnh_1778835749071_1_o4gp0b","1","f1984854-a5f7-4f1a-89a6-2dca1b64d589","4","RECON|LOOP",""
"rv2_ricardone_yfh6ka_1778836085540_0_d87hg0","1","838b3c81-7bea-4215-91e9-42c3ceb778d1","4","RECON|LOOP",""
"rv2_ricardone_8cv63q_1778836146488_4_wk3qlw","1","0f1c6849-20ec-4fd7-8ff0-1910a9ba670e","3","RECON|LOOP",""
"rv2_ricardone_5et9m5_1778836532027_0_2ue5rr","1","7f4f1900-ad42-4a5f-8641-6d885aa2e41c","4","RECON|LOOP",""
"rv2_ricardone_xvxiyr_1778837337271_0_6e2550","1","f122b809-967e-481b-b11a-2dbcb4ef1a70","3","RECON|LOOP",""
"rv2_ricardone_wptbke_1778837545792_1_i64z9u","1","20fd499f-87e3-473e-86b0-89cd4ee2a52b","4","RECON|LOOP",""
"rv2_ricardone_8cbyfy_1778837747432_0_lu87an","1","de231b47-0878-47d1-9e5e-d1f4dd0a14ab","4","RECON|LOOP",""
"rv2_ricardone_xdcond_1778838260622_1_jx08af","1","549be028-f966-4e66-b968-6448c12d7130","4","RECON|LOOP",""
"rv2_ricardone_ysmnwx_1778838433757_1_9re6h0","1","1e9d02ec-7716-4af6-8cfe-7e3b9cdfcbb1","4","RECON|LOOP",""
"rv2_ricardone_7u6ogd_1778838806493_1_4l6v1o","1","781482f9-0595-41b1-9916-072df29fb331__committee_seg_0","4","RECON|LOOP",""
"rv2_ricardone_8cd4j2_1778838952202_1_jv1xyt","1","1d1e182f-754b-4749-ae2e-cb789ae44c97","4","RECON|LOOP",""
"rv2_ricardone_7t52sx_1778838991306_0_xs8y6f","1","df635a0b-284b-4ec3-bcd6-ce712fed331d","4","RECON|LOOP",""
"rv2_ricardone_yxgd45_1778839458686_0_vop8cg","1","fc7873d8-9e8e-4e84-8558-a4a88f0f6f44","4","RECON|LOOP",""
"rv2_ricardone_vxt16e_1778839640930_1_yf1c9e","1","c63c5022-483c-4c59-a7fa-0fbced8a4733","4","RECON|LOOP",""
"rv2_ricardone_zevsum_1778839891996_1_s73wk4","1","9d1b885f-e366-47b2-a307-e7fe5199f2ce","4","RECON|LOOP",""
"rv2_ricardone_7c5921_1778840060665_1_tm8gs4","1","de347602-3755-4e3a-85b9-519990c7bd45","4","RECON|LOOP",""
"rv2_ricardone_wnocf5_1778840252750_1_2ltxm5","1","e35c90eb-3336-4ae5-a0cc-731054f7f630","4","RECON|LOOP",""
"rv2_ricardone_8q4mhd_1778840341360_0_5j5hwq","1","0661269d-5589-44cf-9f7c-0337c1556783","4","RECON|LOOP",""
"rv2_ricardone_uy8t57_1778840431253_0_sbhon4","1","7081a3bf-7d75-4d14-8d80-60a29a71a83c","4","RECON|LOOP",""
"rv2_ricardone_x1r1se_1778840972693_0_vste4","1","e5abad30-086c-48a8-9c57-26e17a0a184c","4","RECON|LOOP",""
"rv2_ricardone_wbov5f_1778842543553_0_qwlcgm","1","61379742-685b-4c0c-991c-f070393de999","3","RECON|LOOP",""
"rv2_ricardone_xx2cpy_1778842868550_1_kvxx1","1","9007dd1d-4dc2-4f5f-96b2-6d726f37438d__committee_seg_1","4","RECON|LOOP",""
"rv2_ricardone_wp9lcg_1778842901891_1_o0tj1u","2","77a85bcc-fd81-4df3-8419-367d419a6a3a|c0ec29fd-cdf4-444e-86a4-60786d47cb6d","3","MERGED_UIDS|RECON|LOOP",""
"rv2_ricardone_7ecgtk_1778843138865_0_qtqgz0","1","13301217-3513-4515-89e8-8e59b9a89b81","4","RECON|LOOP",""
"rv2_ricardone_5yn8l0_1778845374908_1_bpro5i","1","2c60d0c6-9cc2-43c8-9280-1c375bcf714f","3","RECON|LOOP",""
"rv2_ricardone_z130zl_1778849503304_2_dqt6qu","1","05898f59-26cb-4472-8d5f-2d2a10768067__committee_seg_1","5","RECON|LOOP",""
"rv2_ricardone_y6ot5z_1778850886308_1_xhjzeo","2","302cb0a4-1a12-4aee-b234-a60bc94a3e29|ac2456e3-3d6d-4909-8f99-9a0fb05231a7","2","MERGED_UIDS|RECON",""
"rv2_ricardone_xrh95v_1778851131972_2_oskjnd","1","94f3cf90-229c-435b-912e-32a2182fd65f","4","RECON|LOOP",""
"rv2_ricardone_ygd2bq_1778851783595_0_iaf9pj","1","97e82f97-e085-4dd6-af89-55a0c1de9e80","6","RECON|LOOP",""
"rv2_ricardone_5fa0pq_1778853116031_1_5i31i0","1","7677576b-8b62-4b39-9998-688c9b487d0e","4","RECON|LOOP",""
"rv2_ricardone_y5jd3h_1778853354017_2_axys5k","1","5e3f9c90-b30f-429b-940a-11f7d14fad96","4","RECON|LOOP",""
"rv2_ricardone_8uj03i_1778853460842_1_36h8rf","1","f2b2e421-991c-4835-9005-7a2036ae056e","4","RECON|LOOP",""
"rv2_ricardone_yczwvg_1778853569714_1_2vyh5a","1","dd5a21c1-7132-4b00-91a4-29f7f78ae1d5","4","RECON|LOOP",""
"rv2_ricardone_xiwkfc_1778854102213_1_rctuuf","1","81c1528f-fe91-4315-b2ef-4ae1e8754b0d","4","RECON|LOOP",""
"rv2_ricardone_vzdyo7_1778854738473_1_ft3s2x","1","a9663f69-eaf9-451e-ac06-8d3cd899bab0","4","RECON|LOOP",""
"rv2_ricardone_z4gbph_1778855033935_3_4kkhba","1","6b9ddd84-b5d2-4a3e-9fa3-315814c7c2a4__committee_seg_2","4","RECON|LOOP",""
"rv2_ricardone_xcqmf6_1778857764004_1_1d6gib","1","6a0f655c-5bc7-4e0a-b839-70ad62aac1a5","3","RECON|LOOP",""
"rv2_ricardone_4jbd69_1778861183391_0_d21sz7","2","5592ac6b-ae75-44c8-b61d-7a417e44798b|ab3e4a94-ba40-41f7-89c3-61d676e3b46b","1","MERGED_UIDS|RECON",""
"rv2_ricardone_xqa71c_1778861665946_1_j93bfz","2","a7d4c466-b658-47c8-9b64-62a8013c0468|d0068924-56d2-4bea-841c-4194a2c463af","5","MERGED_UIDS|RECON|LOOP",""
"rv2_ricardone_1157ki_1778861679783_0_82o8mw","2","18bd1059-f523-446f-aa50-be0c3f00772e|5ea0e887-149b-4758-8647-7cc78c6d3889","1","MERGED_UIDS|RECON",""
"rv2_ricardone_xuvwy2_1778861721495_1_aysfo8","1","f39009ca-b98f-4eee-8683-cdb52c9cb29d","4","RECON|LOOP",""
"rv2_ricardone_51o491_1778861929276_1_lp7i8l","1","aa5077ed-714c-4a8b-a3dc-bb88151fa419","3","RECON|LOOP",""
"rv2_ricardone_yt1ry7_1778862701240_1_1ulqep","1","a320d2c9-ddd3-42b9-bc91-818215249f9a","3","RECON|LOOP",""
"rv2_ricardone_8sb6lt_1778862702904_1_45pg7o","2","354b035d-419e-498b-bf92-f8514bbe9820|87bc1f9f-5642-4607-8851-f01c18fc5026","4","MERGED_UIDS|RECON",""
"rv2_ricardone_xlgr3v_1778862734960_2_9bauuw","2","6397e883-5b1a-425c-8f59-af2fdd972bfc__committee_seg_2|b106b9d6-67d5-4ac7-8820-e1a0bf9f3697__committee_seg_0","4","MERGED_UIDS|RECON",""
"rv2_ricardone_xt7xjk_1778862987357_1_sttmql","1","3f43465d-ce85-4d35-8c4e-9e78c2eef344","4","RECON|LOOP",""
"rv2_ricardone_7eb95w_1778863037691_1_o7jj6j","1","591db64f-4004-4aba-8f4d-003f66da6e5f","4","RECON|LOOP",""
"rv2_ricardone_xbr5p3_1778863950832_1_7u8t1h","1","351ce0e0-7cd1-44be-96ec-c728acf9ff3f","3","RECON|LOOP",""
"rv2_ricardone_y6b29p_1778864302145_1_6c32v4","2","748f0f2b-a58f-4a3d-9601-66b429683ae0|a5ebedad-822b-4a65-b416-70517b9a3a14","3","MERGED_UIDS|RECON",""
"rv2_ricardone_5hicb3_1778875545586_1_73kt66","2","32839efb-f030-4128-a7f9-a1becfa81681|4dcb55d4-80f9-4e3a-be4c-15ca2d14c133","4","MERGED_UIDS|RECON",""
"rv2_ricardone_w3zwbf_1778875560320_1_rqonpb","2","85aaea27-d6f6-449a-aef9-91b1d52f2033|984b3e64-f573-4ca5-81b0-ce76ac90c3b6","2","MERGED_UIDS|RECON",""
"rv2_ricardone_y65z7n_1778885244051_0_50vbwm","1","29496690-4a46-48ff-8caf-f654450f3d07","6","RECON|LOOP",""
"rv2_ricardone_zhi9zy_1778889316482_2_foag01","2","66832e20-5dbb-420f-bb40-a922639510d3|9580869d-75ac-4a21-b953-1240c63d02c3","3","MERGED_UIDS|RECON",""
"rv2_ricardone_u1jeua_1778890629389_1_dvfqp8","3","3b108190-7756-47bd-aa4c-0c0f8e6fb403|99dcbf5b-5a32-4edf-9ae0-a89992e1f200|c68dfe67-5c8c-447d-97f2-fa19aa746c74","4","MERGED_UIDS|RECON",""
"rv2_ricardone_6f0hz2_1778894696721_0_vwmxzg","2","69180ee8-b423-41bc-98bb-de70bad53d50|72be1b5b-55e1-486f-8300-dcab626e1210","3","MERGED_UIDS|RECON",""
"rv2_ricardone_z5diy4_1778895518573_4_ts2ssd","1","67fe55f2-a312-4e23-bcb9-9df1f82617ee__committee_seg_4","6","RECON|LOOP",""
"rv2_ricardone_z5oweu_1778908361025_2_4t9yh4","1","f288f920-e75f-499a-a56e-5e6c31272655","7","RECON|LOOP",""
"rv2_ricardone_7redj4_1778908930658_0_mdqqcn","1","6baf3939-501b-4331-ac3b-914b8dd62de9","6","RECON|LOOP",""
"rv2_ricardone_528000_1778909378444_1_mtsos0","1","6f997da9-aa36-44a8-a8cf-215c27f255cf","4","RECON|LOOP",""
"rv2_ricardone_51mzxh_1778909762784_0_kwykao","1","7eb7bbd0-9912-4e0c-bf1d-9bdc4d0aa08e","6","RECON|LOOP",""
"rv2_ricardone_wr5nvr_1778910824289_0_qceky0","1","bf300c42-4d3e-4c2b-8c20-dcfae0611aa3","6","RECON|LOOP",""
"rv2_ricardone_y699o1_1778910854528_0_mogcvz","1","c1b87af3-9100-4ea7-86ff-0e3b9d982579","5","RECON|LOOP",""
"rv2_ricardone_xk65vn_1778911082918_0_2uzh72","1","41912de1-9fb6-414c-8c85-4653e09763c5","5","RECON|LOOP",""
"rv2_ricardone_xrc8bw_1778911829627_0_gjemx1","1","89f214f2-9e2b-40c0-8cce-6442074f0868","6","RECON|LOOP",""
"rv2_ricardone_yca7f0_1778912914568_0_2w7eji","1","3ed94dc4-9e65-44cb-95c9-d2eaab778d74","6","RECON|LOOP",""
"rv2_ricardone_5j4j0r_1778914831002_0_rkaz45","1","d84b9fe7-6bbf-43a1-b0a7-ddf32a1dc706","5","RECON|LOOP",""
"rv2_ricardone_sz8rzg_1778915124697_0_gunl1","1","dd08deb0-4676-424b-b212-da987cdb2d3e","6","RECON|LOOP",""
"rv2_ricardone_zcdyea_1778916259021_0_lnlkcj","1","eb941b6f-d4b6-4749-b591-f69b2b6bb756","5","RECON|LOOP",""
"rv2_ricardone_y3ydb9_1778921365671_1_cfxcyq","1","c3fcbef8-9801-4d60-8662-8c616850730a","4","RECON|LOOP",""
"rv2_ricardone_vxp3d4_1778922286808_0_9mef0p","2","a078e193-9156-40f1-b9fa-b2b6bcb51953|ef04b666-65f4-43e4-98af-bf85b8b80c38","2","MERGED_UIDS|RECON",""
"rv2_ricardone_8sd269_1778922809129_2_gmptni","1","f58261d2-6e45-466f-993f-c02fecd06185__committee_seg_2","3","RECON|LOOP",""
"rv2_ricardone_z9zhgl_1778923271032_0_jnni2u","1","fd530aa9-8f16-497a-b140-b9e30b0b0de8","4","RECON|LOOP",""
"rv2_ricardone_uooonc_1778928277859_0_nka0tx","1","c46d9dcf-41cf-4140-bbc7-f722578fdd35","4","RECON|LOOP",""
"rv2_ricardone_y5gsev_1778928647567_3_34m1ki","2","f6005939-4f79-41b6-ac53-8b23b75690b6|f74978cc-822f-4764-8f97-df80b3d6a182","6","MERGED_UIDS|RECON",""
"rv2_ricardone_5gily2_1778933665647_1_tbhm4l","1","afc82bea-b081-4e30-8621-5c05f56c26bd","4","RECON|LOOP",""
"rv2_ricardone_xqdr0m_1778933862753_2_6csbgw","2","2e9f17e3-9d01-4d83-ad99-50e70be03190|a8ca4aa9-5cfe-4879-90b7-b4bce8defbf5__committee_seg_2","6","MERGED_UIDS|RECON",""
"rv2_ricardone_5xic0j_1778934013673_1_w7634f","1","f8bbd7cf-1963-4a85-9f07-11a87b06640b","4","RECON|LOOP",""
"rv2_ricardone_6uhxqx_1778934121119_1_a500r","1","9ef1dac2-78d1-48bc-a8a0-a3f527421c3d","4","RECON|LOOP",""
"rv2_ricardone_xdiqil_1778934306446_1_c1oylm","1","9a9e7b5d-c77d-407a-bf36-89fb8b20dfad","4","RECON|LOOP",""
"rv2_ricardone_5h0hrg_1778934572167_1_9w621v","1","e4bcab0e-8a4d-4128-a07a-5ad4b318a5ae","4","RECON|LOOP",""
"rv2_ricardone_xziwit_1778934753529_1_t7qgfp","1","5d0f8d09-2da8-4980-aec5-762d7d73b7ae","4","RECON|LOOP",""
"rv2_ricardone_8dhceh_1778934860430_1_9kzgee","2","3b901bf4-6e7b-4095-86d7-90bc992b8132|d20a88ac-ae94-4c00-89c9-48ff12101df5","3","MERGED_UIDS|RECON",""
"rv2_ricardone_8rpfw3_1778935128042_1_zb6s0u","1","6acc6645-336a-4c18-ac78-7a2ce7693dd1","4","RECON|LOOP",""
"rv2_ricardone_5ercu9_1778935724904_1_pu9vwk","1","e7a237cb-9436-460b-af8d-7f338a16a456","4","RECON|LOOP",""
"rv2_ricardone_x7j8ar_1778937470703_1_zi41lq","1","c0e190a3-ae06-47dd-92d4-580d27fed7df","4","RECON|LOOP",""
"rv2_ricardone_ymyank_1778947585214_4_r5mgpe","1","f1336fc9-96df-4c06-b25e-c72a37769c87__committee_seg_4","5","RECON|LOOP",""
"rv2_ricardone_wax2d9_1778949566731_0_hhwas8","1","133abe32-cb33-4953-9a6e-7d899df86400","6","RECON|LOOP",""
"rv2_ricardone_6w43in_1778958707585_0_a2oe0u","1","de9fafe0-a3db-41a9-93be-38fc46d6ca48","6","RECON|LOOP",""
"rv2_ricardone_umzetl_1778963830764_1_w04dcs","2","dcb0c30a-a1be-42d7-ae6e-5cd8dd926e51|eab56f11-0edb-4af3-a49e-3baecbf30a00","4","MERGED_UIDS|RECON",""
"rv2_ricardone_6w7bwr_1778970283319_0_959kww","2","39d4857f-c374-495d-9aea-d1261ea98f06|4ae6c4a9-5977-4bca-81fa-7dee7f1be6c4","5","MERGED_UIDS|RECON",""
"rv2_ricardone_5fy7mb_1778970695187_3_ny8jx4","1","98775359-5543-492a-9e73-bce314f61285__committee_seg_2","4","RECON|LOOP",""
"rv2_ricardone_6w2qu5_1778971469225_1_8m9gru","1","560e69f8-d596-44c9-9dd1-c6fd279e631a","4","RECON|LOOP",""
"rv2_ricardone_6uequw_1778972765769_1_yr2nmr","1","49cb9f3e-56f4-45c4-bace-9b5a9d40be32","3","RECON|LOOP",""