journey_key,external_operation_id,plate_normalized,circuito_code,product_normalized,inicio_at,fin_at,total_min,time_source,ric_min,bridge_min,sl_min
96bcf630-a93,CTG_10235330221,ILF473,R5,GIRASOL,2026-09-27T22:07:29.544-03:00,2026-09-28T00:36:50.030-03:00,149,CAMARA,,,
d1294e8c-4dd,CTG_10135323914,MPO996,R7,SOJA,2026-09-27T20:39:44.977-03:00,2026-09-28T01:07:12.887-03:00,267,CAMARA,117,,
da78e6f2-21d,CTG_10235319331,UZN699,R5,GIRASOL,2026-09-27T22:54:22.189-03:00,2026-09-28T01:18:44.977-03:00,144,CAMARA,,,
f077ca7c-b08,CTG_10235308004,LCI184,R5,GIRASOL,2026-09-27T22:58:00.521-03:00,2026-09-28T01:35:47.598-03:00,158,CAMARA,,,
0a22e1fe-f82,CTG_10135310698,IXP859,R7,SOJA,2026-09-27T19:39:50.205-03:00,2026-09-28T03:10:31.297-03:00,451,CAMARA,64,,
049f74f7-2f1,CTG_10235311770,WVL113,R7,SOJA,2026-09-27T23:43:23.560-03:00,2026-09-28T00:29:19.157-03:00,46,CAMARA,46,,
134e9a91-9f5,CTG_10235313292,PFV072,R5,GIRASOL,2026-09-28T00:42:16.023-03:00,2026-09-28T05:52:58.898-03:00,311,CAMARA,,,
86b0e7e5-14c,CTG_10235308241,AG367EC,R5,GIRASOL,2026-09-28T03:29:59.815-03:00,2026-09-28T07:25:14.339-03:00,235,CAMARA,,,
32c0966e-560,CTG_10135327216,OXH533,R7,SOJA,2026-09-28T05:25:19.123-03:00,2026-09-28T12:31:45.868-03:00,426,CAMARA,155,,
ea77a7be-8a0,CTG_10235326156,FTY810,R7,SOJA,2026-09-28T07:13:19.502-03:00,2026-09-28T13:58:43.532-03:00,405,CAMARA,64,,
2146c4e3-f15,CTG_10235327753,EVY072,R7,SOJA,2026-09-28T08:40:09.805-03:00,2026-09-28T15:02:10.114-03:00,382,CAMARA,51,,
b71c75d7-250,CTG_10135315974,EBE978,R7,SOJA,2026-09-28T08:27:42.962-03:00,2026-09-28T15:18:18.417-03:00,411,CAMARA,41,,
785bdce3-44f,CTG_10235336070,EHU764,R7,SOJA,2026-09-28T12:27:15.185-03:00,2026-09-28T17:19:47.904-03:00,293,CAMARA,65,,
afd0c31d-b25,CTG_10235327393,OKH237,R7,SOJA,2026-09-28T16:02:29.243-03:00,2026-09-28T18:23:12.483-03:00,141,CAMARA,91,,
13118c2e-6bf,CTG_10235320616,HAI198,R7,SOJA,2026-09-28T16:26:09.166-03:00,2026-09-28T19:36:43.778-03:00,191,CAMARA,72,,
5f91f092-3c1,CTG_10235338306,AA641EK,R7,SOJA,2026-09-28T16:21:15.787-03:00,2026-09-28T19:41:38.256-03:00,200,CAMARA,81,,
64738649-3d2,CTG_10135328386,AB299FY,R7,SOJA,2026-09-28T15:39:21.320-03:00,2026-09-28T19:44:02.873-03:00,245,CAMARA,115,,
7249d77f-12c,CTG_10235338711,AF773JR,R7,SOJA,2026-09-28T16:27:04.369-03:00,2026-09-28T20:01:31.573-03:00,214,CAMARA,80,,
611470b6-b98,CTG_10235311054,AB559LF,R7,SOJA,2026-09-28T13:43:48.436-03:00,2026-09-28T17:26:10.108-03:00,222,CAMARA,222,,
ed7a9804-61d,CTG_10135338008,FUF085,R7,SOJA,2026-09-28T14:46:11.696-03:00,2026-09-28T21:38:14.360-03:00,412,CAMARA,161,,
52483b31-a08,CTG_10235338169,BWJ665,R7,SOJA,2026-09-28T15:37:39.876-03:00,2026-09-28T21:40:34.624-03:00,363,CAMARA,142,,
d4d8d1b7-816,CTG_10235339227,AA559SN,R7,SOJA,2026-09-28T17:16:39.927-03:00,2026-09-28T21:54:30.398-03:00,278,CAMARA,45,,
d76d21ad-302,CTG_10135339274,NCC577,R7,SOJA,2026-09-28T16:41:07.457-03:00,2026-09-28T21:59:41.682-03:00,319,CAMARA,82,,
fcb64653-02a,CTG_10235334857,AE227NC,R7,SOJA,2026-09-28T17:18:52.093-03:00,2026-09-28T22:12:50.598-03:00,294,CAMARA,53,,
9a51dc5f-4db,CTG_10235331946,AI367JU,R7,SOJA,2026-09-28T17:14:54.479-03:00,2026-09-28T22:26:59.017-03:00,312,CAMARA,62,,
8f6fdd7a-137,CTG_10235339604,AB706WB,R7,SOJA,2026-09-28T17:37:06.319-03:00,2026-09-28T22:18:26.532-03:00,281,CAMARA,36,,
982c77bf-2d9,CTG_10135339329,FCV123,R7,SOJA,2026-09-28T17:40:51.291-03:00,2026-09-28T22:35:25.940-03:00,295,CAMARA,39,,
c5da2660-901,CTG_10135341250,VJG804,R7,SOJA,2026-09-28T17:19:50.576-03:00,2026-09-28T18:17:26.925-03:00,58,CAMARA,58,,
a3f068ad-b15,CTG_10135339072,FYZ601,R7,SOJA,2026-09-28T17:41:40.494-03:00,2026-09-28T22:46:21.642-03:00,305,CAMARA,45,,
cef147d8-b0e,CTG_10235344325,FSM599,R6,GIRASOL,2026-09-28T18:00:57.682-03:00,2026-09-28T23:22:05.450-03:00,321,CAMARA,,,
586bed21-827,CTG_10235338472,AE997FP,R7,SOJA,2026-09-28T16:28:06.774-03:00,2026-09-28T23:31:33.024-03:00,423,CAMARA,215,,
ab43ab72-a5a,CTG_10135334750,AG644CT,R7,SOJA,2026-09-28T15:50:28.159-03:00,2026-09-28T23:41:55.433-03:00,471,CAMARA,254,,
0d95383f-2a0,CTG_10235342391,NRT529,R7,SOJA,2026-09-28T17:54:37.259-03:00,2026-09-28T23:46:56.833-03:00,352,CAMARA,132,,
d5ad5145-18e,CTG_10235346497,GPM412,R7,SOJA,2026-09-28T17:43:55.222-03:00,2026-09-29T00:00:41.403-03:00,377,CAMARA,146,,
af1e12a9-937,CTG_10235340262,SRC439,R7,SOJA,2026-09-28T17:37:51.921-03:00,2026-09-29T00:11:06.053-03:00,393,CAMARA,151,,
86b9d68e-4e3,CTG_10235338996,AH355KS,R7,SOJA,2026-09-28T17:04:20.762-03:00,2026-09-29T00:24:25.951-03:00,440,CAMARA,193,,
dd64d7df-fd4,CTG_10235325339,AH153GB,R7,SOJA,2026-09-28T20:09:13.169-03:00,2026-09-29T00:40:34.659-03:00,271,CAMARA,140,,
264cef7e-b04,CTG_10235342212,MII360,R7,SOJA,2026-09-28T17:57:24.069-03:00,2026-09-29T00:56:55.731-03:00,420,CAMARA,238,,
b10a49b7-044,CTG_10235344864,STD744,R6,GIRASOL,2026-09-28T18:44:33.273-03:00,2026-09-29T01:20:59.546-03:00,396,CAMARA,,,
83ab2bbf-091,CTG_10235348792,AE785CS,R7,SOJA,2026-09-28T23:26:10.844-03:00,2026-09-29T02:27:20.385-03:00,181,CAMARA,118,,
6d8cab10-8c5,CTG_10135336624,OVS653,R7,SOJA,2026-09-28T22:18:38.526-03:00,2026-09-29T02:33:24.251-03:00,255,CAMARA,42,,
e3accdf5-2f0,CTG_10135337308,AF107WH,R7,SOJA,2026-09-28T22:19:17.169-03:00,2026-09-29T02:34:10.549-03:00,255,CAMARA,43,,
d7e3e0fb-4e6,CTG_10135346683,OHF905,R7,SOJA,2026-09-28T22:48:03.991-03:00,2026-09-29T02:35:30.221-03:00,227,CAMARA,137,,
fa8602d8-8d6,CTG_10135346539,PDD416,R7,SOJA,2026-09-28T22:01:54.229-03:00,2026-09-29T02:38:25.531-03:00,277,CAMARA,50,,
26e6c898-677,CTG_10235340529,AI058IN,R7,SOJA,2026-09-28T21:05:10.668-03:00,2026-09-29T02:42:50.557-03:00,338,CAMARA,95,,
c2133690-f14,CTG_10235342454,HKZ378,R7,SOJA,2026-09-28T20:44:20.412-03:00,2026-09-29T02:44:00.345-03:00,360,CAMARA,111,,
ec6b03ab-75d,CTG_10235344774,AE381DE,R7,SOJA,2026-09-28T21:40:50.313-03:00,2026-09-29T02:49:35.639-03:00,309,CAMARA,63,,
ea6be693-808,CTG_10235340184,NYY393,R7,SOJA,2026-09-28T21:25:05.300-03:00,2026-09-29T02:56:03.314-03:00,331,CAMARA,80,,
bef86447-639,CTG_10235343371,HGC160,R7,SOJA,2026-09-28T23:22:26.749-03:00,2026-09-29T02:59:33.038-03:00,217,CAMARA,130,,
c97bb133-2c3,CTG_10235350190,AG227NB,R7,SOJA,2026-09-29T00:29:07.702-03:00,2026-09-29T03:24:30.896-03:00,175,CAMARA,68,,
f1b6e9c4-863,CTG_10235346263,AE229GC,R7,SOJA,2026-09-28T23:50:02.608-03:00,2026-09-29T03:28:24.990-03:00,218,CAMARA,105,,
d4b68e15-5e2,CTG_10135346732,LRP909,R7,SOJA,2026-09-28T23:43:48.744-03:00,2026-09-29T03:45:31.801-03:00,242,CAMARA,109,,
f04fb334-27c,CTG_10135346531,KXI574,R7,SOJA,2026-09-28T23:52:42.217-03:00,2026-09-29T03:49:11.889-03:00,236,CAMARA,110,,
c83c36da-07c,CTG_10235339399,TZD778,R7,SOJA,2026-09-28T23:21:12.026-03:00,2026-09-29T03:55:39.124-03:00,274,CAMARA,113,,
c6b04149-d26,CTG_10135351054,AG607WK,R7,SOJA,2026-09-29T02:35:40.422-03:00,2026-09-29T06:40:41.306-03:00,245,CAMARA,140,,
c88bd745-262,CTG_10235346901,AF324EC,R7,SOJA,2026-09-29T02:47:57.264-03:00,2026-09-29T06:48:02.722-03:00,240,CAMARA,130,,
28a0366b-89e,CTG_10235350538,AE991LJ,R7,SOJA,2026-09-29T02:50:33.273-03:00,2026-09-29T06:49:53.247-03:00,239,CAMARA,129,,
bbe41cd7-62a,CTG_10235347731,AH553BW,R7,SOJA,2026-09-29T04:25:27.206-03:00,2026-09-29T06:57:40.634-03:00,152,CAMARA,36,,
a8d23901-e5f,CTG_10235354898,BWV144,R8,SOJA,2026-09-29T08:29:32.400-03:00,2026-09-29T11:51:17.332-03:00,202,CAMARA,,,
24dfc03f-bfb,CTG_10235344500,ERH744,R7,SOJA,2026-09-29T06:12:55.263-03:00,2026-09-29T10:17:19.188-03:00,244,CAMARA,138,,
1011d9c8-556,CTG_10135347409,AI381IS,R7,SOJA,2026-09-29T06:11:05.176-03:00,2026-09-29T10:23:52.985-03:00,253,CAMARA,141,,
420ca223-59b,CTG_10135349930,NCC344,R7,SOJA,2026-09-29T09:21:20.023-03:00,2026-09-29T12:08:08.296-03:00,167,CAMARA,67,,
e87eaf01-36c,CTG_10135345637,AE772ID,R7,SOJA,2026-09-29T09:30:37.575-03:00,2026-09-29T12:11:21.733-03:00,161,CAMARA,58,,
c3ed263c-e7a,CTG_10135351651,FUR008,R7,SOJA,2026-09-29T09:43:27.859-03:00,2026-09-29T12:19:47.656-03:00,156,CAMARA,47,,
8fea90a7-c07,COMPROB_000301069926,AB608FC,R8,RESIDUOS ORG,2026-09-29T07:37:43.660-03:00,2026-09-29T12:44:54.893-03:00,307,CAMARA,,,
a43848ea-f44,CTG_10135343999,AH019OV,R7,SOJA,2026-09-29T10:11:18.757-03:00,2026-09-29T14:03:31.634-03:00,232,CAMARA,187,,
2359742e-4ce,CTG_10135353266,HKI697,R7,SOJA,2026-09-29T11:59:07.742-03:00,2026-09-29T14:12:23.498-03:00,133,CAMARA,90,,
e1c8562e-887,CTG_10235356088,AB525FS,R7,SOJA,2026-09-29T12:43:38.299-03:00,2026-09-29T14:25:33.054-03:00,102,CAMARA,51,,
6c4052e2-590,CTG_10235352838,PER373,R7,SOJA,2026-09-29T12:26:20.798-03:00,2026-09-29T14:29:14.222-03:00,123,CAMARA,68,,
8051bf51-8fc,CTG_10235349475,LPH029,R7,SOJA,2026-09-29T12:12:08.025-03:00,2026-09-29T14:32:24.819-03:00,140,CAMARA,80,,
417a5010-30b,CTG_10135340214,GVN053,R7,SOJA,2026-09-29T11:50:44.672-03:00,2026-09-29T14:47:21.737-03:00,177,CAMARA,98,,
8aa230d9-a57,CTG_10235343141,ONH330,R7,SOJA,2026-09-29T08:25:15.905-03:00,2026-09-29T14:58:15.438-03:00,393,CAMARA,323,,
0e260253-15e,CTG_10235336785,AD386JA,R7,SOJA,2026-09-29T08:37:52.749-03:00,2026-09-29T15:13:15.958-03:00,395,CAMARA,311,,
544d991f-648,CTG_10135354595,AF535DO,R7,SOJA,2026-09-29T14:32:09.316-03:00,2026-09-29T16:11:57.338-03:00,100,CAMARA,62,,
b5f7dd9d-d11,CTG_10135346797,MOL604,R7,SOJA,2026-09-29T11:00:36.417-03:00,2026-09-29T16:12:28.590-03:00,312,CAMARA,,,
76c7e95f-708,CTG_10135349191,AB605VN,R7,SOJA,2026-09-29T14:42:09.350-03:00,2026-09-29T16:20:36.865-03:00,98,CAMARA,56,,
10e2d68c-094,CTG_10135358020,JYY048,R7,SOJA,2026-09-29T14:28:25.544-03:00,2026-09-29T16:28:51.223-03:00,120,CAMARA,68,,
c640e13f-63d,CTG_10135358409,KFJ723,R7,SOJA,2026-09-29T14:30:39.872-03:00,2026-09-29T16:32:59.402-03:00,122,CAMARA,68,,
9302dd57-897,CTG_10235352869,EXE673,R7,SOJA,2026-09-29T14:42:56.475-03:00,2026-09-29T16:43:36.313-03:00,121,CAMARA,56,,
52d362d9-879,CTG_10235353280,GGR714,R7,SOJA,2026-09-29T14:43:45.119-03:00,2026-09-29T16:52:20.283-03:00,129,CAMARA,56,,
5e9b589e-3f7,CTG_10135350196,TCD961,R7,SOJA,2026-09-29T14:40:29.825-03:00,2026-09-29T17:07:23.964-03:00,147,CAMARA,65,,
6eada6fd-50b,CTG_10235354975,GIQ745,R7,SOJA,2026-09-29T15:59:57.328-03:00,2026-09-29T17:49:47.717-03:00,110,CAMARA,65,,
b112c54e-506,CTG_30035367922,LYH624,R8,PELLETS GIRASOL,2026-09-29T13:37:21.124-03:00,2026-09-29T18:00:33.561-03:00,263,CAMARA,,,
fc056031-f27,CTG_10235359665,AB626UQ,R7,SOJA,2026-09-29T16:03:40.141-03:00,2026-09-29T18:05:54.864-03:00,122,CAMARA,68,,
495732da-88a,CTG_10235360291,LYM290,R7,SOJA,2026-09-29T16:04:32.387-03:00,2026-09-29T18:09:02.259-03:00,124,CAMARA,68,,
c94077dd-a5a,CTG_10235359637,AE920PB,R7,SOJA,2026-09-29T16:06:25.431-03:00,2026-09-29T18:21:59.410-03:00,136,CAMARA,68,,
aaa75335-1aa,CTG_10135356137,AI388DM,R7,SOJA,2026-09-29T16:27:11.746-03:00,2026-09-29T18:29:15.745-03:00,122,CAMARA,50,,
d98685f7-55e,CTG_10235352944,AI494DO,R7,SOJA,2026-09-29T16:32:06.641-03:00,2026-09-29T18:38:13.200-03:00,126,CAMARA,47,,
52cca9af-65e,CTG_10235358381,AE785KC,R7,SOJA,2026-09-29T16:49:15.981-03:00,2026-09-29T19:38:05.730-03:00,169,CAMARA,31,,
08f38023-ed4,CTG_10235354017,AI494DP,R7,SOJA,2026-09-29T16:54:09.360-03:00,2026-09-29T19:46:51.581-03:00,173,CAMARA,32,,
c20bc1e3-138,CTG_10235352549,AH047GD,R7,SOJA,2026-09-29T14:21:47.759-03:00,2026-09-29T19:53:08.171-03:00,331,CAMARA,245,,
534ea8b9-79a,CTG_10135348962,UYR897,R7,SOJA,2026-09-29T16:01:49.735-03:00,2026-09-29T20:01:37.775-03:00,240,CAMARA,,,
a110b076-187,CTG_10235351992,MWG720,R7,GIRASOL,2026-09-29T09:32:21.020-03:00,2026-09-29T10:36:32.982-03:00,64,CAMARA,64,,
53bac3fa-e40,CTG_10135342570,AE827TK,R7,SOJA,2026-09-29T17:18:05.682-03:00,2026-09-29T20:53:46.994-03:00,216,CAMARA,173,,
83da4198-b88,CTG_10235354825,NFI800,R7,SOJA,2026-09-29T18:13:30.925-03:00,2026-09-29T21:15:16.750-03:00,182,CAMARA,123,,
0980b159-bbd,CTG_10135353645,AB431GR,R7,SOJA,2026-09-29T18:45:39.135-03:00,2026-09-29T22:03:37.565-03:00,198,CAMARA,99,,
6e9ae8fd-a32,CTG_10135340018,GGH005,R7,SOJA,2026-09-29T18:59:16.222-03:00,2026-09-29T23:03:13.925-03:00,244,CAMARA,109,,
2e0a24d4-f4b,CTG_10135340117,TPB067,R7,SOJA,2026-09-29T18:51:10.912-03:00,2026-09-29T23:26:52.213-03:00,276,CAMARA,118,,
662b0de2-987,CTG_10235360973,KUY134,R7,SOJA,2026-09-29T20:13:58.722-03:00,2026-09-30T00:09:22.473-03:00,235,CAMARA,44,,
ed4171e8-e02,CTG_10235353093,ANV363,R7,GIRASOL,2026-09-29T11:51:56.677-03:00,2026-09-29T13:35:48.990-03:00,104,CAMARA,104,,
4626f8c4-fdd,CTG_10235354733,FKZ258,R7,GIRASOL,2026-09-29T13:12:17.999-03:00,2026-09-29T13:39:48.365-03:00,28,CAMARA,28,,
1cc9b086-3ad,CTG_10135357557,NCP590,R7,SOJA,2026-09-29T19:06:07.207-03:00,2026-09-30T00:35:27.753-03:00,329,CAMARA,173,,
d23b3185-422,CTG_10235354800,AYA786,R7,GIRASOL,2026-09-29T13:13:34.883-03:00,2026-09-30T00:47:38.702-03:00,694,CAMARA,29,,
730eaaef-bb9,CTG_10235357945,CGG744,R7,SOJA,2026-09-29T20:29:00.296-03:00,2026-09-30T01:04:42.375-03:00,276,CAMARA,93,,
895d2257-619,CTG_10235354342,CQF701,R7,GIRASOL,2026-09-29T12:47:16.148-03:00,2026-09-29T13:38:56.123-03:00,52,CAMARA,52,,
b88f04b2-c7e,CTG_10235366042,VNB418,R7,SOJA,2026-09-29T20:30:47.823-03:00,2026-09-30T01:12:08.393-03:00,281,CAMARA,91,,
936c57fa-0e7,CTG_10235357185,KNM561,R7,SOJA,2026-09-29T21:59:58.292-03:00,2026-09-30T01:28:07.697-03:00,208,CAMARA,109,,
b59e90b8-5f5,CTG_10135356574,AH763FD,R7,SOJA,2026-09-29T22:00:39.017-03:00,2026-09-30T01:35:13.267-03:00,215,CAMARA,109,,
160c7aa2-99a,CTG_10135359152,AH430WI,R7,SOJA,2026-09-29T22:09:33.606-03:00,2026-09-30T01:49:24.283-03:00,220,CAMARA,103,,
757fd914-ef3,CTG_10235356627,UVX713,R7,GIRASOL,2026-09-29T13:32:52.230-03:00,2026-09-30T01:50:09.560-03:00,737,CAMARA,19,,
b9ee98b7-098,CTG_10135359734,AA719GV,R7,SOJA,2026-09-29T22:40:31.415-03:00,2026-09-30T02:02:16.406-03:00,202,CAMARA,81,,
d7d619da-bfe,CTG_10235361042,AD234ER,R7,SOJA,2026-09-29T22:33:10.109-03:00,2026-09-30T02:05:40.208-03:00,213,CAMARA,84,,
d19a0d8e-63f,CTG_10235369760,JHA681,R7,SOJA,2026-09-29T22:11:13.133-03:00,2026-09-30T02:35:10.836-03:00,264,CAMARA,104,,
ff1caaa7-4ae,CTG_10135365014,AD788TS,R7,SOJA,2026-09-29T23:07:24.551-03:00,2026-09-30T02:39:37.102-03:00,212,CAMARA,55,,
75de663f-6ec,CTG_10235348067,AG844OC,R7,SOJA,2026-09-29T23:21:15.878-03:00,2026-09-30T03:25:45.299-03:00,244,CAMARA,50,,
01b47269-4b9,CTG_10135362336,AF680SK,R7,SOJA,2026-09-29T23:47:18.769-03:00,2026-09-30T03:48:43.850-03:00,241,CAMARA,33,,
86a6cb63-c2b,CTG_10135360852,MUF492,R7,SOJA,2026-09-29T21:33:39.642-03:00,2026-09-30T04:18:10.876-03:00,405,CAMARA,134,,
6a50b6f4-1b3,CTG_10235366173,AE381DE,R7,SOJA,2026-09-30T01:14:49.075-03:00,2026-09-30T05:09:46.012-03:00,235,CAMARA,13,,
796dbfee-86f,CTG_10235360151,AG883BV,R7,SOJA,2026-09-30T01:16:24.281-03:00,2026-09-30T05:38:35.624-03:00,262,CAMARA,13,,
ba599a47-16c,CTG_10235365985,FDR949,R7,SOJA,2026-09-30T01:24:19.431-03:00,2026-09-30T06:04:58.073-03:00,281,CAMARA,235,,
70cb24ad-87d,CTG_10135356668,AD872AP,R7,SOJA,2026-09-30T01:44:09.178-03:00,2026-09-30T06:12:15.167-03:00,268,CAMARA,219,,
e770503a-727,CTG_10135356733,OCK388,R7,SOJA,2026-09-30T03:00:24.888-03:00,2026-09-30T06:45:00.113-03:00,225,CAMARA,150,,
693af161-d8c,CTG_10135364282,DEN461,R7,SOJA,2026-09-30T03:14:18.795-03:00,2026-09-30T07:33:08.400-03:00,259,CAMARA,137,,
b138ce8a-637,CTG_10135360831,MZN471,R7,SOJA,2026-09-30T04:52:31.861-03:00,2026-09-30T07:42:09.456-03:00,170,CAMARA,43,,
83e37888-430,CTG_10135351184,HAU223,R7,SOJA,2026-09-30T01:33:23.383-03:00,2026-09-30T07:46:34.642-03:00,373,CAMARA,229,,
e0d47b28-4ac,CTG_10135367653,AG623FV,R7,SOJA,2026-09-30T03:38:37.602-03:00,2026-09-30T08:19:54.442-03:00,281,CAMARA,126,,
10bf3ebc-e14,CTG_10235358720,AA583XJ,R7,SOJA,2026-09-30T01:43:31.739-03:00,2026-09-30T08:18:48.656-03:00,395,CAMARA,220,,
15df136c-f77,CTG_10235361343,HGC160,R7,SOJA,2026-09-30T05:53:55.196-03:00,2026-09-30T09:05:17.577-03:00,191,CAMARA,129,,
01e6c28f-07a,CTG_10235368194,MVY131,R7,SOJA,2026-09-30T06:15:23.271-03:00,2026-09-30T09:17:44.476-03:00,182,CAMARA,109,,
67abc0d6-410,CTG_10235367060,AH650BH,R7,SOJA,2026-09-30T06:23:30.657-03:00,2026-09-30T09:21:34.888-03:00,178,CAMARA,103,,
6d36fcba-61e,CTG_10135365646,RXT510,R7,SOJA,2026-09-30T07:02:12.793-03:00,2026-09-30T09:28:51.142-03:00,147,CAMARA,64,,
241715b7-8aa__cycle_2,CTG_30035372919,LBI503,R8,PELLETS GIRASOL,2026-09-30T07:56:18.556-03:00,2026-09-30T10:37:28.410-03:00,161,CAMARA,,,
9c0173b5-c59,CTG_10135351307,FVX399,R7,SOJA,2026-09-30T06:37:21.269-03:00,2026-09-30T09:31:08.437-03:00,174,CAMARA,90,,
28d6a8ae-5c1,CTG_10135367737,UUH028,R7,SOJA,2026-09-30T07:13:48.913-03:00,2026-09-30T10:26:37.184-03:00,193,CAMARA,57,,
adae7201-f0d,CTG_10135363201,FZV741,R7,SOJA,2026-09-30T07:43:25.259-03:00,2026-09-30T10:31:11.773-03:00,168,CAMARA,37,,
54e2a148-07f,CTG_10135364372,IZK674,R7,SOJA,2026-09-30T07:40:59.650-03:00,2026-09-30T10:41:35.103-03:00,181,CAMARA,40,,
f2f179e6-2a5,CTG_10235364456,TBK992,R7,SOJA,2026-09-30T07:19:49.096-03:00,2026-09-30T10:56:01.569-03:00,216,CAMARA,64,,
9c4a03a5-e3b,CTG_10235362228,JRM177,R7,SOJA,2026-09-30T07:18:46.131-03:00,2026-09-30T11:00:26.675-03:00,222,CAMARA,65,,
db2f0509-12c,CTG_10235362050,LCY577,R7,SOJA,2026-09-30T07:20:53.258-03:00,2026-09-30T11:12:17.759-03:00,231,CAMARA,65,,
e0020c4a-35b,CTG_10235361094,SKA637,R7,SOJA,2026-09-30T07:28:27.127-03:00,2026-09-30T11:24:24.457-03:00,236,CAMARA,55,,
7081ca56-d9e,CTG_10135367937,OHO175,R7,SOJA,2026-09-30T08:31:46.728-03:00,2026-09-30T12:11:40.832-03:00,220,CAMARA,169,,
21e12303-ee1,CTG_10235361660,LUV179,R7,SOJA,2026-09-30T09:10:23.742-03:00,2026-09-30T12:22:55.421-03:00,193,CAMARA,141,,
4121cda8-2c1,CTG_10135360399,AI470QY,R7,SOJA,2026-09-30T09:57:58.388-03:00,2026-09-30T12:30:01.712-03:00,152,CAMARA,94,,
bf586ef2-5bf,CTG_10135357332,DKS130,R7,SOJA,2026-09-30T08:09:11.107-03:00,2026-09-30T14:36:23.085-03:00,387,CAMARA,192,,
41418e33-952,CTG_10235365984,AB706WB,R7,SOJA,2026-09-30T11:02:48.697-03:00,2026-09-30T14:52:02.621-03:00,229,CAMARA,41,,
50bb1b87-73f,CTG_10235361805,AE762DG,R7,GIRASOL,2026-09-30T10:16:31.414-03:00,2026-09-30T14:55:41.668-03:00,279,CAMARA,60,,
09537371-fe5,CTG_10135369910,IWR678,R7,SOJA,2026-09-30T11:22:55.968-03:00,2026-09-30T15:01:03.597-03:00,218,CAMARA,29,,
9049f35b-e89,CTG_10235371331,AC184IH,R7,SOJA,2026-09-30T12:07:48.786-03:00,2026-09-30T15:02:45.317-03:00,175,CAMARA,72,,
94432f7f-624,CTG_10235366487,AG991NU,R7,GIRASOL,2026-09-30T10:34:27.958-03:00,2026-09-30T15:37:43.655-03:00,303,CAMARA,44,,
ede8ef0b-9d1,COMPROB_000301069995,LZP121,R8,SEMILLA CON AGUA/BARRO,2026-09-30T08:04:41.733-03:00,2026-09-30T16:00:36.225-03:00,476,CAMARA,,,
cfe24c63-4cb,CTG_10235374444,PIJ265,R7,SOJA,2026-09-30T11:48:56.620-03:00,2026-09-30T15:55:13.188-03:00,246,CAMARA,91,,
436e88b2-8d1,CTG_10135367252,AI208OH,R7,SOJA,2026-09-30T11:46:01.808-03:00,2026-09-30T16:11:15.413-03:00,265,CAMARA,96,,
ef2355c7-986,CTG_10135368802,JVA446,R7,SOJA,2026-09-30T12:19:17.947-03:00,2026-09-30T16:11:40.703-03:00,232,CAMARA,65,,
0cde1ba7-bf9,CTG_10235345318,AC658DF,R7,GIRASOL,2026-09-30T11:50:11.101-03:00,2026-09-30T16:39:42.034-03:00,290,CAMARA,138,,
fa0dda23-c2e,CTG_10235374279,AH575YL,R7,SOJA,2026-09-30T11:49:31.979-03:00,2026-09-30T16:48:13.025-03:00,299,CAMARA,103,,
2e7f152c-272,CTG_10235370983,LUJ718,R7,SOJA,2026-09-30T12:25:58.208-03:00,2026-09-30T16:51:12.697-03:00,265,CAMARA,80,,
989d8858-8f8__cycle_2,CTG_10235378348,SFN197,R7,GIRASOL,2026-09-30T13:14:15.020-03:00,2026-09-30T16:53:43.040-03:00,219,CAMARA,55,,
a847b938-83e,CTG_10235360241,IAB283,R7,SOJA,2026-09-30T12:22:20.595-03:00,2026-09-30T16:59:45.222-03:00,277,CAMARA,70,,
45735896-e7f,CTG_10235376066,AA230MJ,R7,SOJA,2026-09-30T12:44:40.193-03:00,2026-09-30T17:07:04.918-03:00,262,CAMARA,66,,
2792384b-18f,CTG_10135366662,DBC994,R7,SOJA,2026-09-30T12:20:44.190-03:00,2026-09-30T17:20:04.029-03:00,299,CAMARA,76,,
76e3ac02-1bc__cycle_2,CTG_10235377768,TSX149,R7,GIRASOL,2026-09-30T13:51:00.506-03:00,2026-09-30T16:46:23.898-03:00,175,CAMARA,23,,
08dd3f75-a3e,CTG_10235372264,KUB033,R7,SOJA,2026-09-30T12:52:29.983-03:00,2026-09-30T17:31:53.833-03:00,279,CAMARA,59,,
3fdc25c0-41a,CTG_10135371073,DPE897,R7,SOJA,2026-09-30T14:06:05.120-03:00,2026-09-30T17:58:05.435-03:00,232,CAMARA,166,,
a8ea9e98-3a5,CTG_10135374265,AH235VR,R7,SOJA,2026-09-30T14:23:27.982-03:00,2026-09-30T18:07:34.422-03:00,224,CAMARA,159,,
a868086a-9c6__cycle_2,CTG_10235378230,BBU070,R7,GIRASOL,2026-09-30T13:54:12.437-03:00,2026-09-30T18:11:29.175-03:00,257,CAMARA,24,,
152e711c-ca5,CTG_10235373969,OTA336,R7,SOJA,2026-09-30T14:43:00.794-03:00,2026-09-30T18:17:38.224-03:00,215,CAMARA,141,,
5642292d-745,CTG_10235372732,HNR613,R7,SOJA,2026-09-30T14:45:32.322-03:00,2026-09-30T18:26:13.510-03:00,221,CAMARA,143,,
1960b74d-8a0__cycle_2,CTG_10235381360,MOF325,R7,SOJA,2026-09-30T15:44:32.291-03:00,2026-09-30T18:29:03.418-03:00,165,CAMARA,86,,
2c818d53-a97,CTG_10235379266,IIR677,R7,SOJA,2026-09-30T15:43:18.205-03:00,2026-09-30T18:41:46.083-03:00,178,CAMARA,90,,
886237a6-99d,CTG_10235380420,AF066WZ,R7,SOJA,2026-09-30T16:03:58.197-03:00,2026-09-30T18:44:05.939-03:00,160,CAMARA,72,,
f8348883-77f,CTG_10235370859,AG229IE,R7,SOJA,2026-09-30T16:25:20.194-03:00,2026-09-30T19:34:55.053-03:00,190,CAMARA,55,,
a1f73246-61a,CTG_10235380781,NWE016,R7,SOJA,2026-09-30T16:32:13.176-03:00,2026-09-30T20:03:33.180-03:00,211,CAMARA,51,,
bee2bd3d-e84,CTG_10135380787,AE235GS,R7,SOJA,2026-09-30T16:57:44.385-03:00,2026-09-30T20:14:12.938-03:00,196,CAMARA,26,,
96a8970c-7b8,CTG_10235376186,AF681NU,R7,SOJA,2026-09-30T15:50:37.831-03:00,2026-09-30T22:17:00.006-03:00,386,CAMARA,241,,
c4014218-bf1,CTG_10235387612,IBH343,R7,SOJA,2026-09-30T18:08:02.174-03:00,2026-09-30T22:39:26.784-03:00,271,CAMARA,126,,
1da3f3ff-aba,CTG_10135376871,LDN602,R7,SOJA,2026-09-30T18:19:04.050-03:00,2026-09-30T23:04:14.759-03:00,285,CAMARA,116,,
153a83b1-35a,CTG_10235381192,AD985IA,R7,SOJA,2026-09-30T18:50:19.921-03:00,2026-09-30T23:12:12.950-03:00,262,CAMARA,88,,
579c9d5a-50e,CTG_10235386575,FRG064,R7,SOJA,2026-09-30T18:58:18.508-03:00,2026-09-30T23:31:30.253-03:00,273,CAMARA,83,,
e6e3aadc-3fa,CTG_10235379950,IIY525,R7,SOJA,2026-09-30T17:31:38.046-03:00,2026-09-30T23:44:50.493-03:00,373,CAMARA,171,,