ingreso_excel;salida_excel;patente;circuito;primer_punto_con_camara;producto;plataforma;planta
2026-09-30 22:45;2026-10-01 02:11;AA338BT;R7;Pre ingreso Ric;SOJA;VOLCABLE_PTO_2;TERMINAL_EMBARQUE
2026-09-30 23:38;2026-10-01 03:32;JJM618;R7;Pre ingreso Ric;SOJA;VOLCABLE_PTO_2;TERMINAL_EMBARQUE
2026-10-01 00:39;2026-10-01 04:12;SLU489;R7;Pre ingreso Ric;SOJA;VOLCABLE_PTO_2;TERMINAL_EMBARQUE
2026-10-01 20:25;2026-10-02 00:46;SIM565;R7;Pre ingreso Ric;SOJA;VOLCABLE_PTO_5;TERMINAL_EMBARQUE
2026-10-01 22:12;2026-10-02 02:02;AB544TA;R6;Pre ingreso Ric;GIRASOL;VOLCABLE_2;RICARDONE
2026-10-02 00:27;2026-10-02 06:35;MGQ641;R7;Pre ingreso Ric;SOJA;VOLCABLE_PTO_5;TERMINAL_EMBARQUE
2026-10-02 01:35;2026-10-02 09:51;IFK980;SL1;Ingreso SL;ACEITE GIRASOL REFINADO;ACEITE_OSL;TERMINAL_EMBARQUE
2026-10-02 09:43;2026-10-02 09:43;MRM512;SL3;Ingreso SL;ACEITE GIRASOL REFINADO;;TERMINAL_EMBARQUE
2026-10-02 18:58;2026-10-02 20:56;GZI868;SL1;Ingreso SL;ACEITE GIRASOL REFINADO;ACEITE_OSL;TERMINAL_EMBARQUE
2026-10-02 23:15;2026-10-03 04:18;TFN865;R7;Pre ingreso Ric;SOJA;VOLCABLE_PTO_5;TERMINAL_EMBARQUE
2026-10-03 02:22;2026-10-03 10:17;AE949OO;R7;Pre ingreso Ric;SOJA;VOLCABLE_PTO_2;TERMINAL_EMBARQUE
2026-10-03 20:08;2026-10-03 21:39;AB750EL;R7;Pre ingreso Ric;SOJA;VOLCABLE_PTO_5;TERMINAL_EMBARQUE
2026-10-03 21:53;2026-10-04 00:58;FEQ415;R7;Pre ingreso Ric;SOJA;VOLCABLE_PTO_5;TERMINAL_EMBARQUE
2026-10-03 22:48;2026-10-04 02:11;STI174;R7;Pre ingreso Ric;SOJA;VOLCABLE_PTO_5;TERMINAL_EMBARQUE
2026-10-04 00:07;2026-10-04 03:11;HDI137;R7;Pre ingreso Ric;SOJA;VOLCABLE_PTO_5;TERMINAL_EMBARQUE
2026-10-04 22:40;2026-10-05 02:38;AYJ768;R7;Pre ingreso Ric;SOJA;VOLCABLE_PTO_5;TERMINAL_EMBARQUE
2026-10-05 01:43;2026-10-05 06:03;DDY229;R7;Pre ingreso Ric;SOJA;VOLCABLE_PTO_3;TERMINAL_EMBARQUE
2026-10-05 08:07;2026-10-05 16:52;GFP699;R8;Pre ingreso Ric;GLICERINA REFINADA;;TERMINAL_EMBARQUE
2026-10-05 09:36;2026-10-05 17:20;IFK980;SL1;Ingreso SL;ACEITE GIRASOL REFINADO;ACEITE_OSL;TERMINAL_EMBARQUE
2026-10-06 00:20;2026-10-06 04:02;AC744ZO;R7;Pre ingreso Ric;SOJA;VOLCABLE_PTO_5;TERMINAL_EMBARQUE
2026-10-06 00:42;2026-10-06 05:32;ARV336;R7;Pre ingreso Ric;SOJA;VOLCABLE_PTO_5;TERMINAL_EMBARQUE
2026-10-06 01:34;2026-10-06 08:47;IFK980;SL1;Ingreso SL;ACEITE GIRASOL REFINADO;ACEITE_OSL;TERMINAL_EMBARQUE
2026-10-06 22:27;2026-10-07 03:01;MQQ861;R7;Pre ingreso Ric;SOJA;VOLCABLE_PTO_5;TERMINAL_EMBARQUE
