patente;viajes;dias;zona;camaras_principales;parecida_a_excel
OCB815;32;11;Ricardone y San Lorenzo;SLZSalidaC1Fte / RicB2Egreso / SLZSalidaC2Fte;
IMH787;32;11;Ricardone y San Lorenzo;SLZSalidaC1Fte / SLZSalidaC2Fte / RicB3Ingreso;
AF282QI;22;11;San Lorenzo;SLZSalidaC2Fte / SLZSalidaC1Fte;
OIY765;21;11;Ricardone y San Lorenzo;SLZSalidaC2Fte / SLZTK400 / RicB3Ingreso;
AF211ER;21;9;San Lorenzo;SLZSalidaC2Fte / SLZTK400 / SLZBalSC1Fte;
AF881FZ;20;7;San Lorenzo;SLZTK400 / SLZSalidaC2Fte / SLZSalidaC1Fte;
AG622BE;20;7;San Lorenzo;SLZSalidaC1Fte / SLZSalidaC2Fte;
AD790SU;20;9;San Lorenzo;SLZSalidaC2Fte / SLZSalidaC1Fte / SLZBalSC1Fte;
AG688FB;18;9;San Lorenzo;SLZSalidaC2Fte / SLZSalidaC1Fte;
AH456NL;18;9;San Lorenzo;SLZTK400 / SLZSalidaC2Fte / SLZSalidaC1Fte;
RAM481;18;8;Ricardone y San Lorenzo;RicS6Playa3 / RicPreIngInFr / SLZSalidaC1Fte;RAW481
OTY765;17;11;Ricardone y San Lorenzo;RicB2Egreso / SLZTK400 / RicEgrCamFrente;
NAH953;17;10;Ricardone y San Lorenzo;SLZSalidaC1Fte / SLZSalidaC2Fte / SLZBalSC1Fte;
AA208QN;17;8;San Lorenzo;SLZBalSC1Fte / SLZTK400 / SLZSalidaC2Fte;
AF529RF;16;11;San Lorenzo;SLZSalidaC2Fte / SLZSalidaC1Fte;
AE040HU;15;7;San Lorenzo;SLZBalSC1Fte / SLZSalidaC2Fte / SLZSalidaC1Fte;
AH461XD;15;7;Ricardone;RicB3Ingreso / RicB3Egreso / RicB2Egreso;
AF778YL;14;7;San Lorenzo;SLZSalidaC2Fte / SLZSalidaC1Fte;
AI217QP;14;7;Ricardone y San Lorenzo;RicB3Ingreso / RicB3Egreso / RicB2Egreso;
AG142JP;14;7;San Lorenzo;SLZSalidaC1Fte / SLZSalidaC2Fte;
KGY149;14;7;Ricardone;RicB3Ingreso / RicB3Egreso / RicB2Egreso;
UMX998;13;7;Ricardone y San Lorenzo;RicB2Egreso / SLZSalidaC1Fte / RicS6Playa3;UWX998
AH700ET;13;9;San Lorenzo;SLZSalidaC2Fte / SLZSalidaC1Fte;
AE532MU;13;9;San Lorenzo;SLZTK400 / SLZSalidaC1Fte / SLZSalidaC2Fte;
AH831XA;13;7;Ricardone;RicB3Egreso / RicS6Playa3 / RicB3Ingreso;
PQK206;13;6;San Lorenzo;SLZTK400 / SLZSalidaC2Fte / SLZSalidaC1Fte;
AD001TD;13;7;Ricardone y San Lorenzo;RicB3Ingreso / RicB3Egreso / SLZBalSC1Fte;
OTV765;13;9;Ricardone y San Lorenzo;SLZBalLiq2a / SLZBalLiq1b / RicB2Egreso;
JUE083;12;7;Ricardone y San Lorenzo;SLZSalidaC2Fte / SLZSalidaC1Fte / RicB3Ingreso;
AF211FP;12;8;San Lorenzo;SLZSalidaC1Fte;
ROL445;12;7;Ricardone y San Lorenzo;RicS6Playa3 / RicPreIngInFr / SLZVolcableC5;RDL445
MYW261;12;7;Ricardone y San Lorenzo;SLZSalidaC2Fte / SLZSalidaC1Fte / RicB3Ingreso;
AE036AM;12;11;San Lorenzo;SLZSalidaC2Fte / SLZSalidaC1Fte;
RSW086;11;6;San Lorenzo;SLZSalidaC1Fte / SLZTK400 / SLZSalidaC2Fte;
AF566OP;11;7;San Lorenzo;SLZTK400 / SLZSalidaC1Fte / SLZSalidaC2Fte;
AE260HD;11;7;Ricardone y San Lorenzo;RicB3Egreso / RicEgrCamFrente / RicB3Ingreso;
GCW191;11;11;San Lorenzo;SLZSalidaC2Fte / SLZSalidaC1Fte;
AYW824;11;7;Ricardone;RicVolcable2 / RicVolcable1;AYM824
EMG070;10;7;San Lorenzo;SLZTK400;
DTV765;10;10;San Lorenzo;SLZSalidaC1Fte;
AG128YL;10;8;San Lorenzo;SLZSalidaC1Fte / SLZSalidaC2Fte;
AA834RT;10;5;San Lorenzo;SLZSalidaC2Fte / SLZBalSC1Fte / SLZSalidaC1Fte;
AA689GI;10;6;Ricardone y San Lorenzo;SLZSalidaC1Fte / SLZBalSC1Fte / SLZSalidaC2Fte;
MSE380;10;6;Ricardone y San Lorenzo;SLZSalidaC2Fte / SLZSalidaC1Fte / RicB3Ingreso;
PFA290;10;6;San Lorenzo;SLZSalidaC2Fte / SLZSalidaC1Fte;
AF674BB;10;5;San Lorenzo;SLZSalidaC2Fte / SLZTK400 / SLZSalidaC1Fte;
CKO212;9;7;Ricardone y San Lorenzo;SLZBalIngFte / SLZSalidaC1Fte / RicCalLiq;CKQ212
AD373WR;9;7;San Lorenzo;SLZSalidaC1Fte / SLZSalidaC2Fte;
AC656IE;9;5;Ricardone y San Lorenzo;RicB3Ingreso / RicB2Egreso / SLZSalidaC1Fte;
AG650EO;9;7;San Lorenzo;SLZSalidaC2Fte / SLZSalidaC1Fte / SLZBalSC1Fte;
DTY765;9;8;San Lorenzo;SLZSalidaC1Fte / SLZTK400 / SLZBalSC1Fte;
AG644XU;9;4;Ricardone;RicB3Ingreso / RicB3Egreso / RicB2Egreso;
FFU870;8;6;San Lorenzo;SLZIngCamFrente / SLZCalado / SLZBalIngFte;FFU874
AD231LC;8;4;San Lorenzo;SLZSalidaC2Fte / SLZBalSC1Fte / SLZSalidaC1Fte;
AG275GX;8;6;Ricardone y San Lorenzo;SLZSalidaC2Fte / SLZSalidaC1Fte / RicB3Ingreso;
JZW724;8;7;Ricardone y San Lorenzo;RicB3Ingreso / RicB3Egreso / SLZSalidaC2Fte;
AF292IS;8;4;San Lorenzo;SLZSalidaC2Fte / SLZTK400 / SLZSalidaC1Fte;
AG408SM;8;6;Ricardone y San Lorenzo;SLZSalidaC1Fte / SLZSalidaC2Fte / RicB3Ingreso;
GZT868;8;5;San Lorenzo;SLZCalado / SLZSalidaC1Fte / SLZTK400;GZI868
AE882UD;8;6;Ricardone y San Lorenzo;SLZSalidaC2Fte / SLZSalidaC1Fte / RicB3Ingreso;AE882UL
AG294KA;8;6;Ricardone y San Lorenzo;SLZSalidaC2Fte / SLZSalidaC1Fte / RicB3Ingreso;
AH185MZ;8;7;Ricardone y San Lorenzo;RicB3Ingreso / RicB3Egreso / SLZSalidaC2Fte;
AE937SG;8;7;San Lorenzo;SLZSalidaC1Fte / SLZSalidaC2Fte;
AC338MH;8;7;San Lorenzo;SLZSalidaC2Fte;
AH540BR;8;7;San Lorenzo;SLZSalidaC1Fte / SLZSalidaC2Fte;
IPV223;8;8;San Lorenzo;SLZTK400;
KOU371;8;4;San Lorenzo;SLZSalidaC2Fte / SLZTK400 / SLZSalidaC1Fte;
OOY184;7;5;Ricardone y San Lorenzo;RicPreIngInFr / RicEgrCamFrente / SLZSalidaC1Fte;OQY184
POK206;7;5;San Lorenzo;SLZTK400 / SLZBalLiq2b / SLZBalLiq2a;
AH763WD;7;5;Ricardone y San Lorenzo;SLZSalidaC1Fte / SLZSalidaC2Fte / RicB3Ingreso;AH763FD
AD468VC;7;4;Ricardone y San Lorenzo;SLZSalidaC2Fte / SLZSalidaC1Fte / SLZBalSC1Fte;AD468VV
DIY765;7;6;San Lorenzo;SLZSalidaC1Fte / SLZTK400;
KIZ415;7;6;San Lorenzo;SLZTK400 / SLZSalidaC2Fte / SLZSalidaC1Fte;
GIH043;7;5;San Lorenzo;SLZCalado / SLZSalidaC1Fte / SLZBalIngFte;GJH043
AE747HZ;7;5;San Lorenzo;SLZBalSC1Fte / SLZSalidaC2Fte / SLZSalidaC1Fte;
AI456GB;7;7;San Lorenzo;SLZSalidaC2Fte / SLZSalidaC1Fte;
AE580ZP;7;5;San Lorenzo;SLZSalidaC2Fte / SLZSalidaC1Fte;
AE827VZ;7;7;San Lorenzo;SLZSalidaC1Fte / SLZSalidaC2Fte;
AH149NK;7;5;San Lorenzo;SLZSalidaC2Fte / SLZSalidaC1Fte;
AF277LC;7;4;San Lorenzo;SLZTK400 / SLZSalidaC2Fte;
AC169LG;7;5;San Lorenzo;SLZSalidaC2Fte / SLZSalidaC1Fte / SLZTK400;
AH933LO;7;6;Ricardone y San Lorenzo;SLZSalidaC1Fte / SLZSalidaC2Fte / RicB3Ingreso;
AH090IH;7;6;San Lorenzo;SLZSalidaC1Fte / SLZSalidaC2Fte;
AYK824;7;4;Ricardone;RicVolcable1 / RicVolcable2 / RicS7Carga;AYM824
AC529RF;7;6;San Lorenzo;SLZSalidaC1Fte;
AF174BB;7;5;San Lorenzo;SLZSalidaC1Fte;
AH049ID;7;4;Ricardone y San Lorenzo;SLZSalidaC2Fte / SLZSalidaC1Fte / RicB3Ingreso;
IAC436;6;4;Ricardone y San Lorenzo;RicPreIngInFr / SLZIngCamFrente / SLZVolcableC2;TAC436
UFW705;6;4;Ricardone;RicS6Playa3 / RicS8CargaLinea2 / RicEgrCamFrente;UPW705
DHI283;6;3;Ricardone y San Lorenzo;SLZBalIngFte / RicEgrCamFrente / SLZIngCamFrente;OHI283
EDO876;6;3;Ricardone y San Lorenzo;SLZIngCamFrente / RicS8CargaLinea2 / RicEgrCamFrente;EDQ876
AF705QL;6;5;San Lorenzo;SLZSalidaC1Fte / SLZSalidaC2Fte;
AD545MJ;6;3;San Lorenzo;SLZTK400 / SLZSalidaC2Fte / SLZSalidaC1Fte;
AWW311;6;5;San Lorenzo;SLZTK400;
AD049SR;6;5;Ricardone y San Lorenzo;SLZSalidaC1Fte / RicB3Ingreso / SLZTK400;
AF316PR;6;5;San Lorenzo;SLZSalidaC2Fte;
JBF932;6;4;San Lorenzo;SLZBalSC1Fte / SLZSalidaC2Fte / SLZSalidaC1Fte;
ONS723;6;5;Ricardone y San Lorenzo;SLZSalidaC2Fte / SLZSalidaC1Fte / SLZBalSC1Fte;
AG575TD;6;6;San Lorenzo;SLZSalidaC2Fte / SLZTK400 / SLZSalidaC1Fte;
DVT968;6;5;Ricardone y San Lorenzo;SLZSalidaC1Fte / RicB3Egreso / RicB3Ingreso;
UPM705;6;4;Ricardone y San Lorenzo;RicPreIngInFr / RicEgrCamFrente / SLZVolcableC5;UPW705
AF778ZI;6;6;Ricardone y San Lorenzo;SLZSalidaC1Fte / RicB2Egreso / SLZSalidaC2Fte;
AF042JP;6;4;San Lorenzo;SLZSalidaC1Fte / SLZSalidaC2Fte;
AF738XZ;6;6;San Lorenzo;SLZSalidaC2Fte / SLZSalidaC1Fte;
KZS251;6;6;San Lorenzo;SLZSalidaC1Fte / SLZSalidaC2Fte;
AF211CP;6;5;San Lorenzo;SLZSalidaC1Fte;
DJG112;6;5;Ricardone y San Lorenzo;SLZSalidaC1Fte / RicS6Playa3 / RicEgrCamFrente;VJG112
GKX840;6;4;San Lorenzo;SLZTK400;
AB544UW;6;3;San Lorenzo;SLZTK400 / SLZSalidaC1Fte;
VUZ771;6;5;San Lorenzo;SLZTK400;
AG270UK;6;4;San Lorenzo;SLZSalidaC2Fte / SLZSalidaC1Fte;
LJB988;6;5;San Lorenzo;SLZBalSC1Fte / SLZSalidaC1Fte / SLZSalidaC2Fte;
FHS233;6;3;Ricardone y San Lorenzo;SLZSalidaC1Fte / SLZVolcableC4 / RicCalLiq;EHS233
MHR567;5;3;Ricardone y San Lorenzo;RicPreIngInFr / SLZIngCamFrente / SLZVolcableC4;WHR567
LML423;5;5;Ricardone y San Lorenzo;RicS8CargaLinea2 / SLZBalIngFte / SLZVolcableC3;
MHL423;5;4;Ricardone;RicPreIngInFr;VHL423
COV979;5;3;San Lorenzo;SLZVolcableC4;CGV979
AD686SH;5;5;San Lorenzo;SLZSalidaC1Fte / SLZSalidaC2Fte;
AG066KT;5;5;San Lorenzo;SLZSalidaC2Fte / SLZSalidaC1Fte;
AG692JE;5;5;San Lorenzo;SLZSalidaC1Fte / SLZSalidaC2Fte;
LVA495;5;5;Ricardone;RicEgrCamFrente;
AC297UX;5;4;Ricardone y San Lorenzo;SLZSalidaC2Fte / RicB3Ingreso;
OTV795;5;5;San Lorenzo;SLZBalLiq2b / SLZBalLiq1b;
AF790CA;5;5;San Lorenzo;SLZSalidaC2Fte / SLZBalSC1Fte;
IWX998;5;4;Ricardone;RicS8CargaLinea2 / RicCal04 / RicEgrCamFrente;UWX998
FQI716;5;5;Ricardone y San Lorenzo;RicB2Egreso / SLZTK400 / SLZSalidaC1Fte;
AF261AQ;5;4;San Lorenzo;SLZSalidaC1Fte / SLZSalidaC2Fte;
OJD501;5;4;San Lorenzo;SLZSalidaC2Fte / SLZSalidaC1Fte;
OSY724;5;4;Ricardone y San Lorenzo;SLZBalSC1Fte / SLZSalidaC2Fte / SLZSalidaC1Fte;
VXH483;5;5;San Lorenzo;SLZTK400;
AF969BJ;5;4;San Lorenzo;SLZTK400 / SLZSalidaC2Fte / SLZSalidaC1Fte;
NXH113;5;4;Ricardone y San Lorenzo;RicB3Ingreso / RicB3Egreso / SLZSalidaC2Fte;
AB697TJ;5;3;San Lorenzo;SLZSalidaC1Fte / SLZSalidaC2Fte;
AA160DQ;5;5;Ricardone;RicEgrCamFrente;
AF211GP;5;5;San Lorenzo;SLZSalidaC1Fte;
OVT968;5;5;Ricardone y San Lorenzo;SLZSalidaC1Fte / RicB3Ingreso / SLZTK400;
AE772KD;5;5;San Lorenzo;SLZSalidaC1Fte / SLZSalidaC2Fte;AE772ID
AD337WP;5;3;San Lorenzo;SLZBalLiq2a / SLZBalLiq2b / SLZBalSC1Fte;
TUL425;5;4;Ricardone y San Lorenzo;SLZSalidaC1Fte / RicS6Playa3;UUL425
AB148YJ;5;4;San Lorenzo;SLZSalidaC1Fte / SLZSalidaC2Fte;AB148YV
OOI074;5;3;San Lorenzo;SLZTK400;
AI276FZ;5;4;San Lorenzo;SLZSalidaC2Fte / SLZTK400 / SLZSalidaC1Fte;
HGV982;4;3;Ricardone y San Lorenzo;SLZVolcableC3 / SLZVolcableC4 / RicB2Egreso;RGV982
HAW481;4;4;San Lorenzo;SLZVolcableC4 / SLZIngCamFrente;RAW481
IVH101;4;3;Ricardone y San Lorenzo;SLZIngCamFrente / RicPreIngInFr;TVH101
RGV902;4;4;San Lorenzo;SLZBalIngFte / SLZIngCamFrente;RGV982
IIH255;4;3;Ricardone y San Lorenzo;SLZIngCamFrente / RicEgrCamFrente;DIH255
LHL423;4;3;Ricardone y San Lorenzo;SLZIngCamFrente / RicCalLiq / RicCal03;VHL423
FIH917;4;4;San Lorenzo;SLZIngCamFrente;FDH917
AE561XN;4;3;San Lorenzo;SLZSalidaC2Fte / SLZSalidaC1Fte;
AA834RS;4;2;San Lorenzo;SLZBalSC1Fte / SLZSalidaC2Fte / SLZSalidaC1Fte;
OEH303;4;3;San Lorenzo;SLZTK400 / SLZSalidaC1Fte / SLZSalidaC2Fte;
AG978PR;4;3;San Lorenzo;SLZSalidaC2Fte / SLZSalidaC1Fte / SLZTK400;
AA101HW;4;2;Ricardone y San Lorenzo;SLZTK400 / SLZSalidaC2Fte / SLZBalLiq1a;
AH785SE;4;3;Ricardone;RicS6Playa3 / RicB3Ingreso / RicB3Egreso;
CTE516;4;4;Ricardone y San Lorenzo;RicS6Playa3 / RicCalLiq / SLZSalidaC1Fte;CIE516
AB449JK;4;2;Ricardone y San Lorenzo;SLZBalSC1Fte / SLZSalidaC2Fte / RicB3Ingreso;
AH335AJ;4;4;San Lorenzo;SLZSalidaC2Fte / SLZSalidaC1Fte;
RTA146;4;3;Ricardone;RicB2Egreso / RicPreIngInFr / RicS6Playa3;RIA146
AA612YW;4;3;Ricardone;RicB3Ingreso / RicB3Egreso;
LAE877;4;4;Ricardone;RicS6Playa3 / RicPreIngInFr / RicS8CargaLinea2;AAE877
AC598IN;4;4;San Lorenzo;SLZSalidaC2Fte;
UJG112;4;4;Ricardone y San Lorenzo;SLZIngCamFrente / RicIngCamFrente / SLZBalIngFte;VJG112
AF416TN;4;4;San Lorenzo;SLZSalidaC2Fte;
UPW715;4;4;Ricardone y San Lorenzo;RicS6Playa3 / RicPreIngInFr / RicEgrCamFrente;UPW705
LJY070;4;2;San Lorenzo;SLZSalidaC2Fte / SLZSalidaC1Fte;
AH775AW;4;3;San Lorenzo;SLZSalidaC2Fte / SLZSalidaC1Fte;
DFP718;4;3;San Lorenzo;SLZVolcableC4;DFP716
AF809MO;4;4;San Lorenzo;SLZSalidaC2Fte / SLZSalidaC1Fte;
AA208QH;4;3;San Lorenzo;SLZBalLiq1a / SLZTK400;
HXD643;4;3;Ricardone y San Lorenzo;SLZTK400 / RicB1Egreso;
NSV789;4;2;San Lorenzo;SLZTK400;
AE228GK;4;3;Ricardone y San Lorenzo;SLZSalidaC1Fte / SLZSalidaC2Fte / RicB3Ingreso;
CMV335;4;3;San Lorenzo;SLZTK400;
AF846JG;4;3;San Lorenzo;SLZSalidaC2Fte / SLZSalidaC1Fte;
AA678OF;4;4;San Lorenzo;SLZSalidaC2Fte / SLZSalidaC1Fte;
AF566DP;4;3;San Lorenzo;SLZTK400;
FAF824;4;2;San Lorenzo;SLZSalidaC1Fte;
AF795WH;4;4;San Lorenzo;SLZSalidaC2Fte / SLZSalidaC1Fte;
DCB815;4;4;San Lorenzo;SLZSalidaC2Fte;
PFL789;3;2;San Lorenzo;SLZBalIngFte / SLZIngCamFrente;GFL789
DVS300;3;2;Ricardone;RicCal04;BVS300
DVB300;3;2;San Lorenzo;SLZVolcableC4;
OTV755;3;3;Ricardone y San Lorenzo;RicB2Egreso / SLZBalLiq2b / SLZBalLiq1a;
AC514IN;3;3;San Lorenzo;SLZSalidaC1Fte;
AYM828;3;3;Ricardone;RicS7Carga / RicVolcable2;AYM824
ECL370;3;3;San Lorenzo;SLZTK400;
HIP812;3;2;Ricardone;RicPreIngInFr / RicCal03 / RicEgrCamFrente;
AE040HT;3;3;San Lorenzo;SLZSalidaC2Fte / SLZSalidaC1Fte / SLZBalSC1Fte;
AD799SU;3;2;San Lorenzo;SLZSalidaC1Fte / SLZBalSC1Fte;
OGR440;3;2;Ricardone;RicPreIngInFr / RicB2Egreso;DGR440
EVW985;3;3;Ricardone y San Lorenzo;SLZSalidaC2Fte / SLZSalidaC1Fte / RicVolcable2;EVW965
AC297IX;3;3;Ricardone;RicB3Ingreso / RicEgrCamFrente;
AH931DD;3;3;Ricardone;RicB3Ingreso / RicB3Egreso;
AC297HX;3;2;Ricardone;RicB3Ingreso;
AC797HX;3;3;Ricardone;RicB3Ingreso;
HTK722;3;3;Ricardone y San Lorenzo;SLZSalidaC2Fte / SLZSalidaC1Fte / RicB3Ingreso;
OHT283;3;3;Ricardone y San Lorenzo;RicS8CargaLinea2 / SLZBalIngFte;OHI283
AH166IX;3;2;San Lorenzo;SLZSalidaC2Fte / SLZSalidaC1Fte;
AD052ZD;3;3;Ricardone;RicB3Ingreso / RicB3Egreso;
AF378MD;3;3;Ricardone y San Lorenzo;RicB3Ingreso / RicB3Egreso / SLZSalidaC1Fte;
GKI406;3;3;San Lorenzo;SLZTK400;
TWX998;3;3;San Lorenzo;SLZSalidaC1Fte;UWX998
TQC436;3;2;Ricardone;RicCal03;TAC436
MML423;3;3;San Lorenzo;SLZBalIngFte / SLZIngCamFrente;
FDH817;3;3;San Lorenzo;SLZVolcableC3;FDH917
AAF877;3;2;Ricardone y San Lorenzo;RicB2Egreso / SLZBalIngFte;AAE877
IUL425;3;3;San Lorenzo;SLZIngCamFrente;UUL425
AG767CT;3;2;San Lorenzo;SLZSalidaC1Fte / SLZSalidaC2Fte;
AA492OU;3;3;San Lorenzo;SLZTK400 / SLZSalidaC1Fte;
AC956KY;3;2;Ricardone;RicS6Playa3 / RicB3Egreso / RicB3Ingreso;
VJG712;3;3;Ricardone y San Lorenzo;SLZIngCamFrente / RicEgrCamFrente;VJG112
AF638KW;3;2;Ricardone y San Lorenzo;SLZSalidaC1Fte / RicB3Ingreso / SLZTK400;
AH733KN;3;3;Ricardone y San Lorenzo;SLZSalidaC2Fte / SLZTK400 / SLZSalidaC1Fte;
MVG273;3;3;Ricardone;RicB3Ingreso / RicB3Egreso / RicB2Egreso;
HHL273;3;3;San Lorenzo;SLZSalidaC2Fte / SLZSalidaC1Fte / SLZTK400;
GGV979;3;2;Ricardone y San Lorenzo;SLZBalIngFte / RicCalLiq / RicCal04;CGV979
HMZ336;3;3;San Lorenzo;SLZIngCamFrente;
AG910VZ;3;2;San Lorenzo;SLZSalidaC2Fte / SLZSalidaC1Fte / SLZBalSC1Fte;
DPT309;3;2;Ricardone;RicVolcable1 / RicCal01 / RicVolcable2;DPI309
VUB780;3;4;Ricardone;RicB2Egreso / RicPreIngInFr / RicCal04;VDB780
RGV582;3;2;Ricardone y San Lorenzo;SLZSalidaC1Fte / RicS8CargaLinea2;RGV982
AB473FA;3;1;Ricardone;RicPreIngInFr / RicCal03 / RicEgrCamFrente;
CIF516;3;3;Ricardone y San Lorenzo;RicPreIngInFr / RicS6Playa3 / SLZVolcableC4;CIE516
AMY077;3;2;Ricardone;RicPreIngInFr / RicCal03 / RicEgrCamFrente;
CJG112;3;3;Ricardone y San Lorenzo;SLZBalIngFte / RicCalLiq;VJG112
OUO981;3;2;Ricardone;RicS7Carga / RicVolcable1;UUO981
SAI582;3;3;Ricardone y San Lorenzo;RicS6Playa3 / SLZIngCamFrente;SAT582
AB311GW;3;2;Ricardone;RicPreIngInFr / RicEgrCamFrente;
JDW961;3;2;San Lorenzo;SLZTK400;
AA727AN;3;3;Ricardone y San Lorenzo;RicB3Egreso / RicB3Ingreso / SLZSalidaC2Fte;
AH793XT;3;3;San Lorenzo;SLZSalidaC2Fte / SLZSalidaC1Fte;
AGR983;3;3;San Lorenzo;RenCargFte / SLZBalIngFte / SLZCalado;AGR963
AG361MX;3;2;San Lorenzo;SLZSalidaC2Fte / SLZSalidaC1Fte;
AF598YO;3;2;San Lorenzo;SLZSalidaC2Fte / SLZSalidaC1Fte;
RQN827;3;3;San Lorenzo;SLZTK400;
HIR922;3;3;San Lorenzo;SLZSalidaC2Fte / SLZTK400;
HLT270;3;3;Ricardone y San Lorenzo;RicB3Ingreso / RicB3Egreso / SLZSalidaC2Fte;
TAU150;3;2;San Lorenzo;SLZVolcableC4;TAO150
RXV005;3;3;San Lorenzo;SLZVolcableC4;RXV065
AH859DF;3;2;San Lorenzo;SLZSalidaC2Fte / SLZSalidaC1Fte / SLZTK400;
JLQ557;3;2;San Lorenzo;SLZSalidaC1Fte / SLZSalidaC2Fte;