patente;viajes;dias;max24hViajes;max24hDesde;max24hHasta;max24hEntreCargasHoras;jornadas;horasJornadas;jornadaMaxHoras;jornadaMaxViajes;jornadaMaxDesde;jornadaMaxHasta;jornadasMas12h;jornadasMas15h;minRicardone;minManejando;minFilaPuerto;minDescargaSalida;minVuelta;pctFilaPuerto;pctManejando;flete;fletePorHora;conCamara
RAW481;15;5;5;30/09 08:09;01/10 06:29;6;3;78,3;41,2;7;30/09 07:53;02/10 01:04;3;3;92;49;199;22;362;55;14;2700000;34464;8
UWX998;15;5;5;30/09 07:36;01/10 04:03;6,1;3;73,1;37;7;30/09 07:34;01/10 20:34;3;3;66;33;125;18;242;52;14;2700000;36919;7
FDH917;14;5;5;30/09 08:14;01/10 06:30;6;3;76,2;41,2;7;30/09 07:55;02/10 01:08;3;2;78;31;206;21;336;61;9;2520000;33083;13
BVS300;14;5;5;30/09 07:35;01/10 03:57;6,1;3;70;39;7;30/09 07:34;01/10 22:35;3;3;66;32;178;17;293;61;11;2520000;35976;13
VAJ028;14;5;5;30/09 11:17;01/10 09:16;6;3;69,3;33,7;6;30/09 11:15;01/10 20:55;3;3;69;41;188;16;314;60;13;2520000;36390;14
EYH843;13;5;5;30/09 13:02;01/10 12:38;6,4;3;68,2;36,1;6;30/09 13:01;02/10 01:05;3;3;95;32;179;17;323;55;10;2340000;34299;13
VJG112;12;5;5;30/09 12:24;01/10 12:07;6,4;3;65,5;36,1;6;30/09 12:24;02/10 00:28;3;2;101;39;164;21;325;50;12;2160000;33000;6
UKL882;12;5;5;30/09 10:04;01/10 06:05;6;4;60,5;25,2;5;30/09 10:03;01/10 11:12;3;1;90;36;186;13;325;57;11;2160000;35725;11
UUL425;11;3;5;30/09 08:34;01/10 07:26;5,8;2;61;42,5;7;30/09 08:33;02/10 03:02;2;2;106;34;169;28;337;50;10;1980000;32449;10
EEW075;11;5;5;30/09 07:39;01/10 04:22;5,8;3;57,8;39,2;7;30/09 07:39;01/10 22:50;2;2;81;27;207;12;327;63;8;1980000;34256;8
CKQ212;11;5;4;30/09 07:48;01/10 08:38;13,7;4;54,2;17,6;3;01/10 07:35;02/10 01:09;3;2;78;41;194;15;328;59;13;1980000;36537;10
GES056;10;3;5;30/09 08:20;01/10 07:26;6;2;54;41,7;7;30/09 07:57;02/10 01:38;2;1;91;35;155;19;300;52;12;1800000;33363;10
RXV065;10;3;5;30/09 09:40;01/10 08:01;5,6;2;54,3;41,2;7;30/09 09:39;02/10 02:50;2;1;86;33;169;28;316;53;10;1800000;33151;10
UUO981;10;4;3;26/09 06:20;26/09 14:59;4,1;4;53,1;19,3;3;01/10 07:56;02/10 03:15;2;2;85;42;182;15;324;56;13;1800000;33924;10
CGV979;10;5;4;30/09 22:43;01/10 18:05;6,8;4;52,4;17,2;3;24/09 18:33;25/09 11:47;2;1;93;30;157;17;297;53;10;1800000;34344;8
RLP943;9;4;5;30/09 13:02;01/10 12:27;6,3;2;52,3;35,6;6;30/09 13:00;02/10 00:33;2;2;89;34;234;18;375;62;9;1620000;30997;9
DFP716;9;4;5;30/09 16:17;01/10 14:43;6;3;50,7;28,3;5;30/09 16:16;01/10 20:33;2;2;65;35;245;18;363;67;10;1620000;31930;9
RDL445;9;4;4;30/09 07:37;01/10 08:31;14,4;4;43,4;19,1;3;01/10 07:14;02/10 02:22;2;1;81;28;155;14;278;56;10;1620000;37290;8
AZG422;9;4;4;30/09 10:47;01/10 10:06;10,4;4;47,2;15,8;3;30/09 10:46;01/10 02:33;3;1;80;33;187;14;314;60;11;1620000;34296;6
CIE516;8;3;5;30/09 07:38;01/10 05:19;5,9;2;41,4;37,8;7;30/09 07:36;01/10 21:26;1;1;73;32;170;19;294;58;11;1440000;34748;4
TVH101;8;4;4;30/09 10:28;01/10 09:30;10,6;3;49,3;19,9;3;24/09 18:10;25/09 14:04;3;2;75;33;260;16;384;68;9;1440000;29195;8
BHL749;8;4;3;30/09 08:13;30/09 21:57;6,9;5;57,4;19,3;1;24/09 18:22;25/09 13:37;2;2;81;43;197;18;339;58;13;1440000;25088;7
VRA989;8;4;4;24/09 18:14;25/09 08:02;4,5;3;38,1;18,8;4;24/09 18:14;25/09 13:02;1;1;86;30;193;17;326;59;9;1440000;37751;4
DGR440;8;4;3;30/09 07:54;30/09 20:47;5,5;4;41,3;16,3;3;30/09 07:52;01/10 00:12;1;1;88;48;172;24;332;52;14;1440000;34904;6
CRJ139;8;3;4;26/09 06:14;26/09 17:07;3,9;3;38,7;14,4;4;26/09 06:13;26/09 20:35;2;0;75;33;174;17;299;58;11;1440000;37169;8
EBO971;7;2;5;30/09 09:10;01/10 08:15;6,1;1;40,7;40,7;7;30/09 09:09;02/10 01:51;1;1;88;41;219;22;370;59;11;1260000;30952;7
RRE349;7;2;5;30/09 09:40;01/10 08:28;6,3;1;40,7;40,7;7;30/09 09:38;02/10 02:23;1;1;78;33;252;16;379;66;9;1260000;30924;7
RYJ562;7;4;4;30/09 22:22;01/10 16:32;6,4;2;39,9;23,6;4;30/09 22:20;01/10 21:56;2;2;94;34;242;17;387;63;9;1260000;31610;7
TAC436;7;3;3;26/09 06:12;26/09 16:33;5;3;34,1;14,5;3;30/09 07:33;30/09 22:01;2;0;83;34;130;21;268;49;13;1260000;36999;7
UPW705;7;4;3;24/09 20:03;25/09 06:27;6;3;37,3;14,2;3;24/09 20:03;25/09 10:12;2;0;62;39;222;22;345;64;11;1260000;33784;2
RNM392;7;4;3;30/09 08:30;01/10 09:45;18,4;4;39,6;13,7;2;01/10 08:07;01/10 21:52;1;0;91;39;204;19;353;58;11;1260000;31857;7
CGS172;7;4;3;30/09 08:06;01/10 07:27;17,1;4;36,3;11,9;2;01/10 06:05;01/10 18:01;0;0;87;35;186;16;324;57;11;1260000;34704;7
UYM942;7;4;3;30/09 10:33;01/10 08:47;16;4;34,3;10,9;2;30/09 10:33;30/09 21:24;0;0;88;33;162;16;299;54;11;1260000;36768;3
BWV144;6;2;5;30/09 15:36;01/10 13:48;6,2;1;34,4;34,4;6;30/09 15:35;02/10 02:01;1;1;79;30;224;19;352;64;9;1080000;31357;6
UER485;6;2;5;30/09 12:23;01/10 11:39;6,7;1;33,6;33,6;6;30/09 12:21;01/10 22:00;1;1;67;35;257;19;378;68;9;1080000;32105;5
EHS233;6;2;5;30/09 14:39;01/10 13:29;6,4;1;33,6;33,6;6;30/09 14:17;01/10 23:55;1;1;83;36;238;;;;;1080000;32117;5
RGV982;6;3;3;24/09 20:54;25/09 07:22;5,2;2;28,1;15,2;3;24/09 20:54;25/09 12:04;2;1;80;40;154;18;292;53;14;1080000;38443;4
TAO150;5;2;5;30/09 12:25;01/10 15:12;6,2;1;33,2;33,2;5;30/09 12:25;01/10 21:35;1;1;154;57;186;22;419;44;14;900000;27134;4
RKS646;5;2;5;30/09 16:51;01/10 17:15;6,3;1;30,3;30,3;5;30/09 16:50;01/10 23:10;1;1;70;25;252;25;372;68;7;900000;29674;5
JPZ027;5;2;5;30/09 17:41;01/10 17:46;6,1;1;30,2;30,2;5;30/09 17:40;01/10 23:52;1;1;74;31;247;16;368;67;8;900000;29798;5
SAT582;5;2;5;30/09 11:21;01/10 10:26;6,3;1;27,5;27,5;5;30/09 11:19;01/10 14:50;1;1;57;35;242;15;349;69;10;900000;32715;5
ROS380;5;3;4;24/09 18:19;25/09 11:34;6;2;25,1;21,3;4;24/09 18:18;25/09 15:35;1;1;98;28;165;23;314;53;9;900000;35804;5
OHI283;5;3;4;24/09 18:06;25/09 07:24;5,4;2;23;17,1;4;24/09 18:05;25/09 11:09;1;1;82;27;105;21;235;45;11;900000;39144;3
EVL273;5;3;3;24/09 19:21;25/09 06:09;6,3;2;29,2;16,1;3;24/09 19:20;25/09 11:27;2;1;86;39;227;12;364;62;11;900000;30823;4
VHL423;5;3;3;24/09 21:33;25/09 07:42;5,3;2;23,9;15,1;3;24/09 21:33;25/09 12:41;1;1;70;37;179;21;307;58;12;900000;37707;4
AAE877;5;2;3;26/09 08:16;26/09 16:59;3,8;2;23,4;12,5;3;26/09 08:16;26/09 20:44;1;0;75;27;99;20;221;45;12;900000;38407;2
DTG181;4;2;4;30/09 12:50;01/10 13:44;6,1;1;32,6;32,6;4;30/09 12:49;01/10 21:27;1;1;243;51;207;13;514;40;10;720000;22060;4
EDQ876;4;2;4;24/09 18:18;25/09 10:36;6,1;1;21;21;4;24/09 18:17;25/09 15:19;1;1;78;30;265;21;394;67;8;720000;34229;4
WIU141;4;2;4;24/09 18:15;25/09 09:44;5,8;1;20,4;20,4;4;24/09 18:15;25/09 14:38;1;1;37;46;272;16;371;73;12;720000;35309;3
GFL789;4;2;4;24/09 18:18;25/09 10:59;6;1;20,4;20,4;4;24/09 18:17;25/09 14:44;1;1;173;27;195;20;415;47;7;720000;35228;2
DIH255;4;2;4;24/09 18:13;25/09 07:52;4,7;1;18,7;18,7;4;24/09 18:12;25/09 12:56;1;1;75;43;271;18;407;67;11;720000;38417;4
GLK802;4;2;4;24/09 18:12;25/09 07:47;4,7;1;18,6;18,6;4;24/09 18:11;25/09 12:48;1;1;83;48;153;25;309;50;16;720000;38667;4
WHR567;4;3;3;24/09 19:14;25/09 06:00;6;2;23,5;15,9;3;24/09 19:14;25/09 11:08;1;1;59;;;17;;;;720000;30595;3
AYB759;4;3;2;26/09 12:20;26/09 17:23;3,8;3;20,3;8,4;2;26/09 12:19;26/09 20:45;0;0;97;33;172;20;322;53;10;720000;35396;4
AYM824;3;2;3;24/09 19:59;25/09 06:16;6;1;14,1;14,1;3;24/09 19:55;25/09 10:01;1;0;100;29;;;;;;540000;38331;2
CFQ560;3;2;2;30/09 09:41;30/09 16:39;5,7;2;18,2;10,7;2;30/09 09:41;30/09 20:24;0;0;131;42;270;28;471;57;9;540000;29672;1
ECX249;3;2;2;30/09 07:36;30/09 12:37;4,3;2;14,8;9;2;30/09 07:36;30/09 16:35;0;0;45;33;173;16;267;65;12;540000;36376;3
XBL711;2;1;2;01/10 09:23;01/10 16:35;6;1;13;13;2;01/10 09:23;01/10 22:24;1;0;;;;20;;;;360000;27637;1
HNE318;2;1;2;01/10 12:49;01/10 20:41;5,8;1;11,6;11,6;2;01/10 12:48;02/10 00:26;0;0;94;22;245;17;378;65;6;360000;30970;2
KDE342;2;1;2;26/09 10:50;26/09 16:47;4,8;1;9,3;9,3;2;26/09 10:50;26/09 20:07;0;0;73;38;;;;;;360000;38719;1
CTA045;2;1;2;26/09 10:59;26/09 16:22;3,9;1;8,7;8,7;2;26/09 10:59;26/09 19:38;0;0;89;35;145;11;280;52;13;360000;41553;2
RQC013;1;1;1;24/09 19:18;24/09 22:12;0;1;6,7;6,7;1;24/09 19:18;25/09 01:57;0;0;;;;;;;;180000;27068;0
OYX549;1;1;1;26/09 18:20;26/09 20:34;0;1;3,9;3,9;1;26/09 18:20;26/09 22:13;0;0;;100;60;23;;;;180000;46229;1
AA087XZ;1;1;1;24/09 18:07;24/09 19:54;0;1;3,4;3,4;1;24/09 18:06;24/09 21:29;0;0;107;41;38;39;225;17;18;180000;53216;1