planta,punto,codigo,esperados,leidos,pct,esperados_dia,leidos_dia,pct_dia,esperados_noche,leidos_noche,pct_noche,solo_trasera
ricardone,Ingreso,S0,3581,2818,78.7,1677,1554,92.7,1904,1264,66.4,7
ricardone,Preingreso,S1,3581,3268,91.3,1679,1580,94.1,1902,1688,88.7,6
ricardone,Calada,S2,3581,3160,88.2,1710,1556,91,1871,1604,85.7,0
ricardone,Balanza ingreso,S4,716,582,81.3,334,262,78.4,382,320,83.8,0
ricardone,Playa 3,S6,660,483,73.2,325,261,80.3,335,222,66.3,0
ricardone,Silo Keppler,S7,35,29,82.9,15,13,86.7,20,16,80,0
ricardone,Volcable 1,S9,390,368,94.4,178,169,94.9,212,199,93.9,0
ricardone,Volcable 2,S9,143,110,76.9,75,60,80,68,50,73.5,0
ricardone,Balanza egreso,S4,716,582,81.3,346,289,83.5,370,293,79.2,0
ricardone,Salida 2,S3,2957,2408,81.4,1377,1297,94.2,1580,1111,70.3,11
san_lorenzo,Ingreso,S0,3247,2898,89.3,1549,1465,94.6,1698,1433,84.4,7
san_lorenzo,Calada,S2,311,195,62.7,227,162,71.4,84,33,39.3,0
san_lorenzo,Balanza ingreso,S1,3247,2736,84.3,1510,1434,95,1737,1302,75,133
san_lorenzo,Carga OSL,S10,238,170,71.4,169,130,76.9,69,40,58,0
san_lorenzo,Volcables,S4,2865,1998,69.7,1204,1118,92.9,1661,880,53,0
san_lorenzo,Carga y descarga,S6,66,47,71.2,47,37,78.7,19,10,52.6,0
san_lorenzo,Balanza egreso,S5,3247,1538,47.4,1424,1041,73.1,1823,497,27.3,7
san_lorenzo,Renova,S8,7,2,28.6,7,2,28.6,0,0,,0
san_lorenzo,Egreso,S7,3247,2908,89.6,1439,1349,93.7,1808,1559,86.2,10