journey_key,journey_parts,nivel,origen,plate,circuito_code,circuito_label,clasificacion,motivo,eventos,inicio_at,fin_at,total_min,coverage_percent,secuencia_observada,planta_origen,tiene_contrato
ccea5f6a-027__f70fe778-76f,ccea5f6a-027;f70fe778-76f,D',CLASIFICADO,BFL279,R7,Ricardone → San Lorenzo,DEDUCIDO,RIC_REINGRESO_RAPIDO_NO_PELLET,5,,,,80,PREINGRESO>CALADA>EGRESO>INGRESO>EGRESO,UNKNOWN,SI
28d0c833-82c__8d745351-ddd,28d0c833-82c;8d745351-ddd,D',CLASIFICADO,TDQ017,R8,Recepción Mercadería Líquida,DEDUCIDO,SL_RIC_2H_CICLO_COMPLETO_NO_PELLET,8,,,,63,INGRESO>PREINGRESO>LIQUIDO>SL_BALANZA_INGRESO>SL_EGRESO>INGRESO>PREINGRESO>EGRESO,UNKNOWN,SI
d170ce94-3fb__e29dbf3d-e33,d170ce94-3fb;e29dbf3d-e33,D',CLASIFICADO,HRC448,R7,Ricardone → San Lorenzo,ANOMALO,NO_RESPETA_SECUENCIA,10,,,,80,INGRESO>PREINGRESO>EGRESO>SL_CALADA>SL_BALANZA_INGRESO>UNKNOWN>SL_LIQUIDO_DESCARGA>UNKNOWN>SL_CALADA>SL_BALANZA_INGRESO,UNKNOWN,SI
1804c226-0ac__f83fc087-083,1804c226-0ac;f83fc087-083,D',CLASIFICADO,NGJ813,R7,Ricardone → San Lorenzo,ANOMALO,NO_RESPETA_SECUENCIA,9,,,,80,INGRESO>PREINGRESO>EGRESO>SL_CALADA>SL_BALANZA_INGRESO>SL_LIQUIDO_DESCARGA>SL_CALADA>SL_BALANZA_INGRESO>SL_EGRESO,UNKNOWN,SI
034c53f9-e83__e73a9503-508,e73a9503-508;034c53f9-e83,D',CLASIFICADO,ENA722,R7,Ricardone → San Lorenzo,ANOMALO,NO_RESPETA_SECUENCIA,10,,,,80,INGRESO>PREINGRESO>EGRESO>SL_CALADA>SL_BALANZA_INGRESO>UNKNOWN>SL_LIQUIDO_DESCARGA>SL_CALADA>SL_BALANZA_INGRESO>SL_EGRESO,UNKNOWN,SI
399a25d2-538__98cc4256-3de,399a25d2-538;98cc4256-3de,D',CLASIFICADO,AE326RU,R7,Ricardone → San Lorenzo,INCOMPLETO,PLATAFORMA_MULTIPLE_CALLES,9,,,,80,INGRESO>PREINGRESO>CALADA>EGRESO>SL_BALANZA_INGRESO>SL_VOLCABLE>SL_EGRESO,UNKNOWN,SI
e7b52679-b25__cycle_1,e7b52679-b25,D',CLASIFICADO,NLR442,R6,Recepción Volcable 2,DEDUCIDO,CARGA_LUEGO_DESCARGA,97,2026-09-20T03:27:53.421-03:00,2026-09-22T12:56:39.881-03:00,3449,67,VOLCABLE>CARGA_S7>VOLCABLE>CARGA_S7>VOLCABLE>PLAYA>CARGA_S7>VOLCABLE>CARGA_S7>VOLCABLE>CARGA_S7>VOLCABLE>CARGA_S7>VOLCABLE>CARGA_S7>VOLCABLE>CARGA_S7>VOLCABLE>CARGA_S7>VOLCABLE>CARGA_S7>VOLCABLE>CARGA_S7>VOLCABLE>CARGA_S7>VOLCABLE>CARGA_S7>VOLCABLE>CARGA_S7>VOLCABLE>CARGA_S7>VOLCABLE>CARGA_S7>VOLCABLE>CARGA_S7>VOLCABLE>CARGA_S7>VOLCABLE>CARGA_S7>VOLCABLE>CARGA_S7>VOLCABLE>CARGA_S7>VOLCABLE>CARGA_S7>VOLCABLE>CARGA_S7>VOLCABLE>CARGA_S7>VOLCABLE>CARGA_S7>VOLCABLE>CARGA_S7>VOLCABLE>PLAYA>CARGA_S7>VOLCABLE>CARGA_S7>VOLCABLE>CARGA_S7>VOLCABLE>CARGA_S7>VOLCABLE>CARGA_S7>VOLCABLE>CARGA_S7>VOLCABLE>CARGA_S7>VOLCABLE>CARGA_S7>VOLCABLE>BALANZA_EGRESO>CARGA_S7>VOLCABLE>CARGA_S7>VOLCABLE>CARGA_S7>VOLCABLE>CARGA_S7>VOLCABLE>CARGA_S7>VOLCABLE>CARGA_S7>VOLCABLE>CARGA_S7>VOLCABLE>CARGA_S7>VOLCABLE>CARGA_S7>VOLCABLE>PLAYA>CARGA_S7>VOLCABLE>CARGA_S7>VOLCABLE,UNKNOWN,SI
50f9f8d1-b97__cycle_1,50f9f8d1-b97,D',CLASIFICADO,AYM824,R6,Recepción Volcable 2,DEDUCIDO,CARGA_LUEGO_DESCARGA,63,2026-09-20T03:39:30.917-03:00,2026-09-22T00:19:25.374-03:00,2680,67,CARGA_S7>VOLCABLE>CARGA_S7>VOLCABLE>CARGA_S7>VOLCABLE>CARGA_S7>VOLCABLE>CARGA_S7>VOLCABLE>CARGA_S7>VOLCABLE>CARGA_S7>VOLCABLE>CARGA_S7>VOLCABLE>CARGA_S7>VOLCABLE>CARGA_S7>VOLCABLE>CARGA_S7>VOLCABLE>CARGA_S7>VOLCABLE>CARGA_S7>VOLCABLE>CARGA_S7>VOLCABLE>CARGA_S7>VOLCABLE>CARGA_S7>VOLCABLE>CARGA_S7>VOLCABLE>CARGA_S7>VOLCABLE>CARGA_S7>VOLCABLE>CARGA_S7>VOLCABLE>CARGA_S7>VOLCABLE>CARGA_S7>VOLCABLE>CARGA_S7>VOLCABLE>CARGA_S7>VOLCABLE>BALANZA_EGRESO>CARGA_S7>VOLCABLE,UNKNOWN,SI
cb637794-d42__cycle_2,cb637794-d42,D',CLASIFICADO,UUO981,R6,Recepción Volcable 2,DEDUCIDO,VOLCABLE_SIN_CALADA_RIC,9,2026-09-21T06:04:40.540-03:00,2026-09-21T19:00:00.053-03:00,775,67,INGRESO>VOLCABLE>CARGA_S7>VOLCABLE>BALANZA_EGRESO,UNKNOWN,SI
83088803-a80,83088803-a80,D',CLASIFICADO,EDQ876,R7,Ricardone → San Lorenzo,INCOMPLETO,RIC_SL_MAS30M_SIN_CALADA_SL,9,2026-09-21T16:01:50.664-03:00,2026-09-21T23:24:39.176-03:00,443,80,INGRESO>PREINGRESO>LIQUIDO>PLAYA>CARGA_S8>BALANZA_EGRESO>PREINGRESO>SL_BALANZA_INGRESO>SL_EGRESO,UNKNOWN,SI
9665a2e4-5e8__cycle_1,9665a2e4-5e8,D',CLASIFICADO,CFQ560,R5,Recepción Volcable 1,INCOMPLETO,VOLCABLE_SIN_CALADA_RIC,12,2026-09-21T18:38:18.173-03:00,2026-09-22T06:02:45.536-03:00,684,67,INGRESO>PLAYA>CARGA_S7>VOLCABLE>CARGA_S7>VOLCABLE>CARGA_S7>VOLCABLE,UNKNOWN,SI
55efefe0-741,55efefe0-741,D',CLASIFICADO,RAW481,R7,Ricardone → San Lorenzo,INCOMPLETO,RIC_SL_MAS30M_SIN_CALADA_SL,7,2026-09-21T20:45:23.685-03:00,2026-09-22T06:53:13.180-03:00,608,80,PREINGRESO>LIQUIDO>BALANZA_EGRESO>CALADA>PREINGRESO>BALANZA_EGRESO>SL_EGRESO,UNKNOWN,SI
cb637794-d42__cycle_3,cb637794-d42,D',CLASIFICADO,UUO981,R6,Recepción Volcable 2,INCOMPLETO,VOLCABLE_SIN_CALADA_RIC,7,2026-09-22T06:01:59.896-03:00,2026-09-22T12:32:32.615-03:00,391,67,INGRESO>CARGA_S7>VOLCABLE>CARGA_S7>VOLCABLE,UNKNOWN,SI
50f9f8d1-b97__cycle_2,50f9f8d1-b97,D',CLASIFICADO,AYM824,R6,Recepción Volcable 2,INCOMPLETO,CARGA_LUEGO_DESCARGA,8,2026-09-22T07:13:11.264-03:00,2026-09-22T12:57:41.916-03:00,345,67,CARGA_S7>VOLCABLE>CARGA_S7>VOLCABLE>CARGA_S7>VOLCABLE>CARGA_S7,UNKNOWN,SI
9665a2e4-5e8__cycle_2,9665a2e4-5e8,D',CLASIFICADO,CFQ560,R5,Recepción Volcable 1,INCOMPLETO,VOLCABLE_SIN_CALADA_RIC,5,2026-09-22T18:28:31.496-03:00,2026-09-22T22:52:35.496-03:00,264,67,INGRESO>CARGA_S7>VOLCABLE>CARGA_S7,UNKNOWN,SI
e7b52679-b25__cycle_2,e7b52679-b25,D',CLASIFICADO,NLR442,R6,Recepción Volcable 2,DEDUCIDO,CARGA_LUEGO_DESCARGA,74,2026-09-22T19:50:50.588-03:00,2026-09-24T19:28:17.242-03:00,2857,67,VOLCABLE>CARGA_S7>VOLCABLE>CARGA_S7>VOLCABLE>CARGA_S7>VOLCABLE>CARGA_S7>VOLCABLE>CARGA_S7>PLAYA>VOLCABLE>CARGA_S7>VOLCABLE>CARGA_S7>VOLCABLE>CARGA_S7>VOLCABLE>CARGA_S7>VOLCABLE>CARGA_S7>VOLCABLE>CARGA_S7>VOLCABLE>CARGA_S7>VOLCABLE>CARGA_S7>VOLCABLE>CARGA_S7>VOLCABLE>CARGA_S7>VOLCABLE>CARGA_S7>VOLCABLE>CARGA_S7>VOLCABLE>CARGA_S7>VOLCABLE>CARGA_S7>VOLCABLE>CARGA_S7>VOLCABLE>CARGA_S7>VOLCABLE>CARGA_S7>VOLCABLE>CARGA_S7>VOLCABLE>CARGA_S7>VOLCABLE>CARGA_S7>PLAYA>CARGA_S7>VOLCABLE>CARGA_S7>VOLCABLE>CARGA_S7>VOLCABLE>CARGA_S7>VOLCABLE>CARGA_S7>VOLCABLE>CARGA_S7>VOLCABLE>BALANZA_EGRESO>CARGA_S7>VOLCABLE>CARGA_S7>VOLCABLE>CARGA_S7>VOLCABLE>BALANZA_EGRESO,UNKNOWN,SI
50f9f8d1-b97__cycle_3,50f9f8d1-b97,D',CLASIFICADO,AYM824,R6,Recepción Volcable 2,INCOMPLETO,CARGA_LUEGO_DESCARGA,6,2026-09-22T20:04:39.604-03:00,2026-09-22T23:58:35.305-03:00,234,67,CARGA_S7>VOLCABLE>CARGA_S7>VOLCABLE>CARGA_S7,UNKNOWN,SI
b7fbfb5a-155__cycle_3,b7fbfb5a-155,D',CLASIFICADO,LFT141,R6,Recepción Volcable 2,DEDUCIDO,CARGA_LUEGO_DESCARGA,55,2026-09-22T20:14:58.437-03:00,2026-09-24T19:20:49.056-03:00,2826,67,CARGA_S7>PLAYA>CARGA_S7>VOLCABLE>CARGA_S7>VOLCABLE>CARGA_S7>VOLCABLE>CARGA_S7>VOLCABLE>CARGA_S7>VOLCABLE>CARGA_S7>VOLCABLE>CARGA_S7>VOLCABLE>CARGA_S7>PLAYA>CARGA_S7>VOLCABLE>CARGA_S7>VOLCABLE>CARGA_S7>VOLCABLE>CARGA_S7>VOLCABLE>CARGA_S7>VOLCABLE>CARGA_S7>VOLCABLE>CARGA_S7>PLAYA>VOLCABLE>CARGA_S7>VOLCABLE>CARGA_S7>VOLCABLE>BALANZA_EGRESO,UNKNOWN,SI
cb637794-d42__cycle_5,cb637794-d42,D',CLASIFICADO,UUO981,R6,Recepción Volcable 2,DEDUCIDO,VOLCABLE_SIN_CALADA_RIC,7,2026-09-23T06:17:51.412-03:00,2026-09-23T18:59:54.204-03:00,762,67,INGRESO>CARGA_S7>VOLCABLE>BALANZA_EGRESO,UNKNOWN,SI
09882296-588__cycle_2,09882296-588,D',CLASIFICADO,FEA810,SIN_PUNTO,Sin punto instrumentado (sólidos),DEDUCIDO,RIC_REINGRESO_RAPIDO_NO_PELLET,6,2026-09-23T07:29:14.062-03:00,2026-09-23T11:02:17.372-03:00,213,0,INGRESO>PREINGRESO>BALANZA_EGRESO>INGRESO>EGRESO,UNKNOWN,SI
63698f72-565,63698f72-565,D',CLASIFICADO,FEA810,R8,Recepción Mercadería Líquida,DEDUCIDO,RIC_REINGRESO_RAPIDO_NO_PELLET,5,2026-09-23T12:59:32.743-03:00,2026-09-23T14:06:45.154-03:00,67,63,PLAYA>BALANZA_EGRESO>INGRESO>LIQUIDO>EGRESO,UNKNOWN,SI
cee85967-356__cycle_1,cee85967-356,D',CLASIFICADO,PML805,R8,Recepción Mercadería Líquida,DEDUCIDO,RIC_REINGRESO_RAPIDO_NO_PELLET,9,2026-09-23T14:05:39.115-03:00,2026-09-23T16:37:19.145-03:00,152,63,INGRESO>PREINGRESO>LIQUIDO>EGRESO>BALANZA_EGRESO>INGRESO>PREINGRESO>BALANZA_EGRESO,UNKNOWN,SI
7e501809-681,7e501809-681,D',CLASIFICADO,AA488IX,R8,Recepción Mercadería Líquida,DEDUCIDO,RIC_REINGRESO_RAPIDO_NO_PELLET,10,2026-09-23T14:31:55.767-03:00,2026-09-23T16:24:23.658-03:00,112,63,INGRESO>PREINGRESO>LIQUIDO>EGRESO>PLAYA>BALANZA_EGRESO>INGRESO>LIQUIDO>EGRESO,UNKNOWN,SI
b6668bd5-e3f,b6668bd5-e3f,D',CLASIFICADO,FDH917,SIN_PUNTO,Sin punto instrumentado (sólidos),INCOMPLETO,RIC_REINGRESO_RAPIDO_NO_PELLET,5,2026-09-23T18:39:11.533-03:00,2026-09-23T22:27:05.268-03:00,228,0,INGRESO>PREINGRESO>PLAYA>BALANZA_EGRESO>SL_EGRESO,UNKNOWN,SI
710e65ab-226,710e65ab-226,D',CLASIFICADO,FDH917,SIN_PUNTO,Sin punto instrumentado (sólidos),INCOMPLETO,SL_RIC_2H_SIN_CIRCUITO_NO_PELLET,5,2026-09-23T22:37:36.863-03:00,2026-09-24T03:52:00.629-03:00,314,0,PREINGRESO>BALANZA_EGRESO>CALADA>SL_EGRESO,UNKNOWN,SI
d32e84e4-934,d32e84e4-934,D',CLASIFICADO,RYJ562,SIN_PUNTO,Sin punto instrumentado (sólidos),INCOMPLETO,SL_RIC_2H_SIN_CIRCUITO_NO_PELLET,6,2026-09-24T03:26:29.818-03:00,2026-09-24T08:18:40.563-03:00,292,0,PREINGRESO>BALANZA_EGRESO>CALADA>SL_BALANZA_INGRESO>SL_VOLCABLE>SL_EGRESO,UNKNOWN,SI
9665a2e4-5e8__cycle_4,9665a2e4-5e8,D',CLASIFICADO,CFQ560,SIN_PUNTO,Sin punto instrumentado (sólidos),INCOMPLETO,CARGA_LUEGO_DESCARGA,11,2026-09-24T05:39:26.365-03:00,2026-09-24T11:37:40.951-03:00,358,0,PREINGRESO>CARGA_S8>BALANZA_EGRESO>PLAYA>DESCARGA_S7>BALANZA_EGRESO>PLAYA>CALADA>SL_BALANZA_INGRESO>SL_VOLCABLE>SL_EGRESO,UNKNOWN,SI
14b7942f-6b1,14b7942f-6b1,D',CLASIFICADO,UXY850,SIN_PUNTO,Sin punto instrumentado (sólidos),INCOMPLETO,SL_RIC_2H_SIN_CIRCUITO_NO_PELLET,7,2026-09-24T05:51:34.564-03:00,2026-09-24T11:30:14.873-03:00,339,0,PREINGRESO>CARGA_S8>BALANZA_EGRESO>CALADA>SL_BALANZA_INGRESO>SL_VOLCABLE>SL_EGRESO,UNKNOWN,SI
1002b69d-d92,1002b69d-d92,D',CLASIFICADO,SYB408,R7,Ricardone → San Lorenzo,DEDUCIDO,RIC_SL_MAS30M_SIN_CALADA_SL,4,2026-09-24T09:36:59.373-03:00,2026-09-24T12:50:44.754-03:00,194,80,PREINGRESO>CALADA>PREINGRESO>EGRESO,UNKNOWN,SI
bfe6fe7b-30d,bfe6fe7b-30d,D',CLASIFICADO,CRJ139,SIN_PUNTO,Sin punto instrumentado (sólidos),DEDUCIDO,RIC_REINGRESO_RAPIDO_NO_PELLET,9,2026-09-24T11:23:13.731-03:00,2026-09-24T16:39:54.381-03:00,317,0,PREINGRESO>PLAYA>CARGA_S8>BALANZA_EGRESO>PLAYA>DESCARGA_S7>PREINGRESO>CALADA>EGRESO,UNKNOWN,SI
9fd9fd3d-e40,9fd9fd3d-e40,D',CLASIFICADO,EVL273,R7,Ricardone → San Lorenzo,INCOMPLETO,RIC_REINGRESO_RAPIDO_NO_PELLET,8,2026-09-24T15:02:12.923-03:00,2026-09-25T01:27:20.913-03:00,625,80,PREINGRESO>LIQUIDO>BALANZA_EGRESO>SL_INGRESO>SL_BALANZA_INGRESO>SL_VOLCABLE>SL_EGRESO,UNKNOWN,SI
680602a9-35c,680602a9-35c,D',CLASIFICADO,RYJ562,R7,Ricardone → San Lorenzo,INCOMPLETO,SL_RIC_2H_CICLO_COMPLETO_NO_PELLET,6,2026-09-25T01:01:38.442-03:00,2026-09-25T04:37:11.438-03:00,216,80,PREINGRESO>LIQUIDO>BALANZA_EGRESO>SL_INGRESO>SL_BALANZA_INGRESO>SL_EGRESO,UNKNOWN,SI
fcb6de56-ac5,fcb6de56-ac5,D',CLASIFICADO,RYJ562,SIN_PUNTO,Sin punto instrumentado (sólidos),INCOMPLETO,SL_RIC_2H_SIN_CIRCUITO_NO_PELLET,6,2026-09-25T04:47:35.577-03:00,2026-09-25T10:48:12.520-03:00,361,0,PREINGRESO>BALANZA_EGRESO>SL_INGRESO>SL_BALANZA_INGRESO>SL_VOLCABLE>SL_EGRESO,UNKNOWN,SI
36be7938-79d,36be7938-79d,D',CLASIFICADO,WHR567,SIN_PUNTO,Sin punto instrumentado (sólidos),INCOMPLETO,SL_RIC_2H_SIN_CIRCUITO_NO_PELLET,4,2026-09-25T05:00:53.223-03:00,2026-09-25T11:08:29.087-03:00,368,0,PREINGRESO>BALANZA_EGRESO>SL_BALANZA_INGRESO>SL_EGRESO,UNKNOWN,SI
b7fbfb5a-155__cycle_4,b7fbfb5a-155,D',CLASIFICADO,LFT141,R6,Recepción Volcable 2,DEDUCIDO,CARGA_LUEGO_DESCARGA,103,2026-09-25T11:22:11.382-03:00,2026-09-28T03:03:11.323-03:00,3821,67,CARGA_S7>VOLCABLE>CARGA_S7>VOLCABLE>CARGA_S7>VOLCABLE>CARGA_S7>VOLCABLE>CARGA_S7>PLAYA>CARGA_S7>VOLCABLE>CARGA_S7>VOLCABLE>CARGA_S7>VOLCABLE>CARGA_S7>VOLCABLE>CARGA_S7>VOLCABLE>CARGA_S7>VOLCABLE>CARGA_S7>VOLCABLE>CARGA_S7>VOLCABLE>CARGA_S7>VOLCABLE>CARGA_S7>VOLCABLE>CARGA_S7>VOLCABLE>CARGA_S7>VOLCABLE>CARGA_S7>VOLCABLE>CARGA_S7>VOLCABLE>CARGA_S7>VOLCABLE>CARGA_S7>VOLCABLE>CARGA_S7>VOLCABLE>CARGA_S7>VOLCABLE>CARGA_S7>VOLCABLE>CARGA_S7>VOLCABLE>CARGA_S7>VOLCABLE>CARGA_S7>VOLCABLE>CARGA_S7>VOLCABLE>CARGA_S7>VOLCABLE>CARGA_S7>VOLCABLE>CARGA_S7>VOLCABLE>CARGA_S7>VOLCABLE>CARGA_S7>VOLCABLE>BALANZA_EGRESO>CARGA_S7>PLAYA>CARGA_S7>VOLCABLE>CARGA_S7>VOLCABLE>CARGA_S7>VOLCABLE>CARGA_S7>VOLCABLE>CARGA_S7,UNKNOWN,SI
3bdd5c8b-f08,3bdd5c8b-f08,D',CLASIFICADO,BHL749,R7,Ricardone → San Lorenzo,INCOMPLETO,RIC_REINGRESO_RAPIDO_NO_PELLET,5,2026-09-25T16:26:36.674-03:00,2026-09-25T22:18:17.485-03:00,352,80,PREINGRESO>LIQUIDO>PLAYA>SL_INGRESO>SL_EGRESO,UNKNOWN,SI
232b8a1a-1e1,232b8a1a-1e1,D',CLASIFICADO,UUL425,SIN_PUNTO,Sin punto instrumentado (sólidos),DEDUCIDO,SL_RIC_2H_SIN_CIRCUITO_NO_PELLET,4,2026-09-25T21:02:02.645-03:00,2026-09-25T23:50:30.967-03:00,168,0,PREINGRESO>BALANZA_EGRESO>CALADA>EGRESO,UNKNOWN,SI
ac7dbe94-b9c,ac7dbe94-b9c,D',CLASIFICADO,RXV065,R7,Ricardone → San Lorenzo,DEDUCIDO,RIC_REINGRESO_RAPIDO_NO_PELLET,6,2026-09-25T21:11:53.717-03:00,2026-09-26T00:05:27.580-03:00,174,80,PREINGRESO>LIQUIDO>CARGA_S8>BALANZA_EGRESO>CALADA>EGRESO,UNKNOWN,SI
d5deab0f-e2c,d5deab0f-e2c,D',CLASIFICADO,UPW705,R7,Ricardone → San Lorenzo,INCOMPLETO,SL_RIC_2H_CICLO_COMPLETO_NO_PELLET,7,2026-09-26T00:51:04.430-03:00,2026-09-26T04:58:52.797-03:00,248,80,PREINGRESO>PLAYA>CALADA>SL_INGRESO>SL_BALANZA_INGRESO>SL_BALANZA_SALIDA>SL_EGRESO,UNKNOWN,SI
f4391081-d9f,f4391081-d9f,D',CLASIFICADO,EDQ876,R7,Ricardone → San Lorenzo,INCOMPLETO,SL_RIC_2H_CICLO_COMPLETO_NO_PELLET,7,2026-09-26T01:09:14.573-03:00,2026-09-26T04:51:54.539-03:00,223,80,PREINGRESO>LIQUIDO>CARGA_S8>BALANZA_EGRESO>CALADA>SL_BALANZA_INGRESO>SL_EGRESO,UNKNOWN,SI
52b8238d-d55,52b8238d-d55,D',CLASIFICADO,DIH255,R7,Ricardone → San Lorenzo,INCOMPLETO,SL_RIC_2H_CICLO_COMPLETO_NO_PELLET,7,2026-09-26T03:08:55.817-03:00,2026-09-26T08:36:34.044-03:00,328,80,PREINGRESO>LIQUIDO>BALANZA_EGRESO>CALADA>SL_BALANZA_INGRESO>SL_VOLCABLE>SL_EGRESO,UNKNOWN,SI
e488aede-b02__cycle_2,e488aede-b02,D',CLASIFICADO,CKQ212,R7,Ricardone → San Lorenzo,INCOMPLETO,RIC_SL_MAS30M_SIN_CALADA_SL,7,2026-09-26T07:39:32.703-03:00,2026-09-26T11:07:41.293-03:00,208,80,PREINGRESO>LIQUIDO>PLAYA>SL_INGRESO>SL_BALANZA_INGRESO>SL_VOLCABLE>SL_EGRESO,UNKNOWN,SI
62180f98-53d__cycle_2,62180f98-53d,D',CLASIFICADO,CIE516,SIN_PUNTO,Sin punto instrumentado (sólidos),INCOMPLETO,RIC_REINGRESO_RAPIDO_NO_PELLET,7,2026-09-26T07:50:20.904-03:00,2026-09-26T11:27:33.250-03:00,217,0,PREINGRESO>PLAYA>BALANZA_EGRESO>SL_INGRESO>SL_BALANZA_INGRESO>SL_VOLCABLE>SL_EGRESO,UNKNOWN,SI
0512bfe0-46e,0512bfe0-46e,D',CLASIFICADO,RDL445,R7,Ricardone → San Lorenzo,INCOMPLETO,SL_RIC_2H_CICLO_COMPLETO_NO_PELLET,7,2026-09-26T08:41:48.521-03:00,2026-09-26T11:52:25.740-03:00,191,80,PREINGRESO>LIQUIDO>BALANZA_EGRESO>SL_INGRESO>SL_BALANZA_INGRESO>SL_VOLCABLE>SL_EGRESO,UNKNOWN,SI
cf81cc55-2e0,cf81cc55-2e0,D',CLASIFICADO,VRA989,SIN_PUNTO,Sin punto instrumentado (sólidos),INCOMPLETO,RIC_REINGRESO_RAPIDO_NO_PELLET,7,2026-09-26T10:09:47.818-03:00,2026-09-26T14:11:13.937-03:00,241,0,PREINGRESO>PLAYA>BALANZA_EGRESO>SL_INGRESO>SL_BALANZA_INGRESO>SL_VOLCABLE>SL_EGRESO,UNKNOWN,SI
a8541983-c15,a8541983-c15,D',CLASIFICADO,CGS172,R7,Ricardone → San Lorenzo,INCOMPLETO,SL_RIC_2H_CICLO_COMPLETO_NO_PELLET,8,2026-09-26T10:47:28.509-03:00,2026-09-26T14:28:12.104-03:00,221,80,PREINGRESO>LIQUIDO>PLAYA>BALANZA_EGRESO>SL_INGRESO>SL_BALANZA_INGRESO>SL_VOLCABLE>SL_EGRESO,UNKNOWN,SI
b4a100d4-617,b4a100d4-617,D',CLASIFICADO,RNM392,R7,Ricardone → San Lorenzo,INCOMPLETO,SL_RIC_2H_CICLO_COMPLETO_NO_PELLET,8,2026-09-26T10:48:23.153-03:00,2026-09-26T14:42:20.444-03:00,234,80,PREINGRESO>LIQUIDO>PLAYA>BALANZA_EGRESO>SL_INGRESO>SL_BALANZA_INGRESO>SL_VOLCABLE>SL_EGRESO,UNKNOWN,SI
d646636d-d87,d646636d-d87,D',CLASIFICADO,CKQ212,R7,Ricardone → San Lorenzo,INCOMPLETO,SL_RIC_2H_CICLO_COMPLETO_NO_PELLET,8,2026-09-26T11:21:09.106-03:00,2026-09-26T15:12:02.535-03:00,231,80,PREINGRESO>LIQUIDO>PLAYA>BALANZA_EGRESO>SL_INGRESO>SL_BALANZA_INGRESO>SL_VOLCABLE>SL_EGRESO,UNKNOWN,SI
72b34d2c-ec7,72b34d2c-ec7,D',CLASIFICADO,UYM942,R7,Ricardone → San Lorenzo,INCOMPLETO,RIC_REINGRESO_RAPIDO_NO_PELLET,8,2026-09-26T12:39:07.002-03:00,2026-09-26T16:27:24.755-03:00,228,80,PREINGRESO>LIQUIDO>PLAYA>BALANZA_EGRESO>SL_INGRESO>SL_BALANZA_INGRESO>SL_VOLCABLE>SL_EGRESO,UNKNOWN,SI
2452d9d2-9fe,2452d9d2-9fe,D',CLASIFICADO,VRA989,R7,Ricardone → San Lorenzo,INCOMPLETO,SL_RIC_2H_CICLO_COMPLETO_NO_PELLET,7,2026-09-26T14:23:43.288-03:00,2026-09-26T18:42:31.554-03:00,259,80,PREINGRESO>LIQUIDO>PLAYA>BALANZA_EGRESO>SL_BALANZA_INGRESO>SL_VOLCABLE>SL_EGRESO,UNKNOWN,SI
f62ddd6b-a28,f62ddd6b-a28,D',CLASIFICADO,AYB759,R8,Recepción Mercadería Líquida,INCOMPLETO,SL_RIC_2H_SIN_CIRCUITO_NO_PELLET,7,2026-09-26T16:09:44.480-03:00,2026-09-26T20:45:24.088-03:00,276,63,PREINGRESO>LIQUIDO>PLAYA>BALANZA_EGRESO>SL_INGRESO>SL_VOLCABLE>SL_EGRESO,UNKNOWN,SI
c2009c47-c3e,c2009c47-c3e,D',CLASIFICADO,UYM942,R7,Ricardone → San Lorenzo,INCOMPLETO,SL_RIC_2H_CICLO_COMPLETO_NO_PELLET,8,2026-09-26T16:37:41.696-03:00,2026-09-26T21:10:55.461-03:00,273,80,PREINGRESO>LIQUIDO>PLAYA>BALANZA_EGRESO>SL_INGRESO>SL_BALANZA_INGRESO>SL_VOLCABLE>SL_EGRESO,UNKNOWN,SI
f5d5821f-e23__cycle_3,f5d5821f-e23,D',CLASIFICADO,OYX549,R7,Ricardone → San Lorenzo,INCOMPLETO,RIC_REINGRESO_RAPIDO_NO_PELLET,10,2026-09-26T18:18:54.952-03:00,2026-09-26T22:13:37.099-03:00,235,80,PREINGRESO>LIQUIDO>PLAYA>BALANZA_EGRESO>PLAYA>BALANZA_EGRESO>SL_INGRESO>SL_BALANZA_INGRESO>SL_VOLCABLE>SL_EGRESO,UNKNOWN,SI
e235fa25-953,e235fa25-953,D',CLASIFICADO,OYX549,R7,Ricardone → San Lorenzo,DEDUCIDO,SL_RIC_2H_CICLO_COMPLETO_NO_PELLET,5,2026-09-26T23:36:32.835-03:00,2026-09-27T02:41:24.755-03:00,185,80,PREINGRESO>LIQUIDO>BALANZA_EGRESO>CALADA>EGRESO,UNKNOWN,SI
89281d81-36c,89281d81-36c,D',CLASIFICADO,UUO981,R5,Recepción Volcable 1,DEDUCIDO,RIC_REINGRESO_RAPIDO_NO_PELLET,13,2026-09-27T07:39:48.131-03:00,2026-09-27T19:01:56.537-03:00,682,67,CARGA_S7>VOLCABLE>CARGA_S7>VOLCABLE>BALANZA_EGRESO,UNKNOWN,SI
5a0a5b92-08f,5a0a5b92-08f,D',CLASIFICADO,UWX998,R7,Ricardone → San Lorenzo,ANOMALO,SL_RIC_2H_SIN_CIRCUITO_NO_PELLET,9,2026-09-27T09:48:31.288-03:00,2026-09-27T15:00:01.837-03:00,312,80,SL_INGRESO>SL_BALANZA_INGRESO>PREINGRESO>LIQUIDO>PLAYA>CARGA_S8>BALANZA_EGRESO>CALADA>EGRESO,SAN_LORENZO,SI
bc9a70a7-4ee__cycle_1,bc9a70a7-4ee,D',CLASIFICADO,UWX998,R7,Ricardone → San Lorenzo,INCOMPLETO,SL_RIC_2H_CICLO_COMPLETO_NO_PELLET,5,2026-09-27T15:10:06.378-03:00,2026-09-27T18:05:42.661-03:00,176,80,SL_INGRESO>SL_BALANZA_INGRESO>PREINGRESO>LIQUIDO>BALANZA_EGRESO,UNKNOWN,SI
e38a2866-7b6__cycle_1,e38a2866-7b6,D',CLASIFICADO,CIE516,R7,Ricardone → San Lorenzo,DEDUCIDO,RIC_REINGRESO_RAPIDO_NO_PELLET,5,2026-09-27T16:58:51.642-03:00,2026-09-27T19:27:51.280-03:00,149,80,PREINGRESO>LIQUIDO>PLAYA>BALANZA_EGRESO>CALADA,UNKNOWN,SI
f9c21337-367__cycle_2,f9c21337-367,D',CLASIFICADO,RQC013,R7,Ricardone → San Lorenzo,INCOMPLETO,RIC_REINGRESO_RAPIDO_NO_PELLET,6,2026-09-27T18:16:41.996-03:00,2026-09-27T22:25:00.279-03:00,248,80,PREINGRESO>LIQUIDO>PLAYA>BALANZA_EGRESO>CALADA>SL_EGRESO,UNKNOWN,SI
435eb8c4-077,435eb8c4-077,D',CLASIFICADO,UPW705,R7,Ricardone → San Lorenzo,INCOMPLETO,RIC_REINGRESO_RAPIDO_NO_PELLET,5,2026-09-27T19:54:47.857-03:00,2026-09-28T00:33:35.901-03:00,279,80,PREINGRESO>CALADA>SL_INGRESO>SL_BALANZA_INGRESO>SL_EGRESO,UNKNOWN,SI
d76646f1-33e,d76646f1-33e,D',CLASIFICADO,EEW075,R7,Ricardone → San Lorenzo,DEDUCIDO,RIC_REINGRESO_RAPIDO_NO_PELLET,5,2026-09-27T21:09:27.503-03:00,2026-09-27T23:29:48.067-03:00,140,80,PREINGRESO>LIQUIDO>CARGA_S8>BALANZA_EGRESO>EGRESO,UNKNOWN,SI
c8a7d8bd-787__cycle_1,c8a7d8bd-787,D',CLASIFICADO,RQC013,R7,Ricardone → San Lorenzo,DEDUCIDO,SL_RIC_2H_CICLO_COMPLETO_NO_PELLET,5,2026-09-27T22:35:11.003-03:00,2026-09-28T00:41:39.806-03:00,126,80,PREINGRESO>LIQUIDO>BALANZA_EGRESO>CALADA>SL_INGRESO,UNKNOWN,SI
93b189d5-7a9,93b189d5-7a9,D',CLASIFICADO,RAW481,R7,Ricardone → San Lorenzo,INCOMPLETO,SL_VISITA_RELAMPAGO_SIN_OPERAR,6,2026-09-28T00:40:23.521-03:00,2026-09-28T02:54:42.678-03:00,134,80,PREINGRESO>LIQUIDO>BALANZA_EGRESO>CALADA>SL_INGRESO>SL_EGRESO,UNKNOWN,SI
30705ca6-16f,30705ca6-16f,D',CLASIFICADO,GES056,R7,Ricardone → San Lorenzo,INCOMPLETO,SL_RIC_2H_CICLO_COMPLETO_NO_PELLET,7,2026-09-28T00:51:36.940-03:00,2026-09-28T02:57:39.349-03:00,126,80,PREINGRESO>LIQUIDO>BALANZA_EGRESO>CALADA>SL_INGRESO>SL_BALANZA_INGRESO>SL_EGRESO,UNKNOWN,SI
2c484315-dd3,2c484315-dd3,D',CLASIFICADO,TAC436,R7,Ricardone → San Lorenzo,INCOMPLETO,SL_RIC_2H_CICLO_COMPLETO_NO_PELLET,8,2026-09-28T01:07:56.676-03:00,2026-09-28T03:14:59.645-03:00,127,80,PREINGRESO>LIQUIDO>CARGA_S8>BALANZA_EGRESO>CALADA>SL_INGRESO>SL_BALANZA_INGRESO>SL_EGRESO,UNKNOWN,SI
3beaefb6-946,3beaefb6-946,D',CLASIFICADO,UKL882,R7,Ricardone → San Lorenzo,DEDUCIDO,SL_RIC_2H_CICLO_COMPLETO_NO_PELLET,7,2026-09-28T01:13:47.418-03:00,2026-09-28T02:44:07.091-03:00,90,80,PREINGRESO>LIQUIDO>PLAYA>CARGA_S8>BALANZA_EGRESO>CALADA>EGRESO,UNKNOWN,SI
7c1abbc0-1c8,7c1abbc0-1c8,D',CLASIFICADO,BVS300,R7,Ricardone → San Lorenzo,DEDUCIDO,SL_RIC_2H_CICLO_COMPLETO_NO_PELLET,4,2026-09-28T01:37:01.339-03:00,2026-09-28T02:57:52.898-03:00,81,80,PREINGRESO>LIQUIDO>BALANZA_EGRESO>EGRESO,UNKNOWN,SI
95cada1a-1ba,95cada1a-1ba,D',CLASIFICADO,EEW075,R7,Ricardone → San Lorenzo,DEDUCIDO,SL_RIC_2H_CICLO_COMPLETO_NO_PELLET,6,2026-09-28T01:46:18.410-03:00,2026-09-28T03:24:47.412-03:00,98,80,PREINGRESO>LIQUIDO>PLAYA>CARGA_S8>BALANZA_EGRESO>CALADA,UNKNOWN,SI
243994a4-a12,243994a4-a12,D',CLASIFICADO,OYX549,R7,Ricardone → San Lorenzo,INCOMPLETO,SL_RIC_2H_SIN_CIRCUITO_NO_PELLET,4,2026-09-28T02:03:02.390-03:00,2026-09-28T03:23:44.394-03:00,81,80,PREINGRESO>LIQUIDO>PLAYA>CARGA_S8,UNKNOWN,SI