excel_row,camera,time,original_plate,candidate_plate,anchor_start_row,anchor_end_row,anchor_start_time,anchor_end_time,color,brand,category,ocr_confidence,speed,lane,score,margin,alternative_capture_count,strong_ocr_conflict,graph_time_supported,compatible_circuits,threshold_pass,color_left,color_right,color_anchor_agree,color_known,color_camera_reliability,brand_left,brand_right,brand_anchor_agree,brand_known,brand_camera_reliability,category_left,category_right,category_anchor_agree,category_known,category_camera_reliability,time_left_log,time_right_log,interval_log,time_fraction,graph_left_reachable,time_left_fit,time_left_direct_range,time_left_feasible,graph_left_frequency,graph_right_reachable,time_right_fit,time_right_direct_range,time_right_feasible,graph_right_frequency,speed_left_similarity,speed_right_similarity,speed_stationary,lane_left_equal,lane_right_equal,country_left_equal,country_right_equal,same_site_left,same_site_right,route_options_inverse,plate_similarity,plate_same_length,plate_prefix_similarity,plate_suffix_similarity,plate_confusion_similarity,partial_plate_substring,different_anchor_identities,status,operations_in_time,operation_context,products,platforms,contracts,ctgs,excel_expected_circuits,excel_route_agrees,operation_match_warnings,operational_window_tolerance_min,full_chain_codes,full_chain_rows,operation_context_used_for_validation,excel_full_route_agrees
13808,RicEgrCamFrente,2026-09-28 18:00:59,MV332,EMV332,13872,13350,2026-09-28 17:52:53,2026-09-28 19:55:43,Silver,Unrecognized,Unrecognized,0.78,0,1,0.9999999725233942,0.979680683689822,29,False,True,R26;R27;R28;R29;R30;R31;R32;R7,True,0.0,0.0,1.0,1.0,0.4166666666666666,0.0,0.0,0.0,0.0,0.55,0.0,0.0,1.0,0.0,0.5833333333333333,2.2082744135228043,4.751288694118085,4.818936575489704,0.0659430122116689,1.0,0.7759398496240602,1.0,1.0,0.3034825870646767,1.0,0.4367949088805323,0.0,1.0,0.115251769810459,1.0,1.0,1.0,1.0,1.0,1.0,1.0,1.0,0.0,0.125,0.8333333333333334,0.0,0.0,1.0,0.8333333333333334,1.0,1,CANDIDATO_MULTISENAL_RUTA_COHERENTE,1,UNA_OPERACION_EN_HORARIO,SOJA,VOLCABLE_PTO_3,2000655,10235340090,R7,True,NO_MEASURABLE_SEGMENTS,30,R26;R27;R28;R29;R30;R31;R32;R7,13872;13808;13350,False,True
19251,RicS6Playa3,2026-09-28 03:18:20,S056,GES056,19284,18769,2026-09-28 03:11:30,2026-09-28 05:44:07,Black,Unrecognized,Large Truck,0.66,0,1,0.9999999314533154,0.9664572366861804,6,False,True,R26;R27;R28;R29;R30;R31;R32,True,0.0,1.0,0.0,1.0,0.55,0.0,0.0,0.0,0.0,0.6875,0.0,0.0,1.0,1.0,0.25,2.0583881324820035,4.988957576583359,5.034460321771563,0.044774489461614,1.0,0.5219454329774614,0.0,1.0,0.1094527363184079,1.0,0.5976985302495158,1.0,1.0,0.2187499999999999,1.0,0.8187307530779818,1.0,1.0,1.0,0.0,0.0,1.0,0.0,0.1428571428571428,0.6666666666666667,0.0,0.0,1.0,0.6666666666666667,1.0,1,CANDIDATO_MULTISENAL_RUTA_COHERENTE,1,UNA_OPERACION_EN_HORARIO,SOJA,SILO_CHIEF_2,95817,10235335637,R29,True,FRAGMENTED_JOURNEYS|NO_MEASURABLE_SEGMENTS,30,R26;R27;R28;R29;R30;R31;R32,19284;19251;18769,False,True
351,RicEgrCamFrente,2026-09-30 22:55:03,A969,AA969XN,393,283,2026-09-30 22:47:12,2026-09-30 23:05:23,White,Iveco,Medium Truck,0.54,1,1,0.9999993894431464,0.2972987976607911,7,False,True,R26;R27;R28;R29;R30;R31;R32;R33;R34;R35;R7,True,1.0,0.0,0.0,1.0,0.5430672268907563,1.0,1.0,1.0,1.0,0.8555555555555555,0.0,1.0,0.0,1.0,0.4757575757575757,2.180417459019838,2.427748235948052,2.954041846499782,0.4317140238313474,1.0,0.7533834586466165,1.0,1.0,0.3034825870646767,1.0,0.9232954545454546,1.0,1.0,0.5862068965517241,0.9048374180359596,0.6703200460356393,0.0,1.0,1.0,1.0,1.0,1.0,0.0,0.0909090909090909,0.5714285714285714,0.0,0.5,0.0,0.5714285714285714,1.0,1,CANDIDATO_MULTISENAL_RUTA_COHERENTE,0,SIN_OPERACION_EN_HORARIO,,,,,,,,30,R26;R27;R28;R29;R30;R31;R32;R33;R34;R35;R7,393;351;283,False,False
7763,RicEgrCamFrente,2026-09-29 16:37:36,CNG50,CNG506,7777,6650,2026-09-29 16:31:17,2026-09-29 22:08:31,Blue,Mercedes-Benz,Medium Truck,0.78,1,1,0.999999361129819,0.9641230674425616,53,False,True,R34;R35,True,1.0,1.0,1.0,1.0,0.5714285714285714,1.0,1.0,1.0,1.0,0.7,1.0,0.0,0.0,1.0,0.5357142857142857,1.9901548508530704,5.804883933393644,5.823735992616927,0.0187308490659286,1.0,0.6150375939849624,1.0,1.0,0.3034825870646767,1.0,0.0914759869248176,0.0,1.0,0.0039514892506443,0.9048374180359596,0.9048374180359596,0.0,1.0,1.0,0.0,0.0,1.0,0.0,0.5,0.8333333333333334,0.0,1.0,0.0,0.8333333333333334,1.0,1,CANDIDATO_MULTISENAL_RUTA_COHERENTE,1,UNA_OPERACION_EN_HORARIO,ACEITE GIRASOL PARA REFINAR,ACEITE_PTO,11525,30035362085,SL2,False,FRAGMENTED_JOURNEYS|NO_MEASURABLE_SEGMENTS,30,R34;R35,7777;7763;6650,False,False
20070,SLZVolcableC5,2026-09-27 23:31:57,AB218H,AB218HK,20228,20035,2026-09-27 22:52:47,2026-09-27 23:47:21,White,Mitsubishi,Large Truck,0.74,0,1,0.999997631609124,0.1812780959552359,4,False,True,R26;R27;R28;R29;R30;R31;R32;R7;SL10;SL11;SL12;SL13;SL8;SL9,True,0.0,1.0,0.0,1.0,0.7976190476190477,0.0,0.0,0.0,1.0,0.8614718614718615,0.0,1.0,0.0,1.0,0.6002747252747253,3.6930374642626,2.797281334830153,4.017583501088638,0.7177764202810019,1.0,0.8395061728395061,1.0,1.0,0.3311258278145696,1.0,0.8852201257861635,1.0,1.0,0.5833333333333334,1.0,1.0,1.0,1.0,1.0,0.0,0.0,1.0,1.0,0.0714285714285714,0.8571428571428572,0.0,1.0,0.0,0.8571428571428572,1.0,1,CANDIDATO_MULTISENAL_RUTA_COHERENTE,1,UNA_OPERACION_EN_HORARIO,SOJA,VOLCABLE_PTO_5,2000652,10135332755,R7,True,NO_MEASURABLE_SEGMENTS,30,R26;R27;R28;R29;R30;R31;R32;R7;SL10;SL11;SL12;SL13;SL8;SL9,20228;20070;20035,False,True
5846,RicEgrCamFrente,2026-09-30 05:21:50,KAI87,KAI873,5872,5816,2026-09-30 05:09:15,2026-09-30 05:31:41,Black,Iveco,Medium Truck,0.86,5,1,0.9999975939228934,0.6791873499047101,8,False,True,R26;R27;R28;R29;R30;R31;R32;R33;R34;R35;R7,True,0.0,0.0,0.0,1.0,0.5430672268907563,1.0,1.0,1.0,1.0,0.8555555555555555,0.0,0.0,0.0,1.0,0.4757575757575757,2.608843551018762,2.3841650799864684,3.1541595101485096,0.5609212481426449,1.0,0.8471337579617835,1.0,1.0,0.3034825870646767,1.0,0.8821022727272727,1.0,1.0,0.5862068965517241,0.6065306597126334,0.6703200460356393,0.0,1.0,1.0,0.0,0.0,1.0,0.0,0.0909090909090909,0.8333333333333334,0.0,1.0,0.0,0.8333333333333334,1.0,1,CANDIDATO_MULTISENAL_RUTA_COHERENTE,1,UNA_OPERACION_EN_HORARIO,SOJA,VOLCABLE_PTO_5,2000655,10135343311,R7,True,NO_MEASURABLE_SEGMENTS,30,R26;R27;R28;R29;R30;R31;R32;R33;R34;R35;R7,5872;5846;5816,False,True
6928,SLZVolcableC5,2026-09-29 20:32:22,AE827,AE827TK,6976,6846,2026-09-29 20:19:24,2026-09-29 20:49:48,White,Scania,Large Truck,0.74,0,1,0.9999953849426438,0.8075346702319381,2,False,True,R26;R27;R28;R29;R30;R31;R32;R7;SL10;SL11;SL12;SL13;SL8;SL9,True,1.0,1.0,1.0,1.0,0.7976190476190477,1.0,1.0,1.0,1.0,0.8614718614718615,0.0,1.0,0.0,1.0,0.6002747252747253,2.6366735382599824,2.9141606198601795,3.446807892914208,0.4265350877192982,1.0,0.2850088183421517,1.0,1.0,0.3311258278145696,1.0,0.7848513011152417,1.0,1.0,0.5833333333333334,1.0,1.0,1.0,1.0,1.0,0.0,0.0,1.0,1.0,0.0714285714285714,0.7142857142857143,0.0,1.0,0.0,0.7142857142857143,1.0,1,CANDIDATO_MULTISENAL_RUTA_COHERENTE,1,UNA_OPERACION_EN_HORARIO,SOJA,VOLCABLE_PTO_5,2000655,10135342570,R7,True,FRAGMENTED_JOURNEYS|NO_MEASURABLE_SEGMENTS,30,R26;R27;R28;R29;R30;R31;R32;R7;SL10;SL11;SL12;SL13;SL8;SL9,6976;6928;6846,False,True
10236,SLZBalIngFte,2026-09-29 09:09:28,TVH01,TVH101,10521,9885,2026-09-29 08:35:35,2026-09-29 10:10:37,Black,Unrecognized,Sedan,0.54,0,1,0.9999926140825532,0.7979492637323634,36,False,True,R26;R27;R28;R29;R30;R31;R32;R7,True,0.0,0.0,0.0,1.0,0.5892857142857143,0.0,0.0,0.0,0.0,0.7023809523809523,0.0,0.0,1.0,1.0,0.4464285714285714,3.552009160223899,4.12955081795672,4.564695353422373,0.3565415643633812,1.0,0.827435773145904,1.0,1.0,0.1691542288557214,1.0,0.7664233576642335,1.0,1.0,0.3311258278145696,1.0,1.0,1.0,1.0,1.0,0.0,0.0,0.0,1.0,0.125,0.8333333333333334,0.0,1.0,1.0,0.8333333333333334,0.0,1,CANDIDATO_MULTISENAL_RUTA_COHERENTE,0,SIN_OPERACION_EN_HORARIO,,,,,,,,30,R26;R27;R28;R29;R30;R31;R32;R7,10521;10236;9885,False,False
5979,SLZVolcableC5,2026-09-30 03:20:18,AF68,AF680SK,6263,5947,2026-09-30 00:41:31,2026-09-30 03:44:46,White,Aston Martin,Large Truck,0.46,0,1,0.9999844106496294,0.7838858983362673,12,False,True,R26;R27;R28;R29;R30;R31;R32;R7;SL10;SL11;SL12;SL13;SL8;SL9,True,0.0,1.0,0.0,1.0,0.7976190476190477,0.0,0.0,0.0,1.0,0.8614718614718615,0.0,1.0,0.0,1.0,0.6002747252747253,5.073818730854896,3.237370407504365,5.216293531069446,0.8664847658026376,1.0,0.2966412053991838,1.0,1.0,0.3311258278145696,1.0,0.5637516688918558,1.0,1.0,0.5833333333333334,1.0,1.0,1.0,1.0,1.0,0.0,0.0,1.0,1.0,0.0714285714285714,0.5714285714285714,0.0,1.0,0.0,0.5714285714285714,1.0,1,CANDIDATO_MULTISENAL_RUTA_COHERENTE,1,UNA_OPERACION_EN_HORARIO,SOJA,VOLCABLE_PTO_5,2000655,10135362336,R7,True,FRAGMENTED_JOURNEYS|NO_MEASURABLE_SEGMENTS,30,R26;R27;R28;R29;R30;R31;R32;R7;SL10;SL11;SL12;SL13;SL8;SL9,6263;5979;5947,False,True
10007,SLZBalSC2Fte,2026-09-29 09:47:09,BS300,BVS300,10448,9971,2026-09-29 08:44:22,2026-09-29 09:52:58,White,Unrecognized,Large Truck,0.74,0,1,0.9999730914061318,0.0621640159949139,16,False,True,R26;R27;R28;R29;R30;R31;R32;R33;R34;R35;R7;SL1;SL10;SL11;SL12;SL13;SL14;SL15;SL2;SL3;SL4;SL5;SL6;SL7;SL8;SL9,True,1.0,1.0,1.0,1.0,0.45,0.0,0.0,0.0,0.0,0.5,0.0,0.0,0.0,1.0,0.45,4.155491923203601,1.919370593820701,4.242764567340374,0.9152089407191448,1.0,0.926125888859626,0.0,1.0,0.0261890427453341,1.0,0.4300791556728232,1.0,1.0,1.0,1.0,1.0,1.0,1.0,1.0,1.0,0.0,1.0,1.0,0.0384615384615384,0.8333333333333334,0.0,0.5,1.0,0.8333333333333334,0.0,1,CANDIDATO_MULTISENAL_RUTA_COHERENTE,0,SIN_OPERACION_EN_HORARIO,,,,,,,,30,R26;R27;R28;R29;R30;R31;R32;R33;R34;R35;R7;SL1;SL10;SL11;SL12;SL13;SL14;SL15;SL2;SL3;SL4;SL5;SL6;SL7;SL8;SL9,10448;10007;9971,False,False
12956,SLZVolcableC3,2026-09-28 21:07:44,GES0056,GES056,13288,12799,2026-09-28 20:08:14,2026-09-28 21:48:18,Black,Scania,Large Truck,0.78,0,1,0.9999721611899796,0.8434369150577068,11,False,True,SL10;SL11;SL12;SL13;SL8;SL9,True,1.0,0.0,0.0,1.0,0.5,0.0,1.0,0.0,1.0,0.6785714285714286,0.0,0.0,1.0,1.0,0.3125,4.102643365036796,3.727298564017881,4.615780365100107,0.594603597601599,1.0,0.7875000000000001,1.0,1.0,0.3311258278145696,1.0,0.9046266233766233,1.0,1.0,0.053030303030303,1.0,0.6065306597126334,1.0,1.0,1.0,1.0,0.0,1.0,0.0,0.1666666666666666,0.8571428571428572,0.0,1.0,1.0,0.8571428571428572,0.0,1,CANDIDATO_MULTISENAL_RUTA_COHERENTE,0,SIN_OPERACION_EN_HORARIO,,,,,,,,30,SL10;SL11;SL12;SL13;SL8;SL9,13288;12956;12799,False,False
15256,SLZVolcableC3,2026-09-28 14:43:21,AA32USD,AA326SD,15640,15075,2026-09-28 13:38:51,2026-09-28 15:06:06,White,Mercedes-Benz,Large Truck,0.7,0,1,0.9999547513226248,0.9598686135862742,28,False,True,R26;R27;R28;R29;R30;R31;R32;R7;SL10;SL11;SL12;SL13;SL8;SL9,True,1.0,1.0,1.0,1.0,0.6388888888888888,1.0,1.0,1.0,1.0,0.8571428571428571,0.0,0.0,1.0,1.0,0.3958333333333333,4.182050142641207,3.1675825304806504,4.480173695813406,0.7392550143266475,1.0,0.726923076923077,1.0,1.0,0.3311258278145696,1.0,0.6053763440860215,1.0,1.0,0.5833333333333334,1.0,1.0,1.0,1.0,1.0,0.0,1.0,1.0,1.0,0.0714285714285714,0.8571428571428572,1.0,1.0,1.0,0.8571428571428572,0.0,1,CANDIDATO_MULTISENAL_RUTA_COHERENTE,1,UNA_OPERACION_EN_HORARIO,SOJA,VOLCABLE_PTO_3,2000655,10135332802,R7,True,FRAGMENTED_JOURNEYS|NO_MEASURABLE_SEGMENTS,30,R26;R27;R28;R29;R30;R31;R32;R7;SL10;SL11;SL12;SL13;SL8;SL9,15640;15256;15075,False,True
9945,SLZBalSC2Fte,2026-09-29 09:56:56,CGS11,CGS172,10011,9939,2026-09-29 09:46:47,2026-09-29 09:59:47,White,Fiat,Pickup,0.3,0,1,0.9998081127179992,0.9983297498732971,4,False,True,R26;R27;R28;R29;R30;R31;R32;R7;SL10;SL11;SL12;SL13;SL8;SL9,True,1.0,0.0,0.0,1.0,0.45,0.0,0.0,0.0,1.0,0.5,1.0,0.0,0.0,1.0,0.45,2.411439497906128,1.3480731482996928,2.6390573296152584,0.7807692307692308,1.0,0.8981026001405481,1.0,1.0,0.0476190476190476,1.0,0.8109452736318408,1.0,1.0,1.0,1.0,1.0,1.0,1.0,1.0,0.0,0.0,1.0,1.0,0.0714285714285714,0.6666666666666667,0.0,1.0,0.0,0.6666666666666667,0.0,1,CANDIDATO_MULTISENAL_RUTA_COHERENTE,1,UNA_OPERACION_EN_HORARIO,SOJA,SILO_CHIEF_2,95817,10235359851,R29,True,FRAGMENTED_JOURNEYS|NO_MEASURABLE_SEGMENTS,30,R26;R27;R28;R29;R30;R31;R32;R7;SL10;SL11;SL12;SL13;SL8;SL9,10011;9945;9939,False,True
5357,SLZBalSC2Fte,2026-09-30 07:39:45,HCU2231,HAU223,5755,5342,2026-09-30 05:48:27,2026-09-30 07:42:37,White,Iveco,Medium Truck,0.54,0,1,0.999682648651826,0.9996734079952444,2,False,True,R26;R27;R28;R29;R30;R31;R32;R33;R34;R35;R7;SL1;SL10;SL11;SL12;SL13;SL14;SL15;SL2;SL3;SL4;SL5;SL6;SL7;SL8;SL9,True,1.0,1.0,1.0,1.0,0.45,1.0,1.0,1.0,1.0,0.5,0.0,0.0,1.0,1.0,0.45,4.721173861744398,1.3523928094442093,4.746380354539615,0.9748905109489052,1.0,0.5242248062015504,0.0,1.0,0.0261890427453341,1.0,0.806930693069307,1.0,1.0,1.0,1.0,1.0,1.0,1.0,1.0,0.0,0.0,1.0,1.0,0.0384615384615384,0.7142857142857143,0.0,0.5,0.0,0.7142857142857143,0.0,1,CANDIDATO_MULTISENAL_RUTA_COHERENTE,1,UNA_OPERACION_EN_HORARIO,SOJA,VOLCABLE_PTO_5,2000655,10135351184,R7,True,FRAGMENTED_JOURNEYS|NO_MEASURABLE_SEGMENTS,30,R26;R27;R28;R29;R30;R31;R32;R33;R34;R35;R7;SL1;SL10;SL11;SL12;SL13;SL14;SL15;SL2;SL3;SL4;SL5;SL6;SL7;SL8;SL9,5755;5357;5342,False,True
3832,SLZBalSC2Fte,2026-09-30 11:33:40,K229,ECX249,3915,3800,2026-09-30 11:22:36,2026-09-30 11:37:09,White,Volkswagen,Medium Truck,0.3,0,1,0.9995971586102568,0.997734421995664,6,False,True,R26;R27;R28;R29;R30;R31;R32;R7;SL10;SL11;SL12;SL13;SL8;SL9,True,1.0,1.0,1.0,1.0,0.45,1.0,1.0,1.0,1.0,0.5,1.0,1.0,1.0,1.0,0.45,2.490446830163616,1.5003668173797384,2.744060638625243,0.7605956471935853,1.0,0.9754040758959944,1.0,1.0,0.0476190476190476,1.0,0.6820083682008369,1.0,1.0,1.0,1.0,1.0,1.0,1.0,1.0,0.0,0.0,1.0,1.0,0.0714285714285714,0.3333333333333333,0.0,0.0,0.5,0.3333333333333333,0.0,1,CANDIDATO_MULTISENAL_RUTA_COHERENTE,1,UNA_OPERACION_EN_HORARIO,PELLETS GIRASOL,,95500,30035380168,R30,True,FRAGMENTED_JOURNEYS|NO_MEASURABLE_SEGMENTS,30,R26;R27;R28;R29;R30;R31;R32;R7;SL10;SL11;SL12;SL13;SL8;SL9,3915;3832;3800,False,True
3312,SLZTK400,2026-09-30 12:39:32,L211,FLF111,4401,2649,2026-09-30 10:09:11,2026-09-30 14:38:27,White,Unrecognized,Sedan,0.32,0,1,0.999540490303443,0.1222905449467791,81,False,True,SL3;SL6,True,1.0,1.0,1.0,1.0,0.7346153846153847,0.0,0.0,0.0,0.0,0.6868686868686869,0.0,0.0,0.0,1.0,0.3307692307692308,5.019595035467727,4.786797057099368,5.599409125909736,0.5583684080217876,1.0,0.0169594519942547,0.0,1.0,0.0529801324503311,1.0,0.4157711095603628,1.0,1.0,0.7857142857142857,1.0,1.0,1.0,1.0,1.0,1.0,0.0,1.0,1.0,0.5,0.5,0.0,0.0,1.0,0.5,0.0,1,CANDIDATO_MULTISENAL_RUTA_COHERENTE,1,UNA_OPERACION_EN_HORARIO,ACEITE GIRASOL PARA REFINAR,ACEITE_PTO,11525,30035370860,SL2,False,FRAGMENTED_JOURNEYS|NO_MEASURABLE_SEGMENTS,30,SL3;SL6,4401;3312;2649,False,False
6144,SLZVolcableC5,2026-09-30 01:24:59,AH430W1,AH430WI,6402,6104,2026-09-30 00:00:50,2026-09-30 01:45:26,White,Mercedes-Benz,Large Truck,0.74,0,1,0.9994112054201194,0.1968967994476301,8,False,True,R26;R27;R28;R29;R30;R31;R32;R7;SL10;SL11;SL12;SL13;SL8;SL9,True,1.0,1.0,1.0,1.0,0.8583333333333334,1.0,1.0,1.0,1.0,0.7215909090909092,0.0,1.0,0.0,1.0,0.6538461538461539,4.444414407108697,3.065724645374026,4.659658371272161,0.8044933078393881,1.0,0.6341799566843866,1.0,1.0,0.1966059602649007,1.0,0.6718377088305489,1.0,1.0,0.5833333333333334,0.6065306597126334,1.0,1.0,1.0,1.0,0.0,0.0,1.0,1.0,0.0714285714285714,0.8571428571428572,1.0,1.0,0.5,1.0,0.0,1,CANDIDATO_MULTISENAL_RUTA_COHERENTE,1,UNA_OPERACION_EN_HORARIO,SOJA,VOLCABLE_PTO_5,2000655,10135359152,R7,True,FRAGMENTED_JOURNEYS|NO_MEASURABLE_SEGMENTS,30,R26;R27;R28;R29;R30;R31;R32;R7;SL10;SL11;SL12;SL13;SL8;SL9,6402;6144;6104,False,True
2454,SLZBalSC2Fte,2026-09-30 15:20:49,T101,TVH101,2815,2436,2026-09-30 14:08:52,2026-09-30 15:24:14,Blue,Unrecognized,Medium Truck,0.78,0,1,0.999396429758626,0.1131301944132929,19,False,True,R26;R27;R28;R29;R30;R31;R32;R33;R34;R35;R7;SL1;SL10;SL11;SL12;SL13;SL14;SL15;SL2;SL3;SL4;SL5;SL6;SL7;SL8;SL9,True,1.0,0.0,0.0,1.0,0.45,0.0,0.0,0.0,0.0,0.5,0.0,0.0,0.0,1.0,0.45,4.289774274968795,1.4853852637641214,4.33554630079134,0.9546660769570986,1.0,0.8089487002530481,0.0,1.0,0.0261890427453341,1.0,0.6936170212765957,1.0,1.0,1.0,1.0,1.0,1.0,1.0,1.0,0.0,0.0,1.0,1.0,0.0384615384615384,0.6666666666666667,0.0,0.5,1.0,0.6666666666666667,0.0,1,CANDIDATO_MULTISENAL_RUTA_COHERENTE,1,UNA_OPERACION_EN_HORARIO,PELLETS GIRASOL,,95500,30035388232,R30,True,FRAGMENTED_JOURNEYS|NO_MEASURABLE_SEGMENTS,30,R26;R27;R28;R29;R30;R31;R32;R33;R34;R35;R7;SL1;SL10;SL11;SL12;SL13;SL14;SL15;SL2;SL3;SL4;SL5;SL6;SL7;SL8;SL9,2815;2454;2436,False,True
18729,RicPreIngEgFr,2026-09-28 05:55:49,A375,EEW075,18824,18302,2026-09-28 05:27:14,2026-09-28 07:39:28,Silver,Unrecognized,Unrecognized,0.14,0,1,0.9991090005205748,0.9257472652710312,33,False,True,R16;R7;R9,True,0.0,1.0,0.0,1.0,0.5,0.0,0.0,1.0,0.0,0.5,0.0,0.0,1.0,0.0,0.5,3.387211139687416,4.650621448892009,4.892101977049168,0.2161583060247038,1.0,0.3221042916474388,0.0,1.0,0.0298507462686567,1.0,0.4557529204672747,1.0,1.0,0.1485148514851485,1.0,0.9048374180359596,1.0,1.0,1.0,0.0,0.0,1.0,1.0,0.3333333333333333,0.3333333333333333,0.0,0.0,1.0,0.3333333333333333,0.0,1,CANDIDATO_MULTISENAL_RUTA_COHERENTE,1,UNA_OPERACION_EN_HORARIO,SOJA,SILO_CHIEF_2,95817,10235335846,R29,False,FRAGMENTED_JOURNEYS|NO_MEASURABLE_SEGMENTS,30,R16;R7;R9,18824;18729;18302,False,False
24786,SLZVolcableC2,2026-09-27 00:49:06,IPTC74,PIC074,24996,24745,2026-09-27 00:02:26,2026-09-27 01:03:57,White,Mercedes-Benz,Large Truck,0.54,5,1,0.999093558798594,0.3978477770774833,13,False,True,R26;R27;R28;R29;R30;R31;R32;R7;SL10;SL11;SL12;SL13;SL8;SL9,True,1.0,1.0,1.0,1.0,0.5,1.0,1.0,1.0,1.0,0.5,0.0,0.0,1.0,1.0,0.5,3.864232341591797,2.763169500323289,4.135433187859786,0.7586020048767271,1.0,0.9982363315696648,1.0,1.0,0.3311258278145696,1.0,0.9169381107491856,1.0,1.0,0.5833333333333334,0.6065306597126334,0.6065306597126334,0.0,1.0,1.0,0.0,0.0,1.0,1.0,0.0714285714285714,0.5,1.0,0.0,1.0,0.5,0.0,1,CANDIDATO_MULTISENAL_RUTA_COHERENTE,1,UNA_OPERACION_EN_HORARIO,SOJA,VOLCABLE_PTO_2,2000652,10135318038,R7,True,FRAGMENTED_JOURNEYS|NO_MEASURABLE_SEGMENTS,30,R26;R27;R28;R29;R30;R31;R32;R7;SL10;SL11;SL12;SL13;SL8;SL9,24996;24786;24745,False,True
22157,SLZVolcableC2,2026-09-27 13:18:57,HL741,BHL749,22335,22115,2026-09-27 12:22:07,2026-09-27 13:30:55,Silver,Mercedes-Benz,Medium Truck,0.5,5,1,0.9989108046728016,0.978626304246514,17,False,True,R26;R27;R28;R29;R30;R31;R32;R7;SL10;SL11;SL12;SL13;SL8;SL9,True,0.0,1.0,0.0,1.0,0.5,0.0,0.0,0.0,1.0,0.5,0.0,0.0,1.0,1.0,0.5,4.057565310718804,2.562381961956291,4.245634009768327,0.8260658914728682,1.0,0.8241279069767442,1.0,1.0,0.3311258278145696,1.0,0.8857312018946122,1.0,1.0,0.5833333333333334,0.6065306597126334,0.6065306597126334,0.0,1.0,1.0,0.0,0.0,1.0,1.0,0.0714285714285714,0.6666666666666667,0.0,0.0,0.5,0.6666666666666667,0.0,1,CANDIDATO_MULTISENAL_RUTA_COHERENTE,1,UNA_OPERACION_EN_HORARIO,SOJA,SILO_CHIEF_2,95817,10235335272,R29,True,FRAGMENTED_JOURNEYS|NO_MEASURABLE_SEGMENTS,30,R26;R27;R28;R29;R30;R31;R32;R7;SL10;SL11;SL12;SL13;SL8;SL9,22335;22157;22115,False,True
11822,SLZBalIngFte,2026-09-29 01:56:52,T7D778,TZD778,11992,11667,2026-09-29 01:27:32,2026-09-29 02:39:58,White,Mercedes-Benz,Small Truck,0.86,0,1,0.9988573196386118,0.3618126264516219,30,False,True,R26;R27;R28;R29;R30;R31;R32;R7,True,0.0,0.0,1.0,1.0,0.5,1.0,1.0,1.0,1.0,0.8174603174603174,0.0,0.0,1.0,1.0,0.34375,3.41224721784874,3.7864597824528,4.296377965140188,0.4049700874367234,1.0,0.5988826815642458,1.0,1.0,0.3480603448275862,1.0,0.9227513227513228,1.0,1.0,0.3311258278145696,0.2725317930340126,1.0,1.0,1.0,1.0,1.0,1.0,0.0,1.0,0.125,0.8333333333333334,1.0,0.5,1.0,0.8333333333333334,0.0,1,CANDIDATO_MULTISENAL_RUTA_COHERENTE,1,UNA_OPERACION_EN_HORARIO,SOJA,VOLCABLE_PTO_3,2000655,10235339399,R7,True,FRAGMENTED_JOURNEYS|NO_MEASURABLE_SEGMENTS,30,R26;R27;R28;R29;R30;R31;R32;R7,11992;11822;11667,False,True
21443,SLZBalSC2Fte,2026-09-27 16:56:57,J517,JYY317,21625,21418,2026-09-27 16:11:22,2026-09-27 17:03:16,White,ISUZU,Large Truck,0.38,0,1,0.9988546528062968,0.9986684048772906,8,False,True,R26;R27;R28;R29;R30;R31;R32;R33;R34;R35;R7;SL1;SL10;SL11;SL12;SL13;SL14;SL15;SL2;SL3;SL4;SL5;SL6;SL7;SL8;SL9,True,0.0,1.0,0.0,1.0,0.45,0.0,0.0,1.0,1.0,0.5,1.0,1.0,1.0,1.0,0.45,3.8412428233670974,1.9901548508530704,3.968403338864253,0.8782915863840719,1.0,0.7862931892506754,0.0,1.0,0.0261890427453341,1.0,0.3985330073349633,1.0,1.0,1.0,1.0,1.0,1.0,1.0,1.0,0.0,0.0,1.0,1.0,0.0384615384615384,0.5,0.0,0.5,1.0,0.5,0.0,1,CANDIDATO_MULTISENAL_RUTA_COHERENTE,1,UNA_OPERACION_EN_HORARIO,SOJA,VOLCABLE_PTO_2,2000652,10135312597,R7,True,FRAGMENTED_JOURNEYS|NO_MEASURABLE_SEGMENTS,30,R26;R27;R28;R29;R30;R31;R32;R33;R34;R35;R7;SL1;SL10;SL11;SL12;SL13;SL14;SL15;SL2;SL3;SL4;SL5;SL6;SL7;SL8;SL9,21625;21443;21418,False,True
337,SLZIngCamFrente,2026-09-30 22:56:49,PS4358,CSZ358,1054,139,2026-09-30 19:50:17,2026-09-30 23:33:06,Black,Iveco,Medium Truck,0.54,5,1,0.9983733341548484,0.7691914834150277,82,False,True,R26;R27;R28;R29;R30;R31;R32;R33;R34;R35;R7,True,0.0,0.0,1.0,1.0,0.659297052154195,1.0,1.0,1.0,1.0,0.8873165618448637,0.0,0.0,0.0,1.0,0.360479797979798,5.233956607387647,3.6185463992680287,5.4108272643590745,0.8371605954072855,1.0,0.1193191944394938,1.0,1.0,0.1840796019900497,1.0,0.1884911644766651,1.0,1.0,0.59375,0.6065306597126334,0.6065306597126334,0.0,1.0,1.0,1.0,0.0,0.0,1.0,0.0909090909090909,0.6666666666666667,1.0,0.5,1.0,0.6666666666666667,0.0,1,CANDIDATO_MULTISENAL_RUTA_COHERENTE,0,SIN_OPERACION_EN_HORARIO,,,,,,,,30,R26;R27;R28;R29;R30;R31;R32;R33;R34;R35;R7,1054;398;337;139,False,False
6999,RicCal04,2026-09-29 20:12:35,MIW9N9,MIW979,7292,6923,2026-09-29 18:41:00,2026-09-29 20:33:41,White,Iveco,Large Truck,0.74,0,1,0.9983533440683838,0.9504978734380832,29,False,True,R26;R27;R28;R29;R30;R31;R32;R33;R34;R35;R7,True,0.0,0.0,0.0,1.0,0.4619047619047619,1.0,1.0,1.0,1.0,0.6461538461538461,0.0,0.0,1.0,1.0,0.119485294117647,4.5281091398516295,3.095577608523707,4.733416805432618,0.8127495932554356,1.0,0.4438009049773755,1.0,1.0,0.4554455445544554,1.0,0.9678864824495892,1.0,1.0,0.1840796019900497,1.0,0.9048374180359596,1.0,1.0,1.0,0.0,0.0,1.0,0.0,0.0909090909090909,0.8333333333333334,1.0,1.0,0.5,0.8333333333333334,0.0,1,CANDIDATO_MULTISENAL_RUTA_COHERENTE,1,UNA_OPERACION_EN_HORARIO,SOJA,VOLCABLE_PTO_5,2000655,10235356348,R7,True,NO_MEASURABLE_SEGMENTS,30,R26;R27;R28;R29;R30;R31;R32;R33;R34;R35;R7,7292;6999;6923,False,True
10064,SLZBalSC2Fte,2026-09-29 09:37:42,HXV,RXV065,10465,10032,2026-09-29 08:43:01,2026-09-29 09:42:07,White,Scania,Medium Truck,0.18,0,1,0.998197531812998,0.9367491346833592,14,False,True,R26;R27;R28;R29;R30;R31;R32;R33;R34;R35;R7;SL1;SL10;SL11;SL12;SL13;SL14;SL15;SL2;SL3;SL4;SL5;SL6;SL7;SL8;SL9,True,0.0,1.0,0.0,1.0,0.45,0.0,1.0,0.0,1.0,0.5,1.0,1.0,1.0,1.0,0.45,4.019680880134656,1.6894806201076369,4.096009841541162,0.92526790750141,1.0,0.9415612114318214,0.0,1.0,0.0261890427453341,1.0,0.552542372881356,1.0,1.0,1.0,1.0,1.0,1.0,1.0,1.0,0.0,0.0,1.0,1.0,0.0384615384615384,0.3333333333333333,0.0,0.5,0.0,0.3333333333333333,0.0,1,CANDIDATO_MULTISENAL_RUTA_COHERENTE,0,SIN_OPERACION_EN_HORARIO,,,,,,,,30,R26;R27;R28;R29;R30;R31;R32;R33;R34;R35;R7;SL1;SL10;SL11;SL12;SL13;SL14;SL15;SL2;SL3;SL4;SL5;SL6;SL7;SL8;SL9,10465;10064;10032,False,False
15662,SLZBalSC2Fte,2026-09-28 13:35:49,LTG2,NTB872,15981,15635,2026-09-28 12:52:03,2026-09-28 13:39:31,White,Iveco,Large Truck,0.34,0,1,0.9980375840221484,0.8465263922099282,10,False,True,R26;R27;R28;R29;R30;R31;R32;R33;R34;R35;R7;SL1;SL10;SL11;SL12;SL13;SL14;SL15;SL2;SL3;SL4;SL5;SL6;SL7;SL8;SL9,True,1.0,1.0,1.0,1.0,0.45,0.0,1.0,0.0,1.0,0.5,0.0,1.0,0.0,1.0,0.45,3.801463814861082,1.547562508716013,3.880876276431309,0.9220505617977528,1.0,0.7552964595478459,0.0,1.0,0.0261890427453341,1.0,0.6468253968253969,1.0,1.0,1.0,1.0,1.0,1.0,1.0,1.0,0.0,0.0,1.0,1.0,0.0384615384615384,0.3333333333333333,0.0,0.5,0.5,0.3333333333333333,0.0,1,CANDIDATO_MULTISENAL_RUTA_COHERENTE,1,UNA_OPERACION_EN_HORARIO,SOJA,VOLCABLE_PTO_3,2000655,10135333445,R7,True,FRAGMENTED_JOURNEYS|NO_MEASURABLE_SEGMENTS,30,R26;R27;R28;R29;R30;R31;R32;R33;R34;R35;R7;SL1;SL10;SL11;SL12;SL13;SL14;SL15;SL2;SL3;SL4;SL5;SL6;SL7;SL8;SL9,15981;15662;15635,False,True
9371,SLZVolcableC2,2026-09-29 11:35:19,FF177,EPH797,9456,9290,2026-09-29 11:23:43,2026-09-29 11:47:37,Black,Unrecognized,Unrecognized,0.18,46,1,0.9971736041793512,0.7105883767579211,7,False,True,R26;R27;R28;R29;R30;R31;R32;R7;SL10;SL11;SL12;SL13;SL8;SL9,True,0.0,0.0,0.0,1.0,0.5,0.0,0.0,0.0,0.0,0.5,0.0,0.0,0.0,0.0,0.5,2.533696813957432,2.5877640352277083,3.214867803470662,0.4853556485355648,1.0,0.2560846560846561,1.0,1.0,0.3311258278145696,1.0,0.9094138543516874,1.0,1.0,0.5833333333333334,0.0100518357446335,0.0100518357446335,0.0,1.0,1.0,0.0,0.0,1.0,1.0,0.0714285714285714,0.3333333333333333,0.0,0.0,0.5,0.3333333333333333,0.0,1,CANDIDATO_MULTISENAL_RUTA_COHERENTE,1,UNA_OPERACION_EN_HORARIO,SAL GLICERINOSA,,11031,0,,,FRAGMENTED_JOURNEYS|MISSING_PLATFORM|NO_MEASURABLE_SEGMENTS,30,R26;R27;R28;R29;R30;R31;R32;R7;SL10;SL11;SL12;SL13;SL8;SL9,9456;9371;9290,False,False
15905,SLZIngCamFrente,2026-09-28 13:04:24,EE05,EEW075,16028,15880,2026-09-28 12:46:10,2026-09-28 13:08:05,Silver,Mercedes-Benz,Medium Truck,0.66,5,1,0.9966235397520916,0.9963644488598896,3,False,True,R26;R27;R28;R29;R30;R31;R32;R33;R34;R35;R7,True,0.0,0.0,1.0,1.0,0.532312925170068,1.0,0.0,0.0,1.0,0.7612481857764877,1.0,1.0,1.0,1.0,0.3098262032085561,2.9566448848459443,1.5440101071116452,3.131864447878571,0.8319391634980988,1.0,0.8394324122479462,1.0,1.0,0.1840796019900497,1.0,0.6033653846153846,1.0,1.0,0.59375,0.6065306597126334,0.6065306597126334,0.0,1.0,1.0,0.0,0.0,0.0,1.0,0.0909090909090909,0.6666666666666667,0.0,1.0,0.5,0.6666666666666667,0.0,1,CANDIDATO_MULTISENAL_RUTA_COHERENTE,0,SIN_OPERACION_EN_HORARIO,,,,,,,,30,R26;R27;R28;R29;R30;R31;R32;R33;R34;R35;R7,16028;15905;15880,False,False
24130,RicEgrCamFrente,2026-09-27 03:25:41,KNP66,KNP563,24246,23962,2026-09-27 03:08:27,2026-09-27 03:42:06,Black,Unrecognized,Unrecognized,0.66,1,1,0.9963711614442928,0.9895424120388704,10,False,True,R26;R27;R28;R29;R30;R31;R32;R33;R34;R35;R7,True,0.0,1.0,0.0,1.0,0.5357142857142857,0.0,0.0,0.0,0.0,0.8333333333333333,0.0,0.0,0.0,0.0,0.4479166666666666,2.9032514207598257,2.8574276021768106,3.5452977256359124,0.5121347201584943,1.0,0.625,1.0,1.0,0.3034825870646767,1.0,0.9468283582089552,1.0,1.0,0.3480603448275862,0.9048374180359596,0.9048374180359596,0.0,1.0,1.0,0.0,0.0,1.0,0.0,0.0909090909090909,0.6666666666666667,0.0,1.0,0.5,0.6666666666666667,0.0,1,CANDIDATO_MULTISENAL_RUTA_COHERENTE,0,SIN_OPERACION_EN_HORARIO,,,,,,,,30,R26;R27;R28;R29;R30;R31;R32;R33;R34;R35;R7,24246;24130;23962,False,False
4039,SLZBalSC2Fte,2026-09-30 11:05:56,X948,UWX998,4302,3840,2026-09-30 10:24:55,2026-09-30 11:32:39,Red,Toyota,Small Truck,0.26,0,1,0.9959324659500672,0.0982714180659428,23,False,True,SL10;SL11;SL12;SL13;SL14;SL15;SL8;SL9,True,1.0,0.0,0.0,1.0,0.5,0.0,0.0,0.0,1.0,0.5,0.0,0.0,1.0,1.0,0.5,3.7380663649658192,3.322033916970827,4.23023428291475,0.6055610236220472,1.0,0.708374804493104,0.0,1.0,0.0261890427453341,1.0,0.462213416360034,0.0,1.0,0.1704545454545454,1.0,1.0,1.0,1.0,1.0,0.0,1.0,1.0,0.0,0.125,0.5,0.0,0.0,0.5,0.5,0.0,1,CANDIDATO_MULTISENAL_RUTA_COHERENTE,1,UNA_OPERACION_EN_HORARIO,PELLETS GIRASOL,,95500,30035379946,R30,False,FRAGMENTED_JOURNEYS|NO_MEASURABLE_SEGMENTS,30,SL10;SL11;SL12;SL13;SL14;SL15;SL8;SL9,4302;4039;3840,False,False
11713,SLZIngCamFrente,2026-09-29 02:28:16,HAW48,RAW481,11798,10881,2026-09-29 02:03:36,2026-09-29 07:12:56,Black,Unrecognized,Unrecognized,0.46,5,1,0.99561202196464,0.4611112394262386,36,False,True,R26;R27;R28;R29;R30;R31;R32;R7,True,0.0,0.0,0.0,1.0,0.5277777777777778,0.0,0.0,0.0,0.0,0.5625,0.0,0.0,1.0,0.0,0.5277777777777778,3.245193133185574,5.65482562992967,5.737646988608957,0.0797413793103448,1.0,0.8867549668874173,1.0,1.0,0.1840796019900497,1.0,0.1882524839275277,1.0,1.0,0.1966059602649007,0.6065306597126334,0.6065306597126334,0.0,1.0,1.0,0.0,0.0,0.0,1.0,0.125,0.6666666666666667,0.0,0.5,0.0,0.6666666666666667,0.0,1,CANDIDATO_MULTISENAL_RUTA_COHERENTE,1,UNA_OPERACION_EN_HORARIO,SOJA,SILO_CHIEF_2,95817,10235351861,R29,True,FRAGMENTED_JOURNEYS|NO_MEASURABLE_SEGMENTS,30,R26;R27;R28;R29;R30;R31;R32;R7,11798;11758;11713;10881,False,True
17523,SLZBalSC2Fte,2026-09-28 09:41:35,O04,UPW705,18946,17496,2026-09-28 05:03:00,2026-09-28 09:45:18,Red,Citroën,Sedan,0.14,0,1,0.9953564068190078,0.9030830767084712,10,False,True,R26;R27;R28;R29;R30;R31;R32;R33;R34;R35;R7,True,0.0,0.0,0.0,1.0,0.45,0.0,1.0,0.0,1.0,0.5,0.0,0.0,0.0,1.0,0.45,5.633300399617782,1.551102335421137,5.646506406836471,0.986834336993742,1.0,0.2589728277097641,0.0,1.0,0.0044299873300565,1.0,0.6442687747035574,1.0,1.0,1.0,1.0,1.0,1.0,1.0,1.0,0.0,0.0,0.0,1.0,0.0909090909090909,0.1666666666666666,0.0,0.0,0.5,0.1666666666666666,0.0,1,CANDIDATO_MULTISENAL_RUTA_COHERENTE,0,SIN_OPERACION_EN_HORARIO,,,,,,,,30,R26;R27;R28;R29;R30;R31;R32;R33;R34;R35;R7,18946;17523;17496,False,False
6074,SLZVolcableC5,2026-09-30 02:25:57,AD788T5,AD788TS,6350,6050,2026-09-30 00:13:03,2026-09-30 02:35:39,White,Mercedes-Benz,Large Truck,0.86,0,1,0.994939193044418,0.2667779352550604,9,False,True,R26;R27;R28;R29;R30;R31;R32;R7;SL10;SL11;SL12;SL13;SL8;SL9,True,1.0,1.0,1.0,1.0,0.7976190476190477,0.0,1.0,0.0,1.0,0.8614718614718615,0.0,1.0,0.0,1.0,0.6002747252747253,4.897093252697127,2.3702437414678603,4.967031656614124,0.9319775596072932,1.0,0.3541979010494753,1.0,1.0,0.3311258278145696,1.0,0.7246891651865008,1.0,1.0,0.5833333333333334,1.0,1.0,1.0,1.0,1.0,0.0,0.0,1.0,1.0,0.0714285714285714,0.8571428571428572,1.0,1.0,0.5,1.0,0.0,1,CANDIDATO_MULTISENAL_RUTA_COHERENTE,1,UNA_OPERACION_EN_HORARIO,SOJA,VOLCABLE_PTO_5,2000655,10135365014,R7,True,FRAGMENTED_JOURNEYS|NO_MEASURABLE_SEGMENTS,30,R26;R27;R28;R29;R30;R31;R32;R7;SL10;SL11;SL12;SL13;SL8;SL9,6350;6074;6050,False,True
19626,RicS6Playa3,2026-09-28 01:45:05,BV100,BVS300,19654,19271,2026-09-28 01:36:42,2026-09-28 03:13:32,Gray,Unrecognized,Medium Truck,0.82,0,1,0.9943546698951444,0.8013077556972134,8,False,True,R26;R27;R28;R29;R30;R31;R32,True,0.0,0.0,1.0,1.0,0.4428571428571428,0.0,0.0,0.0,0.0,0.5,0.0,0.0,0.0,1.0,0.3857142857142857,2.2389350659175897,4.493679809954728,4.583265350600041,0.0865748709122203,1.0,0.6322657176749703,0.0,1.0,0.1094527363184079,1.0,0.9476207386363636,0.0,1.0,0.15625,1.0,1.0,1.0,1.0,1.0,1.0,0.0,1.0,0.0,0.1428571428571428,0.6666666666666667,0.0,1.0,1.0,0.6666666666666667,0.0,1,CANDIDATO_MULTISENAL_RUTA_COHERENTE,2,OPERACIONES_AMBIGUAS,SOJA,SILO_CHIEF_2;VOLCABLE_PTO_3,2000662;95817,10235335490;10235335581,R29;R7,True,FRAGMENTED_JOURNEYS|NO_MEASURABLE_SEGMENTS,30,R26;R27;R28;R29;R30;R31;R32,19654;19626;19271,False,True
8606,RicEgrCamFrente,2026-09-29 13:46:37,EVL2731,EVL273,8944,8519,2026-09-29 12:54:16,2026-09-29 13:57:53,Silver,Mercedes-Benz,Medium Truck,0.82,5,1,0.9937802595251573,0.3841384625031293,25,False,True,R26;R27;R28;R29;R30;R31;R32,True,0.0,0.0,1.0,1.0,0.5073529411764706,0.0,1.0,0.0,1.0,0.6611111111111111,0.0,1.0,0.0,1.0,0.5948051948051948,3.976873977747762,2.506885556506776,4.168472375448829,0.8228975635315693,1.0,0.311156903149838,1.0,1.0,0.15625,1.0,0.9971671388101984,1.0,1.0,0.5862068965517241,0.6065306597126334,1.0,0.0,1.0,1.0,1.0,1.0,1.0,0.0,0.1428571428571428,0.8571428571428572,0.0,1.0,0.0,0.8571428571428572,0.0,1,CANDIDATO_MULTISENAL_RUTA_COHERENTE,1,UNA_OPERACION_EN_HORARIO,SOJA,SILO_CHIEF_2,95817,10235360804,R29,True,FRAGMENTED_JOURNEYS|NO_MEASURABLE_SEGMENTS,30,R26;R27;R28;R29;R30;R31;R32,8944;8606;8519,False,True
19340,RicB2Egreso,2026-09-28 03:01:25,6197,OLC967,19610,19013,2026-09-28 01:50:41,2026-09-28 04:47:11,White,Unrecognized,Bus,0.22,5,1,0.993424224830424,0.5329555346451993,26,False,True,R10;R11;R12;R13;R14;R15;R16;R26;R27;R28;R29;R30;R31;R32;R33;R34;R9;RS_DESP,True,1.0,1.0,1.0,1.0,0.5,0.0,0.0,0.0,0.0,0.5,1.0,0.0,0.0,1.0,0.5,4.272955539619519,4.670645767947002,5.178970608915471,0.4007554296506138,1.0,0.7250818905007019,0.0,1.0,0.0137090632140137,1.0,0.6775407779171895,0.0,1.0,0.043103448275862,0.6065306597126334,0.6065306597126334,0.0,1.0,1.0,0.0,0.0,1.0,1.0,0.0555555555555555,0.3333333333333333,0.0,0.0,0.5,0.5,0.0,1,CANDIDATO_MULTISENAL_RUTA_COHERENTE,1,UNA_OPERACION_EN_HORARIO,SOJA,VOLCABLE_PTO_5,2000652,10235309795,R7,False,FRAGMENTED_JOURNEYS|NO_MEASURABLE_SEGMENTS,30,R10;R11;R12;R13;R14;R15;R16;R26;R27;R28;R29;R30;R31;R32;R33;R34;R9;RS_DESP,19610;19340;19013,False,False
3133,SLZBalSC2Fte,2026-09-30 13:15:29,PN2,RNM392,3214,3115,2026-09-30 12:56:41,2026-09-30 13:18:46,Red,Unrecognized,Medium Truck,0.26,0,1,0.9931451152784267,0.9463552969596184,2,False,True,R26;R27;R28;R29;R30;R31;R32;R7;SL10;SL11;SL12;SL13;SL8;SL9,True,0.0,1.0,0.0,1.0,0.45,0.0,0.0,1.0,0.0,0.5,1.0,0.0,0.0,1.0,0.45,2.9856819377004897,1.454731522673119,3.139110856399338,0.8513207547169811,1.0,0.6144214162348878,0.0,1.0,0.0476190476190476,1.0,0.7180616740088106,1.0,1.0,1.0,1.0,1.0,1.0,1.0,1.0,0.0,0.0,1.0,1.0,0.0714285714285714,0.3333333333333333,0.0,0.5,0.5,0.3333333333333333,0.0,1,CANDIDATO_MULTISENAL_RUTA_COHERENTE,1,UNA_OPERACION_EN_HORARIO,PELLETS GIRASOL,,95500,30035382610,R30,True,FRAGMENTED_JOURNEYS|NO_MEASURABLE_SEGMENTS,30,R26;R27;R28;R29;R30;R31;R32;R7;SL10;SL11;SL12;SL13;SL8;SL9,3214;3133;3115,False,True
24767,RicEgrCamFrente,2026-09-27 00:55:22,KYHS60,KYR960,24972,24706,2026-09-27 00:06:38,2026-09-27 01:15:55,White,Unrecognized,Unrecognized,0.7,1,1,0.9930825875282016,0.9860161802139767,14,False,True,R26;R27;R28;R29;R30;R31;R32;R33;R34;R35;R7,True,1.0,0.0,0.0,1.0,0.5514705882352942,0.0,0.0,0.0,0.0,0.7444444444444445,0.0,0.0,0.0,0.0,0.6590909090909091,3.906675399101551,3.070375816549757,4.252534691524459,0.7033918691363964,1.0,0.9641164522681108,1.0,1.0,0.1485148514851485,1.0,0.557403008709422,0.0,1.0,0.5862068965517241,0.9048374180359596,0.6703200460356393,0.0,1.0,1.0,0.0,0.0,1.0,0.0,0.0909090909090909,0.6666666666666667,1.0,1.0,1.0,0.6666666666666667,0.0,1,CANDIDATO_MULTISENAL_RUTA_COHERENTE,1,UNA_OPERACION_EN_HORARIO,SOJA,VOLCABLE_PTO_5,2000652,10135314968,R7,True,NO_MEASURABLE_SEGMENTS,30,R26;R27;R28;R29;R30;R31;R32;R33;R34;R35;R7,24972;24767;24706,False,True
16280,SLZTK400,2026-09-28 12:06:29,I911,FDH917,16405,15900,2026-09-28 11:50:33,2026-09-28 13:05:07,White,Unrecognized,Small Truck,0.18,0,1,0.9929669443810942,0.1043955408126042,32,False,True,SL3;SL6,True,1.0,1.0,1.0,1.0,0.7346153846153847,0.0,0.0,1.0,0.0,0.6868686868686869,0.0,0.0,1.0,1.0,0.3307692307692308,2.8292840659163265,4.088214701846564,4.325015268845373,0.2136790344210997,1.0,0.1556795131845841,1.0,1.0,0.0529801324503311,1.0,0.8396279594137541,1.0,1.0,0.7857142857142857,1.0,1.0,1.0,1.0,1.0,0.0,0.0,1.0,1.0,0.5,0.3333333333333333,0.0,0.0,0.5,0.3333333333333333,0.0,1,CANDIDATO_MULTISENAL_RUTA_COHERENTE,0,SIN_OPERACION_EN_HORARIO,,,,,,,,30,SL3;SL6,16405;16280;15900,False,False
2367,RicB1Ingreso,2026-09-30 15:34:54,DE560,CFQ560,2414,2302,2026-09-30 15:28:28,2026-09-30 15:40:59,Silver,Mercedes-Benz,Medium Truck,0.78,5,1,0.9927442080910328,0.9109506819424826,3,False,True,R1;R10;R11;R12;R13;R14;R15;R2;R21;R22;R23;R24;R25;R26;R27;R28;R29;R3;R30;R31;R32;R4;R5;R6;R9;RS_REC;SL10;SL11;SL12;SL13;SL8;SL9,True,0.0,0.0,1.0,1.0,0.4841269841269841,1.0,1.0,1.0,1.0,0.8333333333333334,1.0,1.0,1.0,1.0,0.7279411764705883,2.0059743897979634,1.957744606702316,2.6039234918933123,0.5139813581890812,1.0,0.8,1.0,1.0,0.0646766169154228,1.0,0.8936708860759492,1.0,1.0,0.4038461538461538,0.6065306597126334,0.6065306597126334,0.0,1.0,1.0,1.0,1.0,1.0,1.0,0.03125,0.5,0.0,0.0,1.0,0.5,0.0,1,CANDIDATO_MULTISENAL_RUTA_COHERENTE,1,UNA_OPERACION_EN_HORARIO,PELLETS GIRASOL,,95500,30035387088,R30,True,FRAGMENTED_JOURNEYS|NO_MEASURABLE_SEGMENTS,30,R1;R10;R11;R12;R13;R14;R15;R2;R21;R22;R23;R24;R25;R26;R27;R28;R29;R3;R30;R31;R32;R4;R5;R6;R9;RS_REC;SL10;SL11;SL12;SL13;SL8;SL9,2414;2367;2302,False,True
19616,SLZVolcableC5,2026-09-28 01:48:57,V459,CGV979,20418,19537,2026-09-27 22:05:01,2026-09-28 02:17:18,White,Iveco,Medium Truck,0.34,0,1,0.990436532709181,0.1216900840193254,32,False,True,SL10;SL11;SL12;SL13;SL8;SL9,True,0.0,0.0,0.0,1.0,0.5892857142857143,1.0,1.0,1.0,1.0,0.7023809523809523,1.0,1.0,1.0,1.0,0.3964285714285714,5.415804062003703,3.379292546274105,5.534508756711505,0.8876263460395059,1.0,0.2105302242685281,0.0,1.0,0.3311258278145696,1.0,0.9656903765690376,1.0,1.0,0.1309523809523809,1.0,1.0,1.0,1.0,1.0,0.0,0.0,1.0,0.0,0.1666666666666666,0.3333333333333333,0.0,0.0,0.5,0.3333333333333333,0.0,1,CANDIDATO_MULTISENAL_RUTA_COHERENTE,0,SIN_OPERACION_EN_HORARIO,,,,,,,,30,SL10;SL11;SL12;SL13;SL8;SL9,20418;19616;19567;19537,False,False
3749,SLZBalIngTras,2026-09-30 11:43:04,I368,OIY765,4346,3061,2026-09-30 10:19:47,2026-09-30 13:29:38,Black,Unrecognized,Sedan,0.24,0,1,0.9815201002115628,0.6767633655877313,104,False,True,R26;R27;R28;R29;R30;R31;R32;R33;R34;R35;R7,True,1.0,0.0,0.0,1.0,0.325,0.0,0.0,0.0,0.0,0.5,0.0,0.0,0.0,1.0,0.4404761904761904,4.434184138857883,4.678110810389806,5.251487779191239,0.4386796593802124,1.0,0.1446190570917048,0.0,1.0,1.0,1.0,0.7932752179327522,1.0,1.0,1.0,0.004086771438464,1.0,1.0,1.0,1.0,0.0,0.0,0.0,1.0,0.0909090909090909,0.3333333333333333,0.0,0.0,0.5,0.3333333333333333,0.0,1,CANDIDATO_MULTISENAL_RUTA_COHERENTE,0,SIN_OPERACION_EN_HORARIO,,,,,,,,30,R26;R27;R28;R29;R30;R31;R32;R33;R34;R35;R7,4346;3749;3061,False,False
23884,SLZVolcableC5,2026-09-27 03:47:29,AA082,AA087XZ,24230,22913,2026-09-27 03:11:23,2026-09-27 07:53:22,White,Unrecognized,Medium Truck,0.42,0,1,0.981139623440928,0.935584314943554,25,False,True,SL10;SL11;SL12;SL13;SL8;SL9,True,1.0,1.0,1.0,1.0,0.5892857142857143,0.0,0.0,1.0,0.0,0.7023809523809523,1.0,1.0,1.0,1.0,0.4464285714285714,3.6136169696133895,5.508915890359951,5.645388003093911,0.1280217506944855,1.0,0.7746031746031746,1.0,1.0,0.3311258278145696,1.0,0.2850909828857471,1.0,1.0,0.0994318181818181,1.0,1.0,1.0,1.0,1.0,0.0,0.0,1.0,0.0,0.1666666666666666,0.5714285714285714,0.0,1.0,0.0,0.7142857142857143,0.0,1,CANDIDATO_MULTISENAL_RUTA_COHERENTE,1,UNA_OPERACION_EN_HORARIO,SOJA,SILO_CHIEF_2,95817,10235332789,R29,False,FRAGMENTED_JOURNEYS|NO_MEASURABLE_SEGMENTS,30,SL10;SL11;SL12;SL13;SL8;SL9,24230;23884;22913,False,False
9360,SLZVolcableC2,2026-09-29 11:35:55,AAMAA,AA703FC,9515,9303,2026-09-29 11:17:13,2026-09-29 11:46:05,Blue,Unrecognized,Unrecognized,0.14,26,1,0.9763232133497252,0.7707734744073351,9,False,True,R26;R27;R28;R29;R30;R31;R32;R7;SL10;SL11;SL12;SL13;SL8;SL9,True,0.0,0.0,0.0,1.0,0.5,0.0,0.0,0.0,0.0,0.5,0.0,0.0,0.0,0.0,0.5,2.9806186357439426,2.412933150162911,3.396743031312776,0.6478060046189377,1.0,0.4063492063492063,1.0,1.0,0.3311258278145696,1.0,0.7578448786264061,1.0,1.0,0.5833333333333334,0.0742735782143338,0.0742735782143338,0.0,1.0,1.0,0.0,0.0,1.0,1.0,0.0714285714285714,0.2857142857142857,0.0,1.0,0.0,0.2857142857142857,0.0,1,CANDIDATO_MULTISENAL_RUTA_COHERENTE,1,UNA_OPERACION_EN_HORARIO,TIERRA DESC FILTROS,,11046,0,,,FRAGMENTED_JOURNEYS|MISSING_PLATFORM|NO_MEASURABLE_SEGMENTS,30,R26;R27;R28;R29;R30;R31;R32;R7;SL10;SL11;SL12;SL13;SL8;SL9,9515;9360;9303,False,False
16206,SLZBalSC2Fte,2026-09-28 12:17:18,IUE0,HWU967,16343,16185,2026-09-28 11:58:58,2026-09-28 12:19:20,White,Iveco,Medium Truck,0.12,0,1,0.9697951352894442,0.7279884227895866,2,False,True,SL3;SL6,True,1.0,1.0,1.0,1.0,0.45,0.0,1.0,0.0,1.0,0.5,0.0,1.0,0.0,1.0,0.45,2.961830721878309,1.1096621248546947,3.061832075258515,0.900163666121113,1.0,0.1257301808066759,0.0,1.0,0.0535714285714285,1.0,0.9325153374233128,1.0,1.0,1.0,1.0,1.0,1.0,1.0,1.0,0.0,0.0,1.0,1.0,0.5,0.1666666666666666,0.0,0.0,0.0,0.1666666666666666,0.0,1,CANDIDATO_MULTISENAL_RUTA_COHERENTE,1,UNA_OPERACION_EN_HORARIO,RESIDUOS ASIMILABLES A DOMICILIARIOS,,11004,0,,,FRAGMENTED_JOURNEYS|MISSING_PLATFORM|NO_MEASURABLE_SEGMENTS,30,SL3;SL6,16343;16206;16185,False,False
24525,SLZVolcableC5,2026-09-27 01:59:15,DON40224,JGA124,24721,23810,2026-09-27 01:13:45,2026-09-27 03:56:09,White,Daewoo,Large Truck,0.18,0,1,0.9626181154079538,0.8836824244166098,32,False,True,R26;R27;R28;R29;R30;R31;R32;R7;SL10;SL11;SL12;SL13;SL8;SL9,True,1.0,1.0,1.0,1.0,0.8583333333333334,0.0,0.0,1.0,1.0,0.7215909090909092,0.0,1.0,0.0,1.0,0.6538461538461539,3.8394523125933104,4.769836807543325,5.096201182425903,0.2801724137931034,1.0,0.8568767463520646,1.0,1.0,0.1966059602649007,1.0,0.1198892674616695,0.0,1.0,0.5833333333333334,0.9048374180359596,1.0,1.0,1.0,1.0,0.0,0.0,1.0,1.0,0.0714285714285714,0.25,0.0,0.0,1.0,0.25,0.0,1,CANDIDATO_MULTISENAL_RUTA_COHERENTE,1,UNA_OPERACION_EN_HORARIO,SOJA,VOLCABLE_PTO_5,2000652,10135314820,R7,True,FRAGMENTED_JOURNEYS|NO_MEASURABLE_SEGMENTS,30,R26;R27;R28;R29;R30;R31;R32;R7;SL10;SL11;SL12;SL13;SL8;SL9,24721;24525;23810,False,True
6026,SLZVolcableC5,2026-09-30 03:06:22,AB84400,AG844OC,6312,5976,2026-09-30 00:30:43,2026-09-30 03:21:47,White,Unrecognized,Large Truck,0.38,0,1,0.9608195004782858,0.8222358872729416,12,False,True,R26;R27;R28;R29;R30;R31;R32;R7;SL10;SL11;SL12;SL13;SL8;SL9,True,1.0,1.0,1.0,1.0,0.8583333333333334,0.0,0.0,1.0,0.0,0.7215909090909092,0.0,1.0,0.0,1.0,0.6538461538461539,5.054014017398201,2.798297078949988,5.147881998616404,0.909879189399844,1.0,0.3437933610844274,1.0,1.0,0.1966059602649007,1.0,0.8842931937172775,1.0,1.0,0.5833333333333334,0.6065306597126334,1.0,1.0,1.0,1.0,0.0,0.0,1.0,1.0,0.0714285714285714,0.5714285714285714,1.0,0.5,0.0,0.7142857142857143,0.0,1,CANDIDATO_MULTISENAL_RUTA_COHERENTE,1,UNA_OPERACION_EN_HORARIO,SOJA,VOLCABLE_PTO_5,2000655,10235348067,R7,True,FRAGMENTED_JOURNEYS|NO_MEASURABLE_SEGMENTS,30,R26;R27;R28;R29;R30;R31;R32;R7;SL10;SL11;SL12;SL13;SL8;SL9,6312;6026;5976,False,True
5819,SLZVolcableC5,2026-09-30 05:30:27,AB041,AB028DO,5965,5745,2026-09-30 03:26:27,2026-09-30 05:51:54,White,Unrecognized,Large Truck,0.36,0,1,0.9586271770598002,0.5699613705570074,6,False,True,R26;R27;R28;R29;R30;R31;R32;R7;SL10;SL11;SL12;SL13;SL8;SL9,True,1.0,1.0,1.0,1.0,0.7976190476190477,0.0,0.0,0.0,0.0,0.8614718614718615,0.0,1.0,0.0,1.0,0.6002747252747253,4.8283137373023015,3.1112906141882632,4.986684073273742,0.8525266414575455,1.0,0.3795180722891566,1.0,1.0,0.3311258278145696,1.0,0.6412300683371299,1.0,1.0,0.5833333333333334,1.0,1.0,1.0,1.0,1.0,0.0,0.0,1.0,1.0,0.0714285714285714,0.4285714285714286,0.0,1.0,0.0,0.4285714285714286,0.0,1,CANDIDATO_MULTISENAL_RUTA_COHERENTE,1,UNA_OPERACION_EN_HORARIO,SOJA,VOLCABLE_PTO_5,2000655,10235366077,R7,True,FRAGMENTED_JOURNEYS|NO_MEASURABLE_SEGMENTS,30,R26;R27;R28;R29;R30;R31;R32;R7;SL10;SL11;SL12;SL13;SL8;SL9,5965;5819;5745,False,True
398,RicEgrCamFrente,2026-09-30 22:45:52,P358,CSZ358,1054,139,2026-09-30 19:50:17,2026-09-30 23:33:06,Black,Iveco,Medium Truck,0.62,1,1,0.9537677755242496,0.606917931758225,45,False,True,R26;R27;R28;R29;R30;R31;R32;R33;R34;R35;R7,True,0.0,0.0,1.0,1.0,0.5357142857142857,1.0,1.0,1.0,1.0,0.8333333333333333,0.0,0.0,0.0,1.0,0.4479166666666666,5.173792908480299,3.876050344969328,5.4108272643590745,0.7880170543795347,1.0,0.0629436819687647,0.0,1.0,0.3034825870646767,1.0,0.3743016759776537,0.0,1.0,0.3480603448275862,0.9048374180359596,0.9048374180359596,0.0,1.0,1.0,1.0,0.0,1.0,0.0,0.0909090909090909,0.5,0.0,0.0,1.0,0.5,0.0,1,CANDIDATO_MULTISENAL_RUTA_COHERENTE,0,SIN_OPERACION_EN_HORARIO,,,,,,,,30,R26;R27;R28;R29;R30;R31;R32;R33;R34;R35;R7,1054;398;337;139,False,False
15508,SLZTK400,2026-09-28 14:01:33,PB91,AB821NP,15630,15123,2026-09-28 13:40:09,2026-09-28 14:59:07,Black,Scania,Large Truck,0.2,0,1,0.9466647388323888,0.0902959294470572,49,False,True,SL3;SL6,True,0.0,0.0,1.0,1.0,0.7346153846153847,0.0,1.0,0.0,1.0,0.6868686868686869,1.0,1.0,1.0,1.0,0.3307692307692308,3.109060958860994,4.070165706524942,4.381609881177539,0.2710004221190376,1.0,0.1168188736681887,1.0,1.0,0.0529801324503311,1.0,0.8550516647531573,1.0,1.0,0.7857142857142857,1.0,1.0,1.0,1.0,1.0,0.0,0.0,1.0,1.0,0.5,0.2857142857142857,0.0,0.5,0.0,0.2857142857142857,0.0,1,CANDIDATO_MULTISENAL_RUTA_COHERENTE,1,UNA_OPERACION_EN_HORARIO,SOJA,VOLCABLE_PTO_4,2000655,10135331076,R7,False,FRAGMENTED_JOURNEYS|NO_MEASURABLE_SEGMENTS,30,SL3;SL6,15630;15508;15123,False,False
15967,SLZBalSC2Fte,2026-09-28 12:54:04,AC00,AC085XD,16077,15936,2026-09-28 12:38:36,2026-09-28 12:58:42,White,Unrecognized,Large Truck,0.42,0,1,0.9327971051648248,0.932442751787249,7,False,True,R26;R27;R28;R29;R30;R31;R32;R7;SL10;SL11;SL12;SL13;SL8;SL9,True,1.0,1.0,1.0,1.0,0.45,0.0,0.0,1.0,0.0,0.5,1.0,1.0,1.0,1.0,0.45,2.8013381355257674,1.7287013332609182,3.0492730404820207,0.7694859038142621,1.0,0.7426931106471817,1.0,1.0,0.0476190476190476,1.0,0.5292207792207793,1.0,1.0,1.0,1.0,1.0,1.0,1.0,1.0,0.0,0.0,1.0,1.0,0.0714285714285714,0.4285714285714286,0.0,1.0,0.0,0.4285714285714286,0.0,1,CANDIDATO_MULTISENAL_RUTA_COHERENTE,1,UNA_OPERACION_EN_HORARIO,SOJA,VOLCABLE_PTO_4,2000652,10135318802,R7,True,FRAGMENTED_JOURNEYS|NO_MEASURABLE_SEGMENTS,30,R26;R27;R28;R29;R30;R31;R32;R7;SL10;SL11;SL12;SL13;SL8;SL9,16077;15967;15936,False,True
13789,SLZBalSC2Fte,2026-09-28 18:06:15,VJ8,VAJ028,14260,13769,2026-09-28 17:00:49,2026-09-28 18:09:38,Red,Unrecognized,Pickup,0.78,0,1,0.9306267242828205,0.4835174494637173,18,False,True,R26;R27;R28;R29;R30;R31;R32;R33;R34;R35;R7;SL1;SL10;SL11;SL12;SL13;SL14;SL15;SL2;SL3;SL4;SL5;SL6;SL7;SL8;SL9,True,1.0,1.0,1.0,1.0,0.45,0.0,0.0,0.0,0.0,0.5,0.0,0.0,0.0,1.0,0.45,4.19619893855064,1.477809469955664,4.245872758724934,0.9508355534027608,1.0,0.9864762386248735,0.0,1.0,0.0155497441300421,1.0,0.6995708154506438,1.0,1.0,1.0,0.6065306597126334,1.0,1.0,1.0,1.0,0.0,0.0,1.0,1.0,0.0384615384615384,0.5,0.0,0.5,0.5,0.5,0.0,1,CANDIDATO_MULTISENAL_RUTA_COHERENTE,1,UNA_OPERACION_EN_HORARIO,SOJA,SILO_CHIEF_2,95817,10235351611,R29,True,FRAGMENTED_JOURNEYS|NO_MEASURABLE_SEGMENTS,30,R26;R27;R28;R29;R30;R31;R32;R33;R34;R35;R7;SL1;SL10;SL11;SL12;SL13;SL14;SL15;SL2;SL3;SL4;SL5;SL6;SL7;SL8;SL9,14260;13789;13769,False,True
20304,SLZVolcableC5,2026-09-27 22:36:45,G0690,AF063LS,20651,20230,2026-09-27 20:48:26,2026-09-27 22:52:34,White,Iveco,Large Truck,0.3,0,1,0.9284148095933398,0.6881908842792982,8,False,True,R26;R27;R28;R29;R30;R31;R32;R7;SL10;SL11;SL12;SL13;SL8;SL9,True,1.0,1.0,1.0,1.0,0.7976190476190477,0.0,1.0,0.0,1.0,0.8614718614718615,0.0,1.0,0.0,1.0,0.6002747252747253,4.694248869071635,2.822370458131508,4.829379835484299,0.8725832438238453,1.0,0.4342165722162659,1.0,1.0,0.3311258278145696,1.0,0.8626149131767109,1.0,1.0,0.5833333333333334,1.0,1.0,1.0,1.0,1.0,0.0,0.0,1.0,1.0,0.0714285714285714,0.2857142857142857,0.0,0.0,0.0,0.2857142857142857,0.0,1,CANDIDATO_MULTISENAL_RUTA_COHERENTE,1,UNA_OPERACION_EN_HORARIO,SOJA,VOLCABLE_PTO_5,2000655,10135334684,R7,True,NO_MEASURABLE_SEGMENTS,30,R26;R27;R28;R29;R30;R31;R32;R7;SL10;SL11;SL12;SL13;SL8;SL9,20651;20304;20230,False,True
1067,RicEgrCamFrente,2026-09-30 19:46:23,E99,RRE349,1960,848,2026-09-30 16:42:31,2026-09-30 20:42:10,White,Unrecognized,Medium Truck,0.42,0,1,0.9049593185497726,0.6408062185440426,37,False,True,R26;R27;R28;R29;R30;R31;R32,True,0.0,1.0,0.0,1.0,0.5,0.0,0.0,0.0,0.0,0.6388888888888888,1.0,0.0,0.0,1.0,0.5669642857142857,5.219634844513568,4.039242855438866,5.483343595749118,0.7672299881772029,1.0,0.921261977942506,1.0,1.0,0.15625,1.0,0.3174415161385845,0.0,1.0,0.3480603448275862,1.0,1.0,1.0,1.0,1.0,0.0,0.0,1.0,0.0,0.1428571428571428,0.3333333333333333,0.0,0.0,0.5,0.3333333333333333,0.0,1,CANDIDATO_MULTISENAL_RUTA_COHERENTE,0,SIN_OPERACION_EN_HORARIO,,,,,,,,30,R26;R27;R28;R29;R30;R31;R32,1960;1067;848,False,False
16745,SLZBalSC2Fte,2026-09-28 11:09:45,MD47,KAD727,17673,15835,2026-09-28 09:19:05,2026-09-28 13:15:58,White,Mercedes-Benz,Large Truck,0.46,0,1,0.9011757014429468,0.5932436675746159,55,False,True,SL3;SL6,True,1.0,1.0,1.0,1.0,0.45,1.0,1.0,1.0,1.0,0.5,0.0,0.0,1.0,1.0,0.45,4.715518243156957,4.845891669576369,5.471780357407668,0.4671779356926757,1.0,0.7421418636995828,0.0,1.0,0.0535714285714285,1.0,0.0214389056951203,1.0,1.0,1.0,1.0,1.0,1.0,1.0,1.0,0.0,0.0,1.0,1.0,0.5,0.3333333333333333,0.0,0.0,0.5,0.3333333333333333,0.0,1,CANDIDATO_MULTISENAL_RUTA_COHERENTE,1,UNA_OPERACION_EN_HORARIO,GLICERINA REFINADA,,10968,0,R8,False,FRAGMENTED_JOURNEYS|NO_MEASURABLE_SEGMENTS,30,SL3;SL6,17673;16745;15835,False,False
10553,SLZTK400,2026-09-29 08:29:43,CU335,EEW075,10694,10326,2026-09-29 07:57:56,2026-09-29 08:57:57,White,Unrecognized,Large Truck,0.22,0,1,0.9002157109413225,0.11025749077709,17,False,True,SL3;SL6,True,1.0,1.0,1.0,1.0,0.7346153846153847,0.0,0.0,0.0,0.0,0.6868686868686869,0.0,0.0,0.0,1.0,0.3307692307692308,3.4899202561669584,3.375309610710028,4.111147050898135,0.5295751180227715,1.0,0.0792462570986061,1.0,1.0,0.0529801324503311,1.0,0.5787176905001679,1.0,1.0,0.7857142857142857,1.0,1.0,1.0,1.0,1.0,0.0,0.0,1.0,1.0,0.5,0.1666666666666666,0.0,0.0,0.5,0.1666666666666666,0.0,1,CANDIDATO_MULTISENAL_RUTA_COHERENTE,0,SIN_OPERACION_EN_HORARIO,,,,,,,,30,SL3;SL6,10694;10553;10326,False,False
17960,SLZTK400,2026-09-28 08:29:02,GRA55AN,GES056,18748,17369,2026-09-28 05:53:38,2026-09-28 09:59:22,White,Unrecognized,Large Truck,0.14,0,1,0.897035433602601,0.090726745024136,115,False,True,SL3;SL6,True,0.0,1.0,0.0,1.0,0.6,0.0,0.0,0.0,0.0,0.5277777777777778,0.0,1.0,0.0,1.0,0.35,5.052416828111211,4.5145158177199605,5.508308131283946,0.6323928377645144,1.0,0.0164100919392773,0.0,1.0,0.0529801324503311,1.0,0.6063977746870653,0.0,1.0,0.0535714285714285,1.0,1.0,1.0,1.0,1.0,1.0,0.0,1.0,1.0,0.5,0.2857142857142857,0.0,0.5,0.0,0.2857142857142857,0.0,1,CANDIDATO_MULTISENAL_RUTA_COHERENTE,0,SIN_OPERACION_EN_HORARIO,,,,,,,,30,SL3;SL6,18748;17960;17369,False,False
14289,SLZBalSC2Fte,2026-09-28 16:52:30,MNTF,KNI695,14391,14270,2026-09-28 16:39:53,2026-09-28 16:58:07,White,Scania,Large Truck,0.3,0,1,0.8923630873115066,0.8811324123588319,2,False,True,R26;R27;R28;R29;R30;R31;R32;R7;SL10;SL11;SL12;SL13;SL8;SL9,True,1.0,1.0,1.0,1.0,0.45,1.0,1.0,1.0,1.0,0.5,1.0,0.0,0.0,1.0,0.45,2.6112945326379022,1.8895917184650897,2.9566448848459443,0.6919561243144424,1.0,0.9040660736975856,1.0,1.0,0.0476190476190476,1.0,0.444141689373297,1.0,1.0,1.0,1.0,1.0,1.0,1.0,1.0,0.0,0.0,1.0,1.0,0.0714285714285714,0.1666666666666666,0.0,0.5,0.0,0.1666666666666666,0.0,1,CANDIDATO_MULTISENAL_RUTA_COHERENTE,1,UNA_OPERACION_EN_HORARIO,SOJA,VOLCABLE_PTO_5,2000652,10135318949,R7,True,FRAGMENTED_JOURNEYS|NO_MEASURABLE_SEGMENTS,30,R26;R27;R28;R29;R30;R31;R32;R7;SL10;SL11;SL12;SL13;SL8;SL9,14391;14289;14270,False,True
2230,RicB1Ingreso,2026-09-30 15:49:51,RXV0651,RXV065,2490,1349,2026-09-30 15:13:10,2026-09-30 18:09:54,White,Scania,Medium Truck,0.78,5,1,0.8919762793977775,0.6103627816124735,45,False,True,R26;R27;R28;R29;R30;R31;R32;R33;R34,True,1.0,0.0,0.0,1.0,0.4365079365079365,0.0,0.0,0.0,1.0,0.6666666666666667,1.0,1.0,1.0,1.0,0.5416666666666666,3.629217910055869,4.949114437448006,5.180284299636444,0.2075631837042625,1.0,0.2330793366203496,1.0,1.0,0.0646766169154228,1.0,0.3876437803865765,1.0,1.0,0.0961538461538461,0.6065306597126334,0.6065306597126334,0.0,1.0,1.0,0.0,0.0,1.0,0.0,0.1111111111111111,0.8571428571428572,0.0,1.0,0.0,0.8571428571428572,0.0,1,CANDIDATO_MULTISENAL_RUTA_COHERENTE,1,UNA_OPERACION_EN_HORARIO,PELLETS GIRASOL,,95500,30035387239,R30,True,FRAGMENTED_JOURNEYS|NO_MEASURABLE_SEGMENTS,30,R26;R27;R28;R29;R30;R31;R32;R33;R34,2490;2230;1349,False,True
4733,SLZBalSC2Fte,2026-09-30 09:12:42,A658,NAH953,5086,4466,2026-09-30 08:13:39,2026-09-30 09:55:08,White,Mercedes-Benz,Large Truck,0.26,0,1,0.8902622893194524,0.1050309798357418,14,False,True,R26;R27;R28;R29;R30;R31;R32;R33;R34,True,0.0,1.0,0.0,1.0,0.5,0.0,0.0,0.0,1.0,0.5,0.0,0.0,1.0,1.0,0.5,4.095177548525992,3.7712271954626897,4.629700183731369,0.5818689439973723,1.0,0.5289023758419066,0.0,1.0,0.0078671328671328,1.0,0.0632763975155279,1.0,1.0,1.0,0.6065306597126334,1.0,1.0,1.0,1.0,0.0,0.0,0.0,1.0,0.1111111111111111,0.3333333333333333,0.0,0.0,0.5,0.3333333333333333,0.0,1,CANDIDATO_MULTISENAL_RUTA_COHERENTE,0,SIN_OPERACION_EN_HORARIO,,,,,,,,30,R26;R27;R28;R29;R30;R31;R32;R33;R34,5086;4733;4466,False,False
11167,RicB1Ingreso,2026-09-29 06:05:00,975,AH697JG,11361,10622,2026-09-29 04:55:25,2026-09-29 08:17:07,White,Unrecognized,Pickup,0.18,0,1,0.8848327789567121,0.8118305988198866,39,False,True,R10;R11;R12;R13;R14;R15;R16;R26;R27;R28;R29;R30;R31;R32;R33;R34;R9;RS_DESP,True,1.0,1.0,1.0,1.0,0.4264705882352941,0.0,0.0,0.0,0.0,0.5833333333333333,0.0,0.0,0.0,1.0,0.6,4.256794044864054,4.891225936695288,5.311727053457954,0.3449843001156834,1.0,0.196551724137931,1.0,1.0,0.1782178217821782,1.0,0.8285157722759834,0.0,1.0,0.1135817307692307,0.6065306597126334,1.0,1.0,1.0,1.0,0.0,0.0,1.0,1.0,0.0555555555555555,0.2857142857142857,0.0,0.0,0.0,0.2857142857142857,0.0,1,CANDIDATO_MULTISENAL_RUTA_COHERENTE,1,UNA_OPERACION_EN_HORARIO,SOJA,VOLCABLE_PTO_5,2000652,10235350769,R7,False,FRAGMENTED_JOURNEYS|NO_MEASURABLE_SEGMENTS,30,R10;R11;R12;R13;R14;R15;R16;R26;R27;R28;R29;R30;R31;R32;R33;R34;R9;RS_DESP,11361;11167;10622,False,False
16687,SLZBalSC2Fte,2026-09-28 11:18:47,AG09117,HWU967,16757,16583,2026-09-28 11:08:31,2026-09-28 11:32:13,White,Iveco,Large Truck,0.42,0,1,0.8819234183908468,0.8570084888283781,8,False,True,R26;R27;R28;R29;R30;R31;R32;R33;R34;R35;R7;SL1;SL10;SL11;SL12;SL13;SL14;SL15;SL2;SL3;SL4;SL5;SL6;SL7;SL8;SL9,True,1.0,1.0,1.0,1.0,0.45,1.0,1.0,1.0,1.0,0.5,0.0,0.0,1.0,1.0,0.45,2.4218485138208634,2.6695403463403347,3.2068032436339315,0.4331926863572433,1.0,0.1837053888809896,0.0,1.0,0.0261890427453341,1.0,0.1949760765550239,1.0,1.0,1.0,1.0,1.0,1.0,1.0,1.0,0.0,0.0,1.0,1.0,0.0384615384615384,0.2857142857142857,0.0,0.0,0.5,0.2857142857142857,0.0,1,CANDIDATO_MULTISENAL_RUTA_COHERENTE,2,OPERACIONES_AMBIGUAS,RESIDUOS ASIMILABLES A DOMICILIARIOS,,11004,0,,,FRAGMENTED_JOURNEYS|MISSING_PLATFORM|NO_MEASURABLE_SEGMENTS,30,R26;R27;R28;R29;R30;R31;R32;R33;R34;R35;R7;SL1;SL10;SL11;SL12;SL13;SL14;SL15;SL2;SL3;SL4;SL5;SL6;SL7;SL8;SL9,16757;16687;16583,False,False
305,SLZVolcableC5,2026-09-30 23:00:43,CYE77,MYE678,684,200,2026-09-30 21:37:26,2026-09-30 23:22:03,White,Scania,Large Truck,0.78,0,1,0.876771987271513,0.4424100271414971,22,False,True,R26;R27;R28;R29;R30;R31;R32;R7;SL10;SL11;SL12;SL13;SL8;SL9,True,0.0,1.0,0.0,1.0,0.7976190476190477,1.0,1.0,1.0,1.0,0.8614718614718615,1.0,1.0,1.0,1.0,0.6002747252747253,4.434184138857883,3.106080330722856,4.659816187101416,0.7960809303807551,1.0,0.5639546449174458,1.0,1.0,0.3311258278145696,1.0,0.6446564885496183,1.0,1.0,0.5833333333333334,1.0,1.0,1.0,1.0,1.0,0.0,0.0,1.0,1.0,0.0714285714285714,0.5,0.0,0.5,0.5,0.5,0.0,1,CANDIDATO_MULTISENAL_RUTA_COHERENTE,1,UNA_OPERACION_EN_HORARIO,SOJA,VOLCABLE_PTO_5,2000655,10135373476,R7,True,NO_MEASURABLE_SEGMENTS,30,R26;R27;R28;R29;R30;R31;R32;R7;SL10;SL11;SL12;SL13;SL8;SL9,684;305;200,False,True
14019,SLZBalSC2Fte,2026-09-28 17:35:32,CPF,WOP503,14390,13976,2026-09-28 16:39:57,2026-09-28 17:40:08,White,Unrecognized,Medium Truck,0.22,0,1,0.8747883262928139,0.1597358515344725,14,False,True,R26;R27;R28;R29;R30;R31;R32;R33;R34;R35;R7;SL1;SL10;SL11;SL12;SL13;SL14;SL15;SL2;SL3;SL4;SL5;SL6;SL7;SL8;SL9,True,1.0,1.0,1.0,1.0,0.45,0.0,0.0,0.0,0.0,0.5,0.0,0.0,0.0,1.0,0.45,4.035714477770696,1.7227665977411035,4.113874821274734,0.9235668789808916,1.0,0.9569173894497368,0.0,1.0,0.0261890427453341,1.0,0.5326797385620915,1.0,1.0,1.0,1.0,1.0,1.0,1.0,1.0,0.0,0.0,1.0,1.0,0.0384615384615384,0.1666666666666666,0.0,0.0,0.0,0.1666666666666666,0.0,1,CANDIDATO_MULTISENAL_RUTA_COHERENTE,1,UNA_OPERACION_EN_HORARIO,SOJA,VOLCABLE_PTO_5,2000655,10135328565,R7,True,FRAGMENTED_JOURNEYS|NO_MEASURABLE_SEGMENTS,30,SL3;SL6,14390;14357;14019;13976,False,False
13997,RicPreIngEgFr,2026-09-28 17:38:20,V1172,FLF111,14706,13704,2026-09-28 15:57:12,2026-09-28 18:17:27,Silver,Unrecognized,Unrecognized,0.18,47,1,0.8742839343339973,0.3260418640123246,44,False,True,R16;R7;R9,True,0.0,0.0,1.0,1.0,0.5,0.0,0.0,0.0,0.0,0.5,0.0,0.0,0.0,0.0,0.5,4.626279149198327,3.691791875560971,4.950531370026551,0.7210932857991682,1.0,0.888406034765497,1.0,1.0,0.0298507462686567,1.0,0.8346207865168539,1.0,1.0,0.1485148514851485,0.0090952771016958,0.0149955768204777,0.0,1.0,1.0,1.0,0.0,1.0,1.0,0.3333333333333333,0.1666666666666666,0.0,0.0,0.0,0.3333333333333333,0.0,1,CANDIDATO_MULTISENAL_RUTA_COHERENTE,1,UNA_OPERACION_EN_HORARIO,ACEITE GIRASOL PARA REFINAR,ACEITE_PTO,11525,30035343625,SL2,False,NO_MEASURABLE_SEGMENTS,30,R16;R7;R9,14706;13997;13704,False,False
15603,RicCal03,2026-09-28 13:42:49,124L,KDE342,15770,15559,2026-09-28 13:23:14,2026-09-28 13:48:56,White,Unrecognized,Large Truck,0.18,0,1,0.8737338336340202,0.857254567814575,14,False,True,SL10;SL11;SL12;SL13;SL8;SL9,True,1.0,1.0,1.0,1.0,0.6785714285714286,0.0,0.0,0.0,0.0,0.7142857142857143,0.0,1.0,0.0,1.0,0.6428571428571428,3.0244816868399766,1.962439451006524,3.284663565406204,0.7619974059662775,1.0,0.3544117647058823,0.0,1.0,0.1704545454545454,1.0,0.4709371293001186,0.0,1.0,0.1094527363184079,1.0,1.0,1.0,1.0,1.0,0.0,0.0,0.0,1.0,0.1666666666666666,0.1666666666666666,0.0,0.0,0.5,0.1666666666666666,0.0,1,CANDIDATO_MULTISENAL_RUTA_COHERENTE,0,SIN_OPERACION_EN_HORARIO,,,,,,,,30,SL10;SL11;SL12;SL13;SL8;SL9,15770;15603;15559,False,False
22452,SLZTK400,2026-09-27 11:25:45,Y771,DFP716,22576,22313,2026-09-27 10:37:07,2026-09-27 12:36:41,Black,Unrecognized,Large Truck,0.14,0,1,0.8720426392406018,0.8633117224749081,6,False,True,SL3;SL6,True,0.0,0.0,1.0,1.0,0.7346153846153847,0.0,0.0,1.0,0.0,0.6868686868686869,0.0,0.0,0.0,1.0,0.3307692307692308,3.904662651021853,4.275739764155925,4.792202850289943,0.4067465848898801,1.0,0.0520691994572591,1.0,1.0,0.0529801324503311,1.0,0.6950536630891274,1.0,1.0,0.7857142857142857,1.0,1.0,1.0,1.0,1.0,0.0,1.0,1.0,1.0,0.5,0.3333333333333333,0.0,0.0,0.0,0.3333333333333333,0.0,1,CANDIDATO_MULTISENAL_RUTA_COHERENTE,0,SIN_OPERACION_EN_HORARIO,,,,,,,,30,SL3;SL6,22576;22452;22313,False,False
19567,SLZSalidaC1Fte,2026-09-28 02:05:45,GC975,CGV979,20418,19537,2026-09-27 22:05:01,2026-09-28 02:17:18,White,Iveco,Large Truck,0.72,0,1,0.8715962057962158,0.6650452060887813,49,False,True,SL10;SL11;SL12;SL13;SL14;SL15;SL8;SL9,True,0.0,0.0,0.0,1.0,0.5102796052631579,1.0,1.0,1.0,1.0,0.7650375939849624,0.0,0.0,1.0,1.0,0.3619791666666666,5.487835190212587,2.529720665577793,5.534508756711505,0.954218140979058,1.0,0.2143498687301367,0.0,1.0,0.3841059602649007,1.0,0.7392638036809815,1.0,1.0,0.1704545454545454,1.0,1.0,1.0,1.0,1.0,0.0,0.0,1.0,0.0,0.125,0.5,0.0,0.0,0.5,0.5,0.0,1,CANDIDATO_MULTISENAL_RUTA_COHERENTE,1,UNA_OPERACION_EN_HORARIO,SOJA,SILO_CHIEF_2,95817,10235335603,R29,False,FRAGMENTED_JOURNEYS|NO_MEASURABLE_SEGMENTS,30,SL10;SL11;SL12;SL13;SL8;SL9,20418;19616;19567;19537,False,False
5136,SLZBalSC2Fte,2026-09-30 08:07:20,AIS2510,AA583XJ,5220,5072,2026-09-30 07:56:29,2026-09-30 08:14:51,White,Iveco,Large Truck,0.18,0,1,0.8671375686818079,0.7406162291775396,1,False,True,R26;R27;R28;R29;R30;R31;R32;R7;SL10;SL11;SL12;SL13;SL8;SL9,True,1.0,1.0,1.0,1.0,0.45,1.0,1.0,1.0,1.0,0.5,1.0,1.0,1.0,1.0,0.45,2.47232786758114,2.1420250279816035,2.963553375189756,0.5907441016333939,1.0,0.9571328179901616,1.0,1.0,0.0476190476190476,1.0,0.3388773388773389,1.0,1.0,1.0,1.0,1.0,1.0,1.0,1.0,0.0,0.0,1.0,1.0,0.0714285714285714,0.1428571428571429,1.0,0.5,0.0,0.2857142857142857,0.0,1,CANDIDATO_MULTISENAL_RUTA_COHERENTE,1,UNA_OPERACION_EN_HORARIO,SOJA,VOLCABLE_PTO_5,2000655,10235358720,R7,True,FRAGMENTED_JOURNEYS|NO_MEASURABLE_SEGMENTS,30,R26;R27;R28;R29;R30;R31;R32;R7;SL10;SL11;SL12;SL13;SL8;SL9,5220;5136;5072,False,True
19239,SLZVolcableC5,2026-09-28 03:20:21,BY5,BYZ572,19403,19189,2026-09-28 02:49:18,2026-09-28 03:35:14,White,Unrecognized,Medium Truck,0.58,0,1,0.8651900394527416,0.4288550288870328,10,False,True,R26;R27;R28;R29;R30;R31;R32;R7;SL10;SL11;SL12;SL13;SL8;SL9,True,1.0,1.0,1.0,1.0,0.7976190476190477,0.0,0.0,0.0,0.0,0.8614718614718615,0.0,1.0,0.0,1.0,0.6002747252747253,3.467297183366679,2.7652703414321014,3.848728155055832,0.6759796806966618,1.0,0.6677248677248677,1.0,1.0,0.3311258278145696,1.0,0.9149512459371616,1.0,1.0,0.5833333333333334,1.0,1.0,1.0,1.0,1.0,0.0,0.0,1.0,1.0,0.0714285714285714,0.5,0.0,1.0,0.0,0.5,0.0,1,CANDIDATO_MULTISENAL_RUTA_COHERENTE,1,UNA_OPERACION_EN_HORARIO,SOJA,VOLCABLE_PTO_5,2000655,10135334048,R7,True,FRAGMENTED_JOURNEYS|NO_MEASURABLE_SEGMENTS,30,R26;R27;R28;R29;R30;R31;R32;R7;SL10;SL11;SL12;SL13;SL8;SL9,19403;19239;19189,False,True
16414,SLZTK400,2026-09-28 11:49:24,ROS3110,LSL463,16434,15920,2026-09-28 11:47:06,2026-09-28 13:01:36,White,Unrecognized,Large Truck,0.18,0,1,0.8620802608528081,0.1591274941597714,31,False,True,SL3;SL6,True,1.0,1.0,1.0,1.0,0.7346153846153847,0.0,0.0,1.0,0.0,0.6868686868686869,0.0,0.0,1.0,1.0,0.3307692307692308,1.1939224684724346,4.293195420967266,4.324132656254979,0.0308724832214765,1.0,0.9136904761904762,1.0,1.0,0.0529801324503311,1.0,0.6829436038514443,1.0,1.0,0.7857142857142857,1.0,1.0,1.0,1.0,1.0,0.0,0.0,1.0,1.0,0.5,0.1428571428571429,0.0,0.0,0.0,0.1428571428571429,0.0,1,CANDIDATO_MULTISENAL_RUTA_COHERENTE,1,UNA_OPERACION_EN_HORARIO,SOJA,VOLCABLE_PTO_3,2000655,10235335297,R7,False,FRAGMENTED_JOURNEYS|NO_MEASURABLE_SEGMENTS,30,SL3;SL6,16434;16414;15920,False,False
16360,SLZBalSC2Fte,2026-09-28 11:57:43,BGT9,RGV982,17142,16241,2026-09-28 10:28:12,2026-09-28 12:12:19,White,Unrecognized,Large Truck,0.34,0,1,0.8558703248706887,0.1461500972723957,25,False,True,SL10;SL11;SL12;SL13;SL14;SL15;SL8;SL9,True,1.0,1.0,1.0,1.0,0.5,0.0,0.0,0.0,0.0,0.5,0.0,0.0,0.0,1.0,0.5,4.505533995812745,2.747270914255491,4.655070844441551,0.859772690891628,1.0,0.72255137937419,0.0,1.0,0.0155497441300421,1.0,0.8154815481548154,0.0,1.0,0.1704545454545454,0.6065306597126334,1.0,1.0,1.0,1.0,0.0,0.0,1.0,0.0,0.125,0.3333333333333333,0.0,0.5,0.0,0.3333333333333333,0.0,1,CANDIDATO_MULTISENAL_RUTA_COHERENTE,1,UNA_OPERACION_EN_HORARIO,SOJA,SILO_CHIEF_2,95817,10235348330,R29,False,FRAGMENTED_JOURNEYS|NO_MEASURABLE_SEGMENTS,30,SL10;SL11;SL12;SL13;SL14;SL15;SL8;SL9,17142;16360;16241,False,False
8376,RicB3Ingreso,2026-09-29 14:25:14,I37,IYE454,8418,8103,2026-09-29 14:16:40,2026-09-29 15:34:47,White,Unrecognized,Sedan,0.18,5,1,0.8286656303826537,0.8284586285967044,7,False,True,R10;R11;R12;R13;R14;R15;R16;R26;R27;R28;R29;R30;R31;R32;R33;R34;R9,True,0.0,0.0,0.0,1.0,0.5,0.0,0.0,0.0,0.0,0.5,0.0,0.0,1.0,1.0,0.5,2.258284834097465,4.256321678298823,4.370923556329218,0.1096650309366332,1.0,0.6581972171808832,1.0,1.0,0.1782178217821782,1.0,0.9858434451582204,0.0,1.0,0.0769230769230769,1.0,1.0,0.0,1.0,1.0,0.0,0.0,1.0,1.0,0.0588235294117647,0.1666666666666666,0.0,0.5,0.0,0.1666666666666666,0.0,1,CANDIDATO_MULTISENAL_RUTA_COHERENTE,1,UNA_OPERACION_EN_HORARIO,SOJA,VOLCABLE_PTO_3,2000655,10135353996,R7,False,NO_MEASURABLE_SEGMENTS,30,R10;R11;R12;R13;R14;R15;R16;R26;R27;R28;R29;R30;R31;R32;R33;R34;R9,8418;8376;8103,False,False
10243,SLZBalSC2Fte,2026-09-29 09:08:39,AAF0,AA703FC,10512,10223,2026-09-29 08:37:10,2026-09-29 09:10:54,Black,Unrecognized,Large Truck,0.62,0,1,0.825365568222947,0.8224618545062685,7,False,True,R26;R27;R28;R29;R30;R31;R32;R33;R34;R35;R7;SL1;SL10;SL11;SL12;SL13;SL14;SL15;SL2;SL3;SL4;SL5;SL6;SL7;SL8;SL9,True,0.0,0.0,1.0,1.0,0.45,0.0,0.0,1.0,0.0,0.5,0.0,1.0,0.0,1.0,0.45,3.48072713728546,1.1786549963416462,3.547699840651157,0.933300395256917,1.0,0.5457130669699986,0.0,1.0,0.0261890427453341,1.0,0.987878787878788,1.0,1.0,1.0,1.0,1.0,1.0,1.0,1.0,0.0,0.0,1.0,1.0,0.0384615384615384,0.4285714285714286,0.0,1.0,0.5,0.4285714285714286,0.0,1,CANDIDATO_MULTISENAL_RUTA_COHERENTE,1,UNA_OPERACION_EN_HORARIO,TIERRA DESC FILTROS,,11046,0,,,FRAGMENTED_JOURNEYS|MISSING_PLATFORM|NO_MEASURABLE_SEGMENTS,30,R26;R27;R28;R29;R30;R31;R32;R33;R34;R35;R7;SL1;SL10;SL11;SL12;SL13;SL14;SL15;SL2;SL3;SL4;SL5;SL6;SL7;SL8;SL9,10512;10243;10223,False,False
18948,SLZIngCamFrente,2026-09-28 05:02:22,AA6846H,AA634SH,19017,18930,2026-09-28 04:45:18,2026-09-28 05:05:12,Gray,Unrecognized,Medium Truck,0.86,5,1,0.8244824961726684,0.8235446454758174,12,False,True,R26;R27;R28;R29;R30;R31;R32;R33;R34;R35;R7,True,1.0,0.0,0.0,1.0,0.532312925170068,0.0,0.0,1.0,0.0,0.7612481857764877,0.0,0.0,1.0,1.0,0.3098262032085561,2.894068619777491,1.3437347467010947,3.039749158970765,0.8576214405360134,1.0,0.7871545929798357,1.0,1.0,0.1840796019900497,1.0,0.4807692307692308,1.0,1.0,0.59375,0.6065306597126334,0.6065306597126334,0.0,1.0,1.0,1.0,1.0,0.0,1.0,0.0909090909090909,0.7142857142857143,1.0,1.0,0.5,0.7142857142857143,0.0,1,CANDIDATO_MULTISENAL_RUTA_COHERENTE,1,UNA_OPERACION_EN_HORARIO,SOJA,VOLCABLE_PTO_3,2000655,10235324219,R7,True,NO_MEASURABLE_SEGMENTS,30,R26;R27;R28;R29;R30;R31;R32;R33;R34;R35;R7,19017;18948;18930,False,True
17606,SLZBalSC2Fte,2026-09-28 09:28:50,DL6,OLL626,18150,17591,2026-09-28 08:09:40,2026-09-28 09:31:06,White,Mercedes-Benz,Medium Truck,0.74,0,1,0.8233090722326653,0.8229458891076227,5,False,True,R26;R27;R28;R29;R30;R31;R32;R33;R34;R35;R7;SL1;SL10;SL11;SL12;SL13;SL14;SL15;SL2;SL3;SL4;SL5;SL6;SL7;SL8;SL9,True,1.0,1.0,1.0,1.0,0.45,0.0,1.0,0.0,1.0,0.5,1.0,0.0,0.0,1.0,0.45,4.384107800877707,1.1837700970084166,4.411989885859261,0.9721653704461728,1.0,0.7356694560669456,0.0,1.0,0.0261890427453341,1.0,0.9819277108433736,1.0,1.0,1.0,1.0,1.0,1.0,1.0,1.0,0.0,0.0,1.0,1.0,0.0384615384615384,0.3333333333333333,0.0,0.5,0.5,0.3333333333333333,0.0,1,CANDIDATO_MULTISENAL_RUTA_COHERENTE,1,UNA_OPERACION_EN_HORARIO,BORRA ACEITE GIRASOL REFINADO,ACEITE_OSL,10927,0,SL1,True,NO_MEASURABLE_SEGMENTS,30,R26;R27;R28;R29;R30;R31;R32;R33;R34;R35;R7;SL1;SL10;SL11;SL12;SL13;SL14;SL15;SL2;SL3;SL4;SL5;SL6;SL7;SL8;SL9,18150;17606;17591,False,True
2468,SLZBalSC2Fte,2026-09-30 15:17:57,IEA2,AZG422,2782,2375,2026-09-30 14:13:19,2026-09-30 15:33:35,White,Mercedes-Benz,Medium Truck,0.42,0,1,0.8173403391141569,0.3790497655864219,20,False,True,R26;R27;R28;R29;R30;R31;R32;R33;R34;R35;R7;SL1;SL10;SL11;SL12;SL13;SL14;SL15;SL2;SL3;SL4;SL5;SL6;SL7;SL8;SL9,True,0.0,1.0,0.0,1.0,0.45,1.0,1.0,1.0,1.0,0.5,0.0,1.0,0.0,1.0,0.45,4.184083696976971,2.811408714089364,4.397735928379062,0.8052325581395349,1.0,0.8998208802456499,0.0,1.0,0.0261890427453341,1.0,0.1683884297520661,1.0,1.0,1.0,1.0,1.0,1.0,1.0,1.0,0.0,0.0,1.0,1.0,0.0384615384615384,0.1666666666666666,0.0,0.0,0.5,0.1666666666666666,0.0,1,CANDIDATO_MULTISENAL_RUTA_COHERENTE,0,SIN_OPERACION_EN_HORARIO,,,,,,,,30,R26;R27;R28;R29;R30;R31;R32;R33;R34;R35;R7;SL1;SL10;SL11;SL12;SL13;SL14;SL15;SL2;SL3;SL4;SL5;SL6;SL7;SL8;SL9,2782;2468;2375,False,False
16277,SLZTK400,2026-09-28 12:06:56,IEN1,KDE342,16326,15770,2026-09-28 12:00:51,2026-09-28 13:23:14,White,Unrecognized,Large Truck,0.22,0,1,0.8024777979653182,0.1049134749961778,34,False,True,SL3;SL6,True,1.0,1.0,1.0,1.0,0.7346153846153847,0.0,0.0,0.0,0.0,0.6868686868686869,0.0,0.0,0.0,1.0,0.3307692307692308,1.957744606702316,4.3476939555933765,4.423448449266105,0.0738417964798705,1.0,0.3886075949367089,1.0,1.0,0.0529801324503311,1.0,0.646484375,1.0,1.0,0.7857142857142857,1.0,1.0,1.0,1.0,1.0,0.0,0.0,1.0,1.0,0.5,0.1666666666666666,0.0,0.0,0.0,0.1666666666666666,0.0,1,CANDIDATO_MULTISENAL_RUTA_COHERENTE,0,SIN_OPERACION_EN_HORARIO,,,,,,,,30,SL3;SL6,16326;16277;15770,False,False
20386,SLZBalIngTras,2026-09-27 22:10:26,HX75,FHX997,21253,20292,2026-09-27 17:40:42,2026-09-27 22:40:00,White,Unrecognized,Sedan,0.28,0,1,0.8023608532085009,0.6018011934074721,91,False,True,R26;R27;R28;R29;R30;R31;R32;R33;R34;R35;R7,True,0.0,0.0,0.0,1.0,0.325,0.0,0.0,0.0,0.0,0.5,0.0,1.0,0.0,1.0,0.4404761904761904,5.601134326584088,3.4199100905943096,5.7047819749892845,0.9012139436462858,1.0,0.4285802392993709,0.0,1.0,1.0,1.0,0.3540031397174253,1.0,1.0,1.0,0.0006112527611295,1.0,1.0,1.0,1.0,0.0,0.0,0.0,1.0,0.0909090909090909,0.3333333333333333,0.0,0.0,0.0,0.3333333333333333,0.0,1,CANDIDATO_MULTISENAL_RUTA_COHERENTE,0,SIN_OPERACION_EN_HORARIO,,,,,,,,30,R26;R27;R28;R29;R30;R31;R32;R33;R34;R35;R7,21253;20386;20292,False,False
184,RicCal03,2026-09-30 23:26:33,ONM2159,CRJ139,1394,87,2026-09-30 18:03:27,2026-09-30 23:40:27,White,Unrecognized,Large Truck,0.34,0,1,0.7977141829821516,0.5130343612273619,90,False,True,R26;R27;R28;R29;R30;R31;R32,True,1.0,1.0,1.0,1.0,0.55,0.0,0.0,1.0,0.0,0.5,1.0,1.0,1.0,1.0,0.45,5.781052110147502,2.7013612129514133,5.823045895483019,0.9587537091988132,1.0,0.5005150391429749,0.0,1.0,0.28125,1.0,0.1933102136704329,0.0,1.0,0.0649731475074956,1.0,1.0,1.0,1.0,1.0,0.0,0.0,1.0,0.0,0.1428571428571428,0.2857142857142857,0.0,0.0,0.5,0.2857142857142857,0.0,1,CANDIDATO_MULTISENAL_RUTA_COHERENTE,0,SIN_OPERACION_EN_HORARIO,,,,,,,,30,R26;R27;R28;R29;R30;R31;R32,1394;184;87,False,False
5390,RicB3Ingreso,2026-09-30 07:36:34,SF2,TBK992,5478,5198,2026-09-30 07:15:49,2026-09-30 08:00:30,Unrecognized,Unrecognized,Sedan,0.3,0,1,0.7903870528039528,0.7249476749009549,20,False,True,R10;R11;R12;R13;R14;R15;R16;R26;R27;R28;R29;R30;R31;R32;R33;R34;R9;RS_DESP,True,0.0,0.0,0.0,0.0,0.5,0.0,0.0,0.0,0.0,0.5,0.0,0.0,0.0,1.0,0.5,3.079613757534693,3.2162055963123217,3.821733534080685,0.46437896307348,1.0,0.648235294117647,1.0,1.0,0.1782178217821782,1.0,0.2223739097459234,0.0,1.0,0.1135817307692307,1.0,1.0,1.0,1.0,1.0,0.0,0.0,1.0,1.0,0.0555555555555555,0.1666666666666666,0.0,0.0,0.5,0.1666666666666666,0.0,1,CANDIDATO_MULTISENAL_RUTA_COHERENTE,1,UNA_OPERACION_EN_HORARIO,SOJA,VOLCABLE_PTO_5,2000651,10235364456,R7,False,FRAGMENTED_JOURNEYS|NO_MEASURABLE_SEGMENTS,30,R10;R11;R12;R13;R14;R15;R16;R26;R27;R28;R29;R30;R31;R32;R33;R34;R9;RS_DESP,5478;5390;5198,False,False
18756,RicS8CargaLinea2,2026-09-28 05:50:49,B100,BVS300,19062,18619,2026-09-28 04:27:29,2026-09-28 06:30:13,Silver,Mercedes-Benz,Medium Truck,0.7,0,1,0.7840489418209484,0.1456684588069204,12,False,True,R29,True,0.0,0.0,1.0,1.0,0.55,0.0,0.0,0.0,1.0,0.5,0.0,0.0,0.0,1.0,0.65,4.43477720005941,3.698829784967105,4.818128712243936,0.6789788158609451,1.0,0.998412068281064,0.0,1.0,0.0248756218905472,1.0,0.7760129659643435,0.0,1.0,0.1691542288557214,1.0,1.0,1.0,1.0,1.0,0.0,0.0,1.0,0.0,1.0,0.5,0.0,0.5,1.0,0.5,0.0,1,CANDIDATO_MULTISENAL_RUTA_COHERENTE,1,UNA_OPERACION_EN_HORARIO,SOJA,SILO_CHIEF_2,95817,10235335675,R29,True,FRAGMENTED_JOURNEYS|NO_MEASURABLE_SEGMENTS,30,R29,19062;18756;18619,False,True
19758,RicS6Playa3,2026-09-28 01:00:50,ES056,TAC436,20419,19726,2026-09-27 22:05:00,2026-09-28 01:15:26,Gray,Unrecognized,Medium Truck,0.14,0,1,0.7681352633733414,0.3410452981278471,17,False,True,R1;R10;R11;R12;R13;R14;R15;R2;R21;R22;R23;R24;R25;R26;R27;R28;R29;R3;R30;R31;R32;R4;R5;R6;R9;SL10;SL11;SL12;SL13;SL8;SL9,True,0.0,0.0,0.0,1.0,0.6285714285714286,0.0,0.0,0.0,0.0,0.7142857142857143,0.0,0.0,1.0,1.0,0.5928571428571429,5.175207669385928,2.747270914255491,5.254539619202141,0.9233327498687204,1.0,0.0796786389413988,0.0,1.0,0.1094527363184079,1.0,0.0900372670807453,0.0,1.0,0.0937499999999999,1.0,0.6065306597126334,1.0,1.0,1.0,0.0,0.0,1.0,1.0,0.032258064516129,0.1666666666666666,0.0,0.0,0.5,0.1666666666666666,0.0,1,CANDIDATO_MULTISENAL_RUTA_COHERENTE,2,OPERACIONES_AMBIGUAS,SOJA,SILO_CHIEF_2;VOLCABLE_PTO_3,2000662;95817,10235335465;10235335556,R29;R7,True,FRAGMENTED_JOURNEYS|NO_MEASURABLE_SEGMENTS,30,R1;R10;R11;R12;R13;R14;R15;R2;R21;R22;R23;R24;R25;R26;R27;R28;R29;R3;R30;R31;R32;R4;R5;R6;R9;SL10;SL11;SL12;SL13;SL8;SL9,20419;19758;19726,False,True
15926,RicPreIngEgFr,2026-09-28 13:00:04,ROQ04,JZW724,17808,15573,2026-09-28 08:48:35,2026-09-28 13:46:51,Silver,Unrecognized,Unrecognized,0.14,21,1,0.7678525981218298,0.7017805570456728,98,False,True,SL10;SL11;SL12;SL13;SL14;SL15;SL8;SL9,True,0.0,1.0,0.0,1.0,0.5,0.0,0.0,1.0,0.0,0.5,0.0,0.0,0.0,0.0,0.5,5.531345239936223,3.866676903661269,5.701335037679722,0.8431493071077336,1.0,0.0734836960116409,0.0,1.0,0.1704545454545454,1.0,0.915456598902872,0.0,1.0,0.0137090632140137,0.1224564282529819,0.2018965179946553,0.0,1.0,1.0,0.0,0.0,0.0,1.0,0.125,0.1666666666666666,0.0,0.0,0.5,0.1666666666666666,0.0,1,CANDIDATO_MULTISENAL_RUTA_COHERENTE,0,SIN_OPERACION_EN_HORARIO,,,,,,,,30,SL10;SL11;SL12;SL13;SL14;SL15;SL8;SL9,17808;15926;15573,False,False
3111,SLZTK400,2026-09-30 13:19:33,MO10,DKS130,3774,2682,2026-09-30 11:39:53,2026-09-30 14:32:25,White,Toyota,Large Truck,0.22,0,1,0.7580876623865614,0.4979522382560057,45,False,True,SL3;SL6,True,0.0,1.0,0.0,1.0,0.8012820512820513,0.0,0.0,1.0,1.0,0.8257575757575758,0.0,0.0,1.0,1.0,0.4807692307692308,4.61181472870676,4.302261666205019,5.156369703892356,0.5776661514683153,1.0,0.0853577371048253,0.0,1.0,0.031456953642384,1.0,0.6767378464334393,1.0,1.0,0.7857142857142857,0.6065306597126334,1.0,1.0,1.0,1.0,0.0,0.0,1.0,1.0,0.5,0.3333333333333333,0.0,0.0,0.5,0.3333333333333333,0.0,1,CANDIDATO_MULTISENAL_RUTA_COHERENTE,1,UNA_OPERACION_EN_HORARIO,SOJA,VOLCABLE_PTO_5,2000655,10135357332,R7,False,FRAGMENTED_JOURNEYS|NO_MEASURABLE_SEGMENTS,30,SL3;SL6,3774;3111;2682,False,False
2667,RicPreIngInFr,2026-09-30 14:35:02,AY7,OSY724,3757,2434,2026-09-30 11:42:19,2026-09-30 15:25:02,White,Unrecognized,Medium Truck,0.22,4,1,0.7470207731526274,0.740187551007801,57,False,True,SL10;SL11;SL12;SL13;SL14;SL15;SL8;SL9,True,0.0,1.0,0.0,1.0,0.4868421052631578,0.0,0.0,1.0,0.0,0.6071428571428572,0.0,0.0,0.0,1.0,0.4166666666666666,5.157425619517221,3.9318256327243257,5.410380370265536,0.7754995135822794,1.0,0.0941017992879822,1.0,1.0,0.1704545454545454,1.0,0.9777347531461762,0.0,1.0,0.0137090632140137,0.6703200460356393,0.9048374180359596,0.0,1.0,1.0,0.0,0.0,0.0,1.0,0.125,0.3333333333333333,0.0,0.0,0.0,0.3333333333333333,0.0,1,CANDIDATO_MULTISENAL_RUTA_COHERENTE,0,SIN_OPERACION_EN_HORARIO,,,,,,,,30,SL10;SL11;SL12;SL13;SL14;SL15;SL8;SL9,3757;2667;2434,False,False
13915,SLZBalSC2Fte,2026-09-28 17:47:37,LMP0,AA208QN,15063,13870,2026-09-28 15:07:33,2026-09-28 17:52:59,White,Unrecognized,Large Truck,0.18,0,1,0.7364985143648539,0.6915363816036727,29,False,True,SL3;SL6,True,1.0,1.0,1.0,1.0,0.45,0.0,0.0,1.0,0.0,0.5,0.0,0.0,1.0,1.0,0.45,5.081818357952495,1.8510760463844744,5.114594828838454,0.9675599435825106,1.0,0.9328939173759602,0.0,1.0,0.0535714285714285,1.0,0.4630681818181818,1.0,1.0,1.0,1.0,1.0,1.0,1.0,1.0,0.0,0.0,1.0,1.0,0.5,0.1428571428571429,0.0,0.0,0.0,0.1428571428571429,0.0,1,CANDIDATO_MULTISENAL_RUTA_COHERENTE,0,SIN_OPERACION_EN_HORARIO,,,,,,,,30,SL3;SL6,15063;13915;13870,False,False
11537,RicS8CargaLinea2,2026-09-29 03:38:42,D952,AA957UO,11797,11411,2026-09-29 02:03:40,2026-09-29 04:41:28,Black,Unrecognized,Medium Truck,0.26,0,1,0.7341315450364208,0.1926638082268214,10,False,True,R12;R29,True,1.0,0.0,0.0,1.0,0.5,0.0,0.0,0.0,0.0,0.5,1.0,0.0,0.0,1.0,0.5,4.564695353422373,4.155230587778098,5.067645548813036,0.6022391212505281,1.0,0.7937958731477635,0.0,1.0,0.0171363290175171,1.0,0.3709167544783983,0.0,1.0,1.0,1.0,1.0,1.0,1.0,1.0,0.0,0.0,1.0,1.0,0.5,0.2857142857142857,0.0,0.0,0.0,0.2857142857142857,0.0,1,CANDIDATO_MULTISENAL_RUTA_COHERENTE,1,UNA_OPERACION_EN_HORARIO,SOJA,VOLCABLE_PTO_4,2000655,10235347105,R7,False,NO_MEASURABLE_SEGMENTS,30,R12;R29,11797;11537;11411,False,False
24252,RicCal04,2026-09-27 03:07:17,VI6S6,BVS300,24549,24221,2026-09-27 01:46:18,2026-09-27 03:12:43,White,Ford,Pickup,0.22,0,1,0.7325335208496978,0.3070405652797743,19,False,True,SL10;SL11;SL12;SL13;SL14;SL15;SL8;SL9,True,1.0,1.0,1.0,1.0,0.4857142857142857,0.0,0.0,0.0,1.0,0.6666666666666667,0.0,0.0,0.0,1.0,0.2666666666666666,4.406515974573239,1.86149280724273,4.470685958608297,0.9371263259402122,1.0,0.8550192374956278,1.0,1.0,0.0654726068633353,1.0,0.6846153846153846,1.0,1.0,0.0646766169154228,1.0,0.6065306597126334,1.0,1.0,1.0,1.0,0.0,0.0,1.0,0.125,0.1666666666666666,0.0,0.0,0.0,0.1666666666666666,0.0,1,CANDIDATO_MULTISENAL_RUTA_COHERENTE,1,UNA_OPERACION_EN_HORARIO,SOJA,SILO_CHIEF_2,95817,10235332724,R29,False,FRAGMENTED_JOURNEYS|NO_MEASURABLE_SEGMENTS,30,SL10;SL11;SL12;SL13;SL14;SL15;SL8;SL9,24549;24252;24221,False,False
15281,SLZTK400,2026-09-28 14:41:02,BEF0,GES056,15329,14866,2026-09-28 14:32:20,2026-09-28 15:32:38,White,Unrecognized,Large Truck,0.46,0,1,0.6984514830840513,0.4495966207180381,87,False,True,SL3;SL6,True,0.0,1.0,0.0,1.0,0.8012820512820513,0.0,0.0,1.0,0.0,0.8257575757575758,0.0,1.0,0.0,1.0,0.4807692307692308,2.272125885509337,3.962716119743664,4.115779842942166,0.1442786069651741,1.0,0.9293478260869564,1.0,1.0,0.031456953642384,1.0,0.9529750479846448,1.0,1.0,0.7857142857142857,0.6065306597126334,1.0,1.0,1.0,1.0,1.0,0.0,1.0,1.0,0.5,0.3333333333333333,0.0,0.5,0.0,0.3333333333333333,0.0,1,CANDIDATO_MULTISENAL_RUTA_COHERENTE,0,SIN_OPERACION_EN_HORARIO,,,,,,,,30,SL3;SL6,15329;15281;14866,False,False
13708,SLZTK400,2026-09-28 18:17:02,GE552,AA875OG,13763,12589,2026-09-28 18:10:09,2026-09-28 22:36:43,White,Mercedes-Benz,Large Truck,0.3,0,1,0.6923525044022356,0.4238193711710326,30,False,True,SL3;SL6,True,0.0,1.0,0.0,1.0,0.7346153846153847,1.0,1.0,1.0,1.0,0.6868686868686869,0.0,1.0,0.0,1.0,0.3307692307692308,2.064750826269832,5.5633063884521405,5.589368756469422,0.0258221833187445,1.0,0.3465011286681715,1.0,1.0,0.0529801324503311,1.0,0.1908269809749535,0.0,1.0,0.7857142857142857,1.0,1.0,1.0,1.0,1.0,0.0,1.0,1.0,1.0,0.5,0.1428571428571429,0.0,0.0,0.0,0.1428571428571429,0.0,1,CANDIDATO_MULTISENAL_RUTA_COHERENTE,1,UNA_OPERACION_EN_HORARIO,ACEITE GIRASOL REFINADO,ACEITE_OSL,11526,0,SL1,False,FRAGMENTED_JOURNEYS|NO_MEASURABLE_SEGMENTS,30,SL3;SL6,13763;13708;12589,False,False
18763,RicB1Ingreso,2026-09-28 05:48:07,S45,OXN241,18784,18275,2026-09-28 05:37:43,2026-09-28 07:44:12,Purple,Unrecognized,Medium Truck,0.42,5,1,0.6907727097150879,0.656469453196997,20,False,True,R10;R11;R12;R13;R14;R15;R16;R26;R27;R28;R29;R30;R31;R32;R33;R34;R9;RS_DESP,True,0.0,0.0,1.0,1.0,0.4264705882352941,0.0,0.0,0.0,0.0,0.5833333333333333,0.0,0.0,0.0,1.0,0.6,2.4336133554004498,4.762885931979846,4.847985637099765,0.0822242719725919,1.0,0.7912885662431942,1.0,1.0,0.1782178217821782,1.0,0.9424588992137242,0.0,1.0,0.1135817307692307,0.6065306597126334,0.6065306597126334,0.0,1.0,1.0,1.0,1.0,1.0,1.0,0.0555555555555555,0.1666666666666666,0.0,0.0,0.5,0.1666666666666666,0.0,1,CANDIDATO_MULTISENAL_RUTA_COHERENTE,1,UNA_OPERACION_EN_HORARIO,SOJA,VOLCABLE_PTO_3,2000652,10135331484,R7,False,FRAGMENTED_JOURNEYS|NO_MEASURABLE_SEGMENTS,30,R10;R11;R12;R13;R14;R15;R16;R26;R27;R28;R29;R30;R31;R32;R33;R34;R9;RS_DESP,18784;18763;18275,False,False
12967,RicS8CargaLinea2,2026-09-28 21:06:38,6QW2002,MII360,13274,12709,2026-09-28 20:11:44,2026-09-28 22:05:44,White,Mercedes-Benz,Large Truck,0.18,0,1,0.6781010730673941,0.4593345651288321,65,False,True,R29,True,1.0,0.0,0.0,1.0,0.5,1.0,1.0,1.0,1.0,0.5,0.0,0.0,1.0,1.0,0.5,4.023564380161053,4.096009841541162,4.74493212836325,0.481578947368421,1.0,0.6597856292179436,0.0,1.0,0.0248756218905472,1.0,0.7597874720357941,0.0,1.0,0.1840796019900497,1.0,0.6065306597126334,1.0,1.0,1.0,0.0,0.0,1.0,0.0,1.0,0.1428571428571429,0.0,0.0,0.0,0.1428571428571429,0.0,1,CANDIDATO_MULTISENAL_RUTA_COHERENTE,1,UNA_OPERACION_EN_HORARIO,SOJA,VOLCABLE_PTO_3,2000652,10235342212,R7,False,FRAGMENTED_JOURNEYS|NO_MEASURABLE_SEGMENTS,30,R29,13274;12967;12709,False,False
14800,SLZTK400,2026-09-28 15:43:28,IOGS7NOABRC,AC988RL,14935,13061,2026-09-28 15:23:06,2026-09-28 20:52:16,White,Unrecognized,Sedan,0.14,0,1,0.6688739164292394,0.1945878803592277,213,False,True,SL3;SL6,True,1.0,1.0,1.0,1.0,0.6346153846153846,0.0,0.0,1.0,0.0,0.6590909090909092,0.0,0.0,1.0,1.0,0.4807692307692308,3.061832075258515,5.735926927982768,5.799597577470496,0.0618734177215189,1.0,0.595447284345048,0.0,1.0,0.0347111212605617,1.0,0.1605237633365664,0.0,1.0,0.7857142857142857,1.0,1.0,1.0,1.0,1.0,0.0,0.0,1.0,1.0,0.5,0.0909090909090909,0.0,0.0,0.5,0.1818181818181817,0.0,1,CANDIDATO_MULTISENAL_RUTA_COHERENTE,1,UNA_OPERACION_EN_HORARIO,CASCARA DE SOJA PELLETEADA,,95592,0,R13,False,FRAGMENTED_JOURNEYS|NO_MEASURABLE_SEGMENTS,30,SL3;SL6,14935;14800;13061,False,False
10228,RicB3Ingreso,2026-09-29 09:10:46,025,GGH085,10350,9952,2026-09-29 08:55:53,2026-09-29 09:55:37,Red,Unrecognized,Sedan,0.5,5,1,0.6267027411108645,0.1941994958448491,23,False,True,R10;R11;R12;R13;R14;R15;R16;R26;R27;R28;R29;R30;R31;R32;R33;R34;R9;RS_DESP,True,0.0,0.0,1.0,1.0,0.5,0.0,0.0,0.0,0.0,0.5,0.0,0.0,0.0,1.0,0.5,2.7652703414321014,3.825375198702474,4.106492696157749,0.2491629464285714,1.0,0.8954496208017335,1.0,1.0,0.1782178217821782,1.0,0.4127417519908987,0.0,1.0,0.1135817307692307,0.6065306597126334,0.6065306597126334,0.0,1.0,1.0,0.0,0.0,1.0,1.0,0.0555555555555555,0.3333333333333333,0.0,0.0,0.5,0.3333333333333333,0.0,1,CANDIDATO_MULTISENAL_RUTA_COHERENTE,1,UNA_OPERACION_EN_HORARIO,GIRASOL,VOLCABLE_2,2000664,10235347611,R6,False,FRAGMENTED_JOURNEYS|NO_MEASURABLE_SEGMENTS,30,R10;R11;R12;R13;R14;R15;R16;R26;R27;R28;R29;R30;R31;R32;R33;R34;R9;RS_DESP,10350;10228;9952,False,False
3936,SLZBalSC2Fte,2026-09-30 11:18:43,AA2,AD836GM,4153,3732,2026-09-30 10:44:22,2026-09-30 11:44:25,White,Unrecognized,Small Truck,0.14,0,1,0.6226154155471252,0.2736468606720783,27,False,True,R26;R27;R28;R29;R30;R31;R32;R33;R34,True,1.0,1.0,1.0,1.0,0.5,0.0,0.0,0.0,0.0,0.5,0.0,1.0,0.0,1.0,0.5,3.565298392342582,3.284663565406204,4.111693200556713,0.5720233139050791,1.0,0.3095255717563467,0.0,1.0,0.0078671328671328,1.0,0.1036895674300254,1.0,1.0,1.0,0.6065306597126334,1.0,1.0,1.0,1.0,0.0,1.0,0.0,1.0,0.1111111111111111,0.1428571428571429,0.0,0.5,0.0,0.1428571428571429,0.0,1,CANDIDATO_MULTISENAL_RUTA_COHERENTE,0,SIN_OPERACION_EN_HORARIO,,,,,,,,30,R26;R27;R28;R29;R30;R31;R32;R33;R34,4153;3936;3732,False,False
1710,SLZBalSC2Fte,2026-09-30 17:14:55,D10R3,KOE138,3621,1675,2026-09-30 11:57:20,2026-09-30 17:17:40,White,Mercedes-Benz,Large Truck,0.46,0,1,0.5915812792079915,0.5110319693020797,69,False,True,R33;R34;SL1;SL10;SL11;SL12;SL13;SL14;SL15;SL2;SL3;SL4;SL5;SL6;SL7;SL8;SL9,True,1.0,1.0,1.0,1.0,0.45,1.0,1.0,1.0,1.0,0.5,0.0,1.0,0.0,1.0,0.45,5.763884083908413,1.3217558399823195,5.772479005942436,0.9914151925078044,1.0,0.2152737752161383,0.0,1.0,0.0171583383503913,1.0,0.8358974358974359,1.0,1.0,1.0,1.0,1.0,1.0,1.0,1.0,0.0,0.0,1.0,1.0,0.0588235294117647,0.1666666666666666,0.0,0.0,0.0,0.1666666666666666,0.0,1,CANDIDATO_MULTISENAL_RUTA_COHERENTE,1,UNA_OPERACION_EN_HORARIO,ACEITE GIRASOL REFINADO,ACEITE_OSL,11526,0,SL1,True,NO_MEASURABLE_SEGMENTS,30,R33;R34;SL1;SL10;SL11;SL12;SL13;SL14;SL15;SL2;SL3;SL4;SL5;SL6;SL7;SL8;SL9,3621;1710;1675,False,True
11758,RicEgrCamFrente,2026-09-29 02:15:59,G191,RAW481,11798,10881,2026-09-29 02:03:36,2026-09-29 07:12:56,Black,Unrecognized,SUV,0.42,0,1,0.5861814227033638,0.5234992822592841,25,False,True,R26;R27;R28;R29;R30;R31;R32;R7,True,0.0,0.0,0.0,1.0,0.5,0.0,0.0,0.0,0.0,0.5,0.0,0.0,1.0,1.0,0.5,2.5940101517246608,5.696925687192988,5.737646988608957,0.0400323275862068,1.0,0.8602846054333765,1.0,1.0,0.3034825870646767,1.0,0.1692161147531798,0.0,1.0,0.115251769810459,1.0,1.0,1.0,1.0,1.0,1.0,0.0,1.0,0.0,0.125,0.1666666666666666,0.0,0.0,0.5,0.1666666666666666,0.0,1,CANDIDATO_MULTISENAL_RUTA_COHERENTE,1,UNA_OPERACION_EN_HORARIO,SOJA,SILO_CHIEF_2,95817,10235351861,R29,True,FRAGMENTED_JOURNEYS|NO_MEASURABLE_SEGMENTS,30,R26;R27;R28;R29;R30;R31;R32;R7,11798;11758;11713;10881,False,True
9580,RicB3Ingreso,2026-09-29 11:03:40,BB6,EBO971,9743,9093,2026-09-29 10:33:40,2026-09-29 12:23:09,Black,Unrecognized,Sedan,0.22,3,1,0.5812117165021824,0.2338268565394107,24,False,True,R10;R11;R12;R13;R14;R15;R16;R26;R27;R28;R29;R30;R31;R32;R33;R34;R9,True,1.0,0.0,0.0,1.0,0.5,0.0,0.0,0.0,0.0,0.5,0.0,0.0,0.0,1.0,0.5,3.4339872044851463,4.388050123651441,4.704864680019291,0.2740143096361699,1.0,0.4516393442622951,1.0,1.0,0.1782178217821782,1.0,0.8634090435507398,0.0,1.0,0.0769230769230769,0.7408182206817179,0.8187307530779818,0.0,1.0,1.0,0.0,0.0,1.0,1.0,0.0588235294117647,0.1666666666666666,0.0,0.5,0.0,0.1666666666666666,0.0,1,CANDIDATO_MULTISENAL_RUTA_COHERENTE,0,SIN_OPERACION_EN_HORARIO,,,,,,,,30,R10;R11;R12;R13;R14;R15;R16;R26;R27;R28;R29;R30;R31;R32;R33;R34;R9,9743;9580;9093,False,False
4054,SLZBalSC2Fte,2026-09-30 11:04:29,LC5,MWH059,4729,4034,2026-09-30 09:13:38,2026-09-30 11:06:44,White,Iveco,Large Truck,0.14,0,1,0.5648750363667326,0.5265076176798241,22,False,True,R26;R27;R28;R29;R30;R31;R32;R33;R34;R35;R7;SL1;SL10;SL11;SL12;SL13;SL14;SL15;SL2;SL3;SL4;SL5;SL6;SL7;SL8;SL9,True,0.0,0.0,1.0,1.0,0.45,0.0,0.0,1.0,1.0,0.5,0.0,0.0,1.0,1.0,0.45,4.717158687936139,1.1786549963416462,4.73707525686803,0.980106100795756,1.0,0.5841191438407424,0.0,1.0,0.0155497441300421,1.0,0.987878787878788,1.0,1.0,1.0,0.6065306597126334,1.0,1.0,1.0,1.0,0.0,0.0,1.0,1.0,0.0384615384615384,0.1666666666666666,0.0,0.0,0.0,0.1666666666666666,0.0,1,CANDIDATO_MULTISENAL_RUTA_COHERENTE,2,OPERACIONES_AMBIGUAS,ACEITE GIRASOL REFINADO,ACEITE_OSL,11678;50042,0,SL1,True,FRAGMENTED_JOURNEYS|NO_MEASURABLE_SEGMENTS,30,R26;R27;R28;R29;R30;R31;R32;R33;R34;R35;R7;SL1;SL10;SL11;SL12;SL13;SL14;SL15;SL2;SL3;SL4;SL5;SL6;SL7;SL8;SL9,4729;4054;4034,False,True
19434,SLZVolcableC2,2026-09-28 02:40:53,GH6,GES056,19482,19314,2026-09-28 02:32:32,2026-09-28 03:06:19,Unrecognized,Unrecognized,Medium Truck,0.66,5,1,0.562707578606527,0.3662378391623119,6,False,True,SL10;SL11;SL12;SL13;SL8;SL9,True,0.0,0.0,0.0,0.0,0.5,0.0,0.0,0.0,0.0,0.5,1.0,1.0,1.0,1.0,0.5,2.2353763433005955,3.2746258399726926,3.5491383448551,0.2471632955106068,1.0,0.1873015873015873,1.0,1.0,0.3311258278145696,1.0,0.8680613668061367,1.0,1.0,0.1309523809523809,0.6065306597126334,0.6703200460356393,0.0,1.0,1.0,0.0,0.0,1.0,0.0,0.1666666666666666,0.3333333333333333,0.0,0.5,0.5,0.3333333333333333,0.0,1,CANDIDATO_MULTISENAL_RUTA_COHERENTE,0,SIN_OPERACION_EN_HORARIO,,,,,,,,30,SL10;SL11;SL12;SL13;SL8;SL9,19482;19434;19314,False,False
22351,SLZTK400,2026-09-27 12:18:38,3361230,CKQ212,22364,22167,2026-09-27 12:12:57,2026-09-27 13:15:32,White,Audi,Large Truck,0.18,0,1,0.5548742753607021,0.5312693811542533,30,False,True,SL3;SL6,True,0.0,1.0,0.0,1.0,0.7346153846153847,0.0,0.0,0.0,1.0,0.6868686868686869,0.0,0.0,0.0,1.0,0.3307692307692308,1.8996168650844685,4.05871738457895,4.152351381496457,0.0908122503328894,1.0,0.4137466307277627,1.0,1.0,0.0529801324503311,1.0,0.8649825783972126,1.0,1.0,0.7857142857142857,1.0,1.0,1.0,1.0,1.0,0.0,0.0,1.0,1.0,0.5,0.1428571428571429,0.0,0.0,0.0,0.1428571428571429,0.0,1,CANDIDATO_MULTISENAL_RUTA_COHERENTE,0,SIN_OPERACION_EN_HORARIO,,,,,,,,30,SL3;SL6,22364;22351;22167,False,False
5145,SLZBalSC2Fte,2026-09-30 08:05:17,BUR,AG862BR,5314,5010,2026-09-30 07:46:28,2026-09-30 08:20:23,White,Unrecognized,Large Truck,0.22,0,1,0.5494849718217893,0.5420686724727558,4,False,True,R26;R27;R28;R29;R30;R31;R32;R33;R34,True,1.0,1.0,1.0,1.0,0.45,0.0,0.0,1.0,0.0,0.5,0.0,0.0,0.0,1.0,0.45,2.986523334468681,2.778819271990417,3.552964270134137,0.5547911547911548,1.0,0.1715639108874251,0.0,1.0,0.0078671328671328,1.0,0.1741452991452991,1.0,1.0,1.0,0.6065306597126334,1.0,1.0,1.0,1.0,0.0,0.0,0.0,1.0,0.1111111111111111,0.1428571428571429,0.0,0.0,0.5,0.2857142857142857,0.0,1,CANDIDATO_MULTISENAL_RUTA_COHERENTE,0,SIN_OPERACION_EN_HORARIO,,,,,,,,30,R26;R27;R28;R29;R30;R31;R32;R33;R34,5314;5145;5010,False,False
14357,SLZTK400,2026-09-28 16:44:19,H385DJ,WOP503,14390,13976,2026-09-28 16:39:57,2026-09-28 17:40:08,White,Scania,Medium Truck,0.18,0,1,0.5040504497819174,0.2506673913019748,39,False,True,SL3;SL6,True,1.0,1.0,1.0,1.0,0.7346153846153847,0.0,0.0,0.0,1.0,0.6868686868686869,0.0,0.0,0.0,1.0,0.3307692307692308,1.6802069833223074,4.039829709915803,4.113874821274734,0.0725560786485738,1.0,0.5256849315068494,1.0,1.0,0.0529801324503311,1.0,0.881621781592187,1.0,1.0,0.7857142857142857,1.0,1.0,1.0,1.0,1.0,1.0,1.0,1.0,1.0,0.5,0.1666666666666666,1.0,0.0,0.0,0.1666666666666666,0.0,1,CANDIDATO_MULTISENAL_RUTA_COHERENTE,1,UNA_OPERACION_EN_HORARIO,SOJA,VOLCABLE_PTO_5,2000655,10135328565,R7,False,FRAGMENTED_JOURNEYS|NO_MEASURABLE_SEGMENTS,30,SL3;SL6,14390;14357;14019;13976,False,False
