excel_row,camera,time,plate_original,plate_deduced,color,brand,category,anchor_start_row,anchor_end_row,original_ocr_confidence,strong_ocr_contradiction,transition_frequency_product,compatible_circuits,path_rows,status,identity_conflict
19706,SLZSalidaC1Fte,2026-09-28 01:23:22,DGR440,EEW075,White,Mercedes-Benz,Medium Truck,19908,19621,70,False,0.11324097938144329,SL10;SL11;SL12;SL13;SL14;SL15;SL8;SL9,19908;19706;19621,DEDUCIDO_PENDIENTE_VALIDACION,False
1634,RicCalLiq,2026-09-30 17:21:18,CIE516,DFP716,White,Ford,Medium Truck,1942,1500,74,False,0.04936270537095705,R26;R27;R28;R29;R30;R31;R32,1942;1634;1500,DEDUCIDO_PENDIENTE_VALIDACION,False
22639,RicB1Ingreso,2026-09-27 10:17:29,AYB759,UUL425,White,Mercedes-Benz,Medium Truck,22739,22541,78,False,0.003975616220514179,R10;R11;R12;R13;R14;R15;R26;R27;R28;R29;R30;R31;R32;R9,22739;22639;22541,DEDUCIDO_PENDIENTE_VALIDACION,False
16821,RicB1Ingreso,2026-09-28 11:02:20,CIE516,FDH917,White,Ford,Medium Truck,17030,16660,62,False,0.003975616220514179,R10;R11;R12;R13;R14;R15;R26;R27;R28;R29;R30;R31;R32;R9,17030;16821;16660,DEDUCIDO_PENDIENTE_VALIDACION,False
16471,SLZIngCamFrente,2026-09-28 11:43:45,FDH917,FDH917,White,Ford,Medium Truck,16607,16405,78,False,0.4473415534438074,R26;R27;R28;R29;R30;R31;R32;R33;R34;R35;R7,16607;16471;16405,DEDUCIDO_PENDIENTE_VALIDACION,False
9915,RicCal01,2026-09-29 10:05:44,HDK895,FDH917,White,Ford,Medium Truck,10176,9891,78,False,0.27075812274368233,R12;R29,10176;9915;9891,DEDUCIDO_PENDIENTE_VALIDACION,False
22666,SLZIngCamFrente,2026-09-27 10:01:00,CFQ560,AA087XZ,White,Mercedes-Benz,Medium Truck,22861,22605,42,False,0.4473415534438074,R26;R27;R28;R29;R30;R31;R32;R33;R34;R35;R7,22861;22666;22605,DEDUCIDO_PENDIENTE_VALIDACION,False
22429,SLZBalSC2Fte,2026-09-27 11:38:38,AA08712,AA087XZ,White,Mercedes-Benz,Medium Truck,22454,22424,62,False,0.04,R26;R27;R28;R29;R30;R31;R32;R7;SL10;SL11;SL12;SL13;SL8;SL9,22454;22429;22424,DEDUCIDO_PENDIENTE_VALIDACION,False
16205,RicCal04,2026-09-28 12:17:19,AAE877,AAE877,Red,Iveco,Medium Truck,16834,16121,78,False,0.05525675974360864,R10;R11;R12;R13;R14;R15;R26;R27;R28;R29;R30;R31;R32;R9,16834;16205;16121,DEDUCIDO_PENDIENTE_VALIDACION,False
4486,RicB1Ingreso,2026-09-30 09:53:08,CFQ560,CFQ560,White,Mercedes-Benz,Medium Truck,4549,4446,66,False,0.030193633081719726,R1;R10;R11;R12;R13;R14;R15;R2;R21;R22;R23;R24;R25;R26;R27;R28;R29;R3;R30;R31;R32;R4;R5;R6;R9;RS_REC;SL10;SL11;SL12;SL13;SL8;SL9,4549;4486;4446,DEDUCIDO_PENDIENTE_VALIDACION,False
21738,RicB1Ingreso,2026-09-27 15:40:19,DGR440,DGR440,White,Mercedes-Benz,Medium Truck,21754,21729,74,False,0.030193633081719726,R1;R10;R11;R12;R13;R14;R15;R2;R21;R22;R23;R24;R25;R26;R27;R28;R29;R3;R30;R31;R32;R4;R5;R6;R9;RS_REC;SL10;SL11;SL12;SL13;SL8;SL9,21754;21738;21729,DEDUCIDO_PENDIENTE_VALIDACION,False
16066,SLZBalSC2Fte,2026-09-28 12:40:04,ARA,AI082AP,White,Mercedes-Benz,Large Truck,16127,16026,72,False,0.04,R26;R27;R28;R29;R30;R31;R32;R7;SL10;SL11;SL12;SL13;SL8;SL9,16127;16066;16026,DEDUCIDO_PENDIENTE_VALIDACION,False
4920,SLZBalSC2Fte,2026-09-30 08:32:15,MII272,KAI873,White,Iveco,Large Truck,5013,4873,26,False,0.04,R26;R27;R28;R29;R30;R31;R32;R7;SL10;SL11;SL12;SL13;SL8;SL9,5013;4920;4873,DEDUCIDO_PENDIENTE_VALIDACION,False
18051,SLZCalado,2026-09-28 08:20:09,KOQ228,KOQ228,White,Iveco,Medium Truck,18398,17989,78,False,0.043613707165109025,R33;R34;SL1;SL10;SL11;SL12;SL13;SL14;SL15;SL2;SL3;SL4;SL5;SL6;SL7;SL8;SL9,18398;18051;17989,DEDUCIDO_PENDIENTE_VALIDACION,False
5484,SLZCalado,2026-09-30 07:15:02,KOQ228,KOQ228,White,Iveco,Medium Truck,5492,5375,78,False,0.043613707165109025,R33;R34;SL1;SL10;SL11;SL12;SL13;SL14;SL15;SL2;SL3;SL4;SL5;SL6;SL7;SL8;SL9,5492;5484;5375,DEDUCIDO_PENDIENTE_VALIDACION,False
10161,SLZCalado,2026-09-29 09:20:55,AA875OG,AA875OG,White,Mercedes-Benz,Medium Truck,10175,10095,78,False,0.043613707165109025,R33;R34;SL1;SL10;SL11;SL12;SL13;SL14;SL15;SL2;SL3;SL4;SL5;SL6;SL7;SL8;SL9,10175;10161;10095,DEDUCIDO_PENDIENTE_VALIDACION,False
22291,SLZCalado,2026-09-27 12:42:36,NWZ336,EVL273,White,Mercedes-Benz,Medium Truck,22527,22094,66,False,0.009785596481583288,R33;R34,22527;22305;22291;22094,DEDUCIDO_PENDIENTE_VALIDACION,False
22290,SLZBalIngFte,2026-09-27 12:43:13,NWZ336,EVL273,White,Mercedes-Benz,Medium Truck,22527,22094,82,True,0.1706354379115554,R26;R27;R28;R29;R30;R31;R32;R33;R34;R35;R7,22527;22305;22290;22094,CONTRADICCION_OCR_FUERTE,False
3832,SLZBalSC2Fte,2026-09-30 11:33:40,K229,ECX249,White,Volkswagen,Medium Truck,3915,3800,30,False,0.04,R26;R27;R28;R29;R30;R31;R32;R7;SL10;SL11;SL12;SL13;SL8;SL9,3915;3832;3800,DEDUCIDO_PENDIENTE_VALIDACION,False
10590,SLZCalado,2026-09-29 08:23:23,LZP122,LZP122,White,Mercedes-Benz,Medium Truck,10604,10531,62,False,0.043613707165109025,R33;R34;SL1;SL10;SL11;SL12;SL13;SL14;SL15;SL2;SL3;SL4;SL5;SL6;SL7;SL8;SL9,10604;10590;10531,DEDUCIDO_PENDIENTE_VALIDACION,False
17109,RicB1Ingreso,2026-09-28 10:31:16,KDE342,KDE342,White,Mercedes-Benz,Medium Truck,17268,17085,54,False,0.030193633081719726,R1;R10;R11;R12;R13;R14;R15;R2;R21;R22;R23;R24;R25;R26;R27;R28;R29;R3;R30;R31;R32;R4;R5;R6;R9;RS_REC;SL10;SL11;SL12;SL13;SL8;SL9,17268;17109;17085,DEDUCIDO_PENDIENTE_VALIDACION,False
24845,SLZVolcableC2,2026-09-27 00:31:53,LAA,PIC074,White,Mercedes-Benz,Medium Truck,24996,24745,70,False,0.2111340206185567,R26;R27;R28;R29;R30;R31;R32;R7;SL10;SL11;SL12;SL13;SL8;SL9,24996;24845;24745,DEDUCIDO_PENDIENTE_VALIDACION,False
21399,SLZVolcableC2,2026-09-27 17:05:13,AE648OD,AE648OD,Red,Volvo,Large Truck,21537,21286,78,False,0.2111340206185567,R26;R27;R28;R29;R30;R31;R32;R7;SL10;SL11;SL12;SL13;SL8;SL9,21537;21399;21286,DEDUCIDO_PENDIENTE_VALIDACION,False
21440,SLZBalSC2Fte,2026-09-27 16:57:58,AI455EP,AI455EY,Blue,Scania,Large Truck,21615,21409,78,False,0.004672897196261682,R26;R27;R28;R29;R30;R31;R32;R7;SL10;SL11;SL12;SL13;SL8;SL9,21615;21480;21440;21409,DEDUCIDO_PENDIENTE_VALIDACION,False
21524,SLZBalSC2Fte,2026-09-27 16:31:25,AA0,AH634CT,White,Iveco,Large Truck,21574,21498,46,False,0.04,R26;R27;R28;R29;R30;R31;R32;R7;SL10;SL11;SL12;SL13;SL8;SL9,21574;21524;21498,DEDUCIDO_PENDIENTE_VALIDACION,False
14284,RenCargFte,2026-09-28 16:53:52,043,AE808WG,White,Mercedes-Benz,Medium Truck,14518,14033,78,False,0.009840674789128395,SL14;SL5,14518;14284;14033,DEDUCIDO_PENDIENTE_VALIDACION,False
15576,RenCargFte,2026-09-28 13:46:43,SCG152,AH050CZ,White,Mercedes-Benz,Medium Truck,15949,15483,82,True,0.026241799437675725,R33;SL1;SL14;SL5,15949;15576;15483,CONTRADICCION_OCR_FUERTE,False
15234,SLZBalSC2Fte,2026-09-28 14:45:52,JE2,AA326SD,White,Mercedes-Benz,Medium Truck,15640,15075,74,False,0.013195876288659794,R26;R27;R28;R29;R30;R31;R32;R7;SL10;SL11;SL12;SL13;SL8;SL9,15640;15341;15234;15075,DEDUCIDO_PENDIENTE_VALIDACION,False
14217,SLZVolcableC5,2026-09-28 17:07:01,AB525FS,AB525FS,White,Volvo,Large Truck,14433,14148,78,False,0.2111340206185567,R26;R27;R28;R29;R30;R31;R32;R7;SL10;SL11;SL12;SL13;SL8;SL9,14433;14217;14148,DEDUCIDO_PENDIENTE_VALIDACION,False
14352,RicB1Ingreso,2026-09-28 16:44:50,EVL273,AG644CT,White,Mercedes-Benz,Medium Truck,14784,14194,66,False,0.010339978492844733,R10;R11;R12;R13;R14;R15;R16;R26;R27;R28;R29;R30;R31;R32;R33;R34;R9;RS_DESP,14784;14352;14194,DEDUCIDO_PENDIENTE_VALIDACION,False
12814,SLZVolcableC3,2026-09-28 21:41:10,AF227NC,AE227NC,White,Volvo,Large Truck,13688,12699,78,False,0.07476635514018691,R26;R27;R28;R29;R30;R31;R32;R7;SL10;SL11;SL12;SL13;SL8;SL9,13688;12814;12699,DEDUCIDO_PENDIENTE_VALIDACION,False
12058,RicEgrCamFrente,2026-09-29 01:10:16,TZD778,OHF905,White,Mercedes-Benz,Medium Truck,12116,12007,86,True,0.20249977247216577,R26;R27;R28;R29;R30;R31;R32;R33;R34;R35;R7,12116;12058;12007,CONTRADICCION_OCR_FUERTE,False
8643,SLZCalado,2026-09-29 13:42:22,GIH043,AH019OV,White,Mercedes-Benz,Medium Truck,8802,8620,66,False,0.043613707165109025,R33;R34;SL1;SL10;SL11;SL12;SL13;SL14;SL15;SL2;SL3;SL4;SL5;SL6;SL7;SL8;SL9,8802;8643;8620,DEDUCIDO_PENDIENTE_VALIDACION,False
6786,SLZVolcableC5,2026-09-29 21:03:28,WQ55,NMV429,White,Mercedes-Benz,Medium Truck,6962,6761,66,False,0.07476635514018691,R26;R27;R28;R29;R30;R31;R32;R7;SL10;SL11;SL12;SL13;SL8;SL9,6962;6786;6761,DEDUCIDO_PENDIENTE_VALIDACION,False
6435,SLZIngCamFrente,2026-09-29 23:54:44,MUF492,MUF492,White,Iveco,Medium Truck,6482,6201,78,False,0.4473415534438074,R26;R27;R28;R29;R30;R31;R32;R33;R34;R35;R7,6482;6435;6201,DEDUCIDO_PENDIENTE_VALIDACION,False
5136,SLZBalSC2Fte,2026-09-30 08:07:20,AIS2510,AA583XJ,White,Iveco,Large Truck,5220,5072,18,False,0.04,R26;R27;R28;R29;R30;R31;R32;R7;SL10;SL11;SL12;SL13;SL8;SL9,5220;5136;5072,DEDUCIDO_PENDIENTE_VALIDACION,False
4426,SLZVolcableC3,2026-09-30 10:04:23,EFA323,IZK674,White,Iveco,Medium Truck,4921,4208,34,False,0.2111340206185567,R26;R27;R28;R29;R30;R31;R32;R7;SL10;SL11;SL12;SL13;SL8;SL9,4921;4426;4208,DEDUCIDO_PENDIENTE_VALIDACION,False
2825,RicB1Ingreso,2026-09-30 14:07:44,AC658DF,AC658DF,White,Scania,Large Truck,2899,2780,62,False,0.030193633081719726,R1;R10;R11;R12;R13;R14;R15;R2;R21;R22;R23;R24;R25;R26;R27;R28;R29;R3;R30;R31;R32;R4;R5;R6;R9;RS_REC;SL10;SL11;SL12;SL13;SL8;SL9,2899;2825;2780,DEDUCIDO_PENDIENTE_VALIDACION,False
1728,RicEgrCamFrente,2026-09-30 17:12:01,AF066WZ,DPE897,White,Scania,Large Truck,2024,1536,86,True,0.0236565154757203,R26;R27;R28;R29;R30;R31;R32;R7,2024;1728;1646;1536,CONTRADICCION_OCR_FUERTE,False
