,mean,mean,mean,size,size,size
attr,color,marca,tipo,color,marca,tipo
camB,,,,,,
RenCargFte,0.7105263157894737,0.88,0.8421052631578947,38,25,38
RenDescFte,1.0,1.0,0.5,2,1,2
RicB1Ingreso,0.45925925925925926,0.8524590163934426,0.8043478260869565,135,61,92
RicB2Egreso,0.5,1.0,0.75,6,3,4
RicB3Egreso,0.39285714285714285,1.0,0.8214285714285714,28,24,28
RicB3Ingreso,0.4666666666666667,0.9375,0.75,15,16,16
RicCal01,0.4375,0.7272727272727273,0.8125,16,11,16
RicCal02,0.5517241379310345,0.6923076923076923,0.72,29,13,25
RicCal03,0.4939759036144578,0.6857142857142857,0.75,83,35,76
RicCal04,0.5546875,0.7567567567567568,0.8173913043478261,128,74,115
RicCalLiq,0.6307692307692307,0.8545454545454545,0.7105263157894737,130,55,114
RicEgrCamFrente,0.5129682997118156,0.8362068965517241,0.8694267515923567,347,232,314
RicPreIngInFr,0.42953020134228187,0.5185185185185185,0.6703296703296703,149,27,91
RicS6Playa3,0.6496350364963503,0.8279569892473119,0.7751937984496124,137,93,129
RicS7Carga,0.25,0.6666666666666666,1.0,4,3,3
RicS7DescLinea2,0.3333333333333333,0.6666666666666666,0.6666666666666666,3,3,3
RicS8CargaLinea1,0.5,1.0,1.0,2,2,2
RicS8CargaLinea2,0.6170212765957447,0.8888888888888888,0.8205128205128205,47,27,39
RicVolcable1,0.2727272727272727,0.6666666666666666,1.0,11,9,11
RicVolcable2,1.0,1.0,1.0,1,1,1
SLZBalIngFte,0.5697151424287856,0.8147208121827412,0.6876971608832808,667,394,634
SLZBalLiq1a,0.5714285714285714,0.75,0.8571428571428571,7,4,7
SLZBalLiq1b,0.75,1.0,1.0,4,1,4
SLZBalLiq2a,0.7142857142857143,0.5,0.8571428571428571,7,4,7
SLZBalLiq2b,0.3333333333333333,1.0,1.0,3,1,3
SLZBalSC1Fte,0.6666666666666666,0.8666666666666667,0.9523809523809523,21,15,21
SLZBalSC2Fte,0.6666666666666666,0.9285714285714286,0.8947368421052632,21,14,19
SLZCalado,0.7922077922077922,0.8769230769230769,0.868421052631579,77,65,76
SLZIngCamFrente,0.5434412265758092,0.8805970149253731,0.863905325443787,587,402,507
SLZSalidaC1Fte,0.6698113207547169,0.8624338624338624,0.7973977695167286,530,378,538
SLZSalidaC2Fte,0.46153846153846156,0.75,0.9090909090909091,13,4,11
SLZTK400,0.6962025316455697,0.84,0.8481012658227848,79,50,79
SLZVolcableC2,0.8333333333333334,0.6,0.7142857142857143,6,5,7
SLZVolcableC3,0.6,0.864406779661017,0.7272727272727273,90,59,88
SLZVolcableC4,0.4647887323943662,0.5675675675675675,0.6029411764705882,71,37,68
SLZVolcableC5,0.6732673267326733,0.92,0.8333333333333334,101,75,102
