camera,captures,test_queries,exact_recovery,ocr_identity_agrees,real_candidate_captures,coherent_candidate_captures,ambiguous_captures
RenCargFte,154,16,11,12,67,0,31
RenCargTras,255,0,0,0,20,0,3
RenDescFte,8,0,0,0,1,0,0
RenDescTras,7,0,0,0,0,0,0
RicB1Egreso,29,0,0,0,1,0,1
RicB1Ingreso,1410,90,56,56,185,4,73
RicB2Egreso,1396,3,3,3,281,1,130
RicB2Ingreso,125,0,0,0,25,0,10
RicB3Egreso,242,4,2,2,26,0,6
RicB3Ingreso,261,1,1,1,45,4,23
RicC16Carga1,4,0,0,0,2,0,2
RicC16Carga2,3,0,0,0,0,0,0
RicCal01,90,18,12,12,5,0,2
RicCal02,141,28,22,24,11,0,0
RicCal03,767,59,54,56,25,2,6
RicCal04,925,116,83,91,23,2,0
RicCal05,1,0,0,0,0,0,0
RicCal06,5,0,0,0,0,0,0
RicCalLiq,626,93,41,46,26,0,4
RicEgrCamFrente,1808,433,352,360,68,10,11
RicEgrCamTraser,1574,4,3,3,1,0,0
RicIngCamFrente,88,0,0,0,0,0,0
RicIngCamTrasera,1853,0,0,0,1,0,0
RicPreIngEgFr,55,0,0,0,9,3,1
RicPreIngEgTr,5,0,0,0,0,0,0
RicPreIngInFr,2225,127,70,70,145,1,20
RicPreIngInTr,2145,2,0,0,0,0,0
RicS6Playa3,1102,105,60,62,212,3,97
RicS7Carga,518,0,0,0,157,0,86
RicS7DescLinea1,2,0,0,0,0,0,0
RicS7DescLinea2,140,3,1,1,52,0,28
RicS8CargaLinea1,14,0,0,0,4,0,1
RicS8CargaLinea2,803,42,27,27,161,3,83
RicVolcable1,304,0,0,0,11,0,2
RicVolcable2,355,0,0,0,31,0,7
SLZBalIngFte,2487,471,362,389,50,2,3
SLZBalIngTras,4268,7,5,6,3,2,0
SLZBalLiq1a,35,4,2,2,7,0,6
SLZBalLiq1b,60,2,0,0,8,0,6
SLZBalLiq2a,71,3,3,3,36,0,21
SLZBalLiq2b,38,0,0,0,18,0,14
SLZBalSC1Fte,239,6,2,2,39,0,14
SLZBalSC1Tras,410,0,0,0,25,0,4
SLZBalSC2Fte,417,13,12,12,125,29,54
SLZBalSC2Tras,84,0,0,0,6,0,2
SLZCalado,246,66,56,58,128,0,51
SLZIngCamFrente,1958,566,444,444,32,4,1
SLZIngCamTrasera,1766,9,6,6,6,0,0
SLZSalidaC1Fte,3078,161,74,74,2,1,0
SLZSalidaC1Tras,3490,8,0,0,0,0,0
SLZSalidaC2Fte,848,2,0,0,0,0,0
SLZSalidaC2Tras,1375,0,0,0,0,0,0
SLZTK400,3086,36,18,21,119,14,32
SLZVolcableC1,25,0,0,0,0,0,0
SLZVolcableC2,132,10,6,6,10,5,1
SLZVolcableC3,457,71,51,51,21,2,6
SLZVolcableC4,416,55,45,46,18,0,1
SLZVolcableC5,541,54,43,43,56,13,9
