camera,captures,nonstandard_plate,low_ocr,color_known,brand_known,category_known,blind_test_n,unique_proposal_n,unique_correct_n,nonstandard_with_candidate
RenCargFte,154,23,96,154,131,144,58,17,0,20
RenCargTras,255,136,247,255,1,2,6,1,0,120
RenDescFte,8,3,4,8,5,6,3,2,1,3
RenDescTras,7,2,7,7,0,0,0,0,0,2
RicB1Egreso,29,10,28,28,0,17,1,0,0,4
RicB1Ingreso,1410,250,1187,1376,824,1121,195,71,19,162
RicB2Egreso,1396,119,1379,1359,194,971,15,1,1,63
RicB2Ingreso,125,43,125,124,1,95,0,0,0,18
RicB3Egreso,242,52,178,233,189,204,59,23,4,28
RicB3Ingreso,261,51,198,259,193,235,62,28,5,27
RicC16Carga1,4,1,4,4,3,4,0,0,0,1
RicC16Carga2,3,2,3,3,1,3,0,0,0,1
RicCal01,90,13,58,88,77,90,31,16,2,7
RicCal02,141,26,90,141,101,141,47,19,1,20
RicCal03,767,140,462,758,658,767,283,144,23,114
RicCal04,925,169,542,899,744,925,373,180,29,106
RicCal05,1,1,1,0,0,1,0,0,0,0
RicCal06,5,3,5,4,0,5,0,0,0,2
RicCalLiq,626,30,413,613,340,626,210,92,22,21
RicEgrCamFrente,1808,347,1256,1792,1278,1584,531,260,60,242
RicEgrCamTraser,1574,530,1518,1568,98,269,45,11,0,430
RicIngCamFrente,88,28,82,87,36,65,6,2,0,21
RicIngCamTrasera,1853,1197,1843,1847,3,87,5,2,0,951
RicPreIngEgFr,55,41,52,55,3,4,1,1,0,36
RicPreIngEgTr,5,1,5,4,2,3,0,0,0,0
RicPreIngInFr,2225,188,1699,2176,803,1576,509,138,14,96
RicPreIngInTr,2145,902,2080,2117,48,241,50,10,1,723
RicS6Playa3,1102,277,897,1076,666,1102,193,85,27,152
RicS7Carga,518,151,491,518,292,428,25,12,0,101
RicS7DescLinea1,2,2,2,2,0,0,0,0,0,2
RicS7DescLinea2,140,44,122,140,109,137,18,7,0,30
RicS8CargaLinea1,14,5,12,14,8,14,2,1,0,1
RicS8CargaLinea2,803,309,704,784,436,803,89,35,14,172
RicVolcable1,304,30,285,301,256,297,19,7,0,21
RicVolcable2,355,117,352,355,284,321,3,2,0,62
SLZBalIngFte,2487,286,1516,2471,1281,2487,928,346,76,147
SLZBalIngTras,4268,930,3688,4248,405,4268,572,207,5,462
SLZBalLiq1a,35,8,22,34,27,35,11,3,1,6
SLZBalLiq1b,60,26,34,56,44,60,23,13,5,16
SLZBalLiq2a,71,22,59,65,50,71,12,5,1,12
SLZBalLiq2b,38,18,30,30,20,38,8,4,1,5
SLZBalSC1Fte,239,39,172,239,169,239,61,30,17,30
SLZBalSC1Tras,410,43,287,410,276,410,119,57,29,33
SLZBalSC2Fte,417,275,379,409,271,417,29,13,3,250
SLZBalSC2Tras,84,29,78,84,24,84,6,0,0,12
SLZCalado,246,11,122,243,232,246,121,46,12,8
SLZIngCamFrente,1958,271,1093,1942,1349,1657,818,360,73,178
SLZIngCamTrasera,1766,797,1598,1753,34,83,138,15,1,708
SLZSalidaC1Fte,3078,312,2128,3040,2395,3078,921,408,88,207
SLZSalidaC1Tras,3490,806,2830,3335,1074,3490,599,203,35,345
SLZSalidaC2Fte,848,81,598,848,375,848,241,95,38,59
SLZSalidaC2Tras,1375,358,1055,1370,1021,1375,290,123,38,204
SLZTK400,3086,1438,2862,3025,1627,3086,203,81,21,1039
SLZVolcableC1,25,13,25,25,13,15,0,0,0,13
SLZVolcableC2,132,47,116,124,95,115,15,10,8,32
SLZVolcableC3,457,104,321,448,341,457,124,61,16,65
SLZVolcableC4,416,53,286,396,301,416,124,45,7,26
SLZVolcableC5,541,206,412,527,396,541,123,58,25,145
