desde,hacia,n,p,en_modelo,mediana_min,p10,p90
ricardone:Balanza Egreso,san_lorenzo:Egreso,10,0.455,False,117.5,12.2,227.2
ricardone:Balanza Egreso,ricardone:Salida 2,6,0.273,False,18.7,14.8,172.4
ricardone:Balanza Egreso,ricardone:Balanza Ingreso,2,0.091,False,194.6,64.7,324.4
ricardone:Balanza Egreso,san_lorenzo:Ingreso,2,0.091,False,18.3,15.9,20.6
ricardone:Balanza Egreso,san_lorenzo:Balanza Egreso,1,0.045,False,44.1,44.1,44.1
ricardone:Balanza Egreso,ricardone:Pre ingreso,1,0.045,False,131.2,131.2,131.2
ricardone:Balanza Ingreso,ricardone:Playa 3,41,0.244,True,5.0,4.1,19.2
ricardone:Balanza Ingreso,san_lorenzo:Egreso,26,0.155,False,108.9,14.8,277.7
ricardone:Balanza Ingreso,ricardone:Calada,25,0.149,False,111.8,30.5,278.9
ricardone:Balanza Ingreso,ricardone:Balanza Egreso,18,0.107,False,14.4,3.7,255.8
ricardone:Balanza Ingreso,san_lorenzo:Ingreso,16,0.095,False,90.9,44.9,108.7
ricardone:Balanza Ingreso,san_lorenzo:Balanza Ingreso,11,0.065,False,157.8,82.6,270.8
ricardone:Balanza Ingreso,ricardone:Tolva de carga silo Chief,11,0.065,False,92.0,43.9,163.4
ricardone:Balanza Ingreso,ricardone:Salida 2,7,0.042,False,150.2,46.7,200.3
ricardone:Balanza Ingreso,san_lorenzo:Plataformas Volcables,6,0.036,False,209.2,168.3,321.0
ricardone:Balanza Ingreso,ricardone:Pre ingreso,4,0.024,False,137.0,33.5,303.8
ricardone:Balanza Ingreso,san_lorenzo:Balanza Egreso,1,0.006,False,211.3,211.3,211.3
ricardone:Balanza Ingreso,san_lorenzo:Carga/Descarga Renova,1,0.006,False,53.1,53.1,53.1
ricardone:Balanza Ingreso,ricardone:Volcable Silo Keppler,1,0.006,False,334.2,334.2,334.2
ricardone:Calada,ricardone:Salida 2,231,0.355,True,11.0,6.1,98.8
ricardone:Calada,san_lorenzo:Ingreso,164,0.252,False,26.5,17.8,153.0
ricardone:Calada,san_lorenzo:Balanza Ingreso,83,0.128,False,48.3,22.6,251.2
ricardone:Calada,ricardone:Playa 3,53,0.082,False,16.9,8.7,67.7
ricardone:Calada,ricardone:Balanza Ingreso,38,0.058,True,6.6,2.9,29.5
ricardone:Calada,san_lorenzo:Plataformas Volcables,28,0.043,False,81.1,41.2,218.5
ricardone:Calada,san_lorenzo:Egreso,22,0.034,False,145.9,61.0,260.0
ricardone:Calada,ricardone:Pre ingreso,15,0.023,False,102.2,9.2,187.4
ricardone:Calada,ricardone:Tolva de carga silo Chief,10,0.015,False,138.8,93.6,210.4
ricardone:Calada,ricardone:Volcable 1,4,0.006,False,195.9,76.3,293.5
ricardone:Calada,san_lorenzo:Carga/descarga,1,0.002,False,337.2,337.2,337.2
ricardone:Calada,ricardone:Balanza Egreso,1,0.002,False,50.0,50.0,50.0
ricardone:Ingreso,ricardone:Pre ingreso,2,0.25,True,4.6,4.5,4.6
ricardone:Ingreso,ricardone:Salida 2,2,0.25,False,16.6,14.9,18.2
ricardone:Ingreso,san_lorenzo:Balanza Ingreso,2,0.25,False,203.3,187.1,219.4
ricardone:Ingreso,ricardone:Calada,1,0.125,False,87.8,87.8,87.8
ricardone:Ingreso,san_lorenzo:Plataformas Volcables,1,0.125,False,261.3,261.3,261.3
ricardone:Playa 3,san_lorenzo:Ingreso,32,0.258,False,69.3,53.5,250.8
ricardone:Playa 3,san_lorenzo:Balanza Ingreso,23,0.185,False,203.4,53.6,267.1
ricardone:Playa 3,ricardone:Calada,20,0.161,False,119.1,15.4,230.2
ricardone:Playa 3,ricardone:Salida 2,13,0.105,False,177.9,67.8,258.6
ricardone:Playa 3,ricardone:Tolva de carga silo Chief,8,0.065,True,124.2,32.7,233.5
ricardone:Playa 3,san_lorenzo:Plataformas Volcables,5,0.04,False,263.9,112.6,277.8
ricardone:Playa 3,ricardone:Volcable 1,4,0.032,True,242.8,210.0,311.1
ricardone:Playa 3,ricardone:Pre ingreso,4,0.032,False,277.0,231.2,315.5
ricardone:Playa 3,ricardone:Balanza Ingreso,4,0.032,False,150.7,31.0,298.3
ricardone:Playa 3,san_lorenzo:Egreso,4,0.032,False,278.2,156.1,333.6
ricardone:Playa 3,ricardone:Balanza Egreso,3,0.024,True,56.9,15.8,95.1
ricardone:Playa 3,ricardone:Volcable Silo Keppler,2,0.016,True,45.9,28.9,62.9
ricardone:Playa 3,ricardone:Ingreso,1,0.008,False,40.8,40.8,40.8
ricardone:Playa 3,ricardone:Volcable 2,1,0.008,True,93.3,93.3,93.3
ricardone:Pre ingreso,ricardone:Calada,209,0.51,False,47.4,6.0,182.8
ricardone:Pre ingreso,ricardone:Salida 2,67,0.163,False,61.4,3.7,214.1
ricardone:Pre ingreso,ricardone:Balanza Ingreso,39,0.095,False,10.0,4.9,133.2
ricardone:Pre ingreso,san_lorenzo:Ingreso,37,0.09,False,89.8,36.6,163.8
ricardone:Pre ingreso,san_lorenzo:Balanza Ingreso,27,0.066,False,161.2,46.7,299.6
ricardone:Pre ingreso,ricardone:Playa 3,11,0.027,False,23.9,7.2,199.3
ricardone:Pre ingreso,san_lorenzo:Egreso,10,0.024,False,295.8,122.1,301.9
ricardone:Pre ingreso,ricardone:Tolva de carga silo Chief,5,0.012,False,148.6,73.4,198.4
ricardone:Pre ingreso,san_lorenzo:Plataformas Volcables,3,0.007,False,202.8,188.8,280.6
ricardone:Pre ingreso,san_lorenzo:Balanza Egreso,1,0.002,False,238.8,238.8,238.8
ricardone:Pre ingreso,san_lorenzo:Calada,1,0.002,False,24.1,24.1,24.1
ricardone:Salida 2,san_lorenzo:Ingreso,286,0.637,True,11.1,8.6,17.9
ricardone:Salida 2,san_lorenzo:Balanza Ingreso,65,0.145,False,35.8,12.2,213.2
ricardone:Salida 2,ricardone:Balanza Ingreso,26,0.058,False,4.8,2.7,33.1
ricardone:Salida 2,san_lorenzo:Egreso,16,0.036,False,153.8,35.7,318.5
ricardone:Salida 2,san_lorenzo:Plataformas Volcables,13,0.029,False,77.0,46.6,217.0
ricardone:Salida 2,ricardone:Playa 3,12,0.027,False,8.9,7.8,100.2
ricardone:Salida 2,ricardone:Calada,11,0.024,False,118.2,21.3,296.1
ricardone:Salida 2,ricardone:Pre ingreso,6,0.013,False,105.0,57.0,211.3
ricardone:Salida 2,ricardone:Tolva de carga silo Chief,5,0.011,False,72.9,35.7,126.8
ricardone:Salida 2,ricardone:Balanza Egreso,3,0.007,False,18.6,17.5,60.4
ricardone:Salida 2,san_lorenzo:Calada,3,0.007,False,14.0,11.4,14.8
ricardone:Salida 2,ricardone:Volcable Silo Keppler,2,0.004,False,139.0,135.2,142.7
ricardone:Salida 2,san_lorenzo:Carga/Descarga Renova,1,0.002,False,144.9,144.9,144.9
ricardone:Tolva de carga silo Chief,ricardone:Calada,30,0.577,False,22.7,16.8,37.5
ricardone:Tolva de carga silo Chief,ricardone:Salida 2,7,0.135,False,34.4,28.7,44.8
ricardone:Tolva de carga silo Chief,san_lorenzo:Balanza Ingreso,5,0.096,False,46.6,40.6,133.2
ricardone:Tolva de carga silo Chief,san_lorenzo:Ingreso,3,0.058,False,56.6,52.4,62.4
ricardone:Tolva de carga silo Chief,san_lorenzo:Plataformas Volcables,3,0.058,False,85.2,62.7,97.9
ricardone:Tolva de carga silo Chief,ricardone:Pre ingreso,2,0.038,False,77.3,35.9,118.6
ricardone:Tolva de carga silo Chief,ricardone:Playa 3,1,0.019,False,29.4,29.4,29.4
ricardone:Tolva de carga silo Chief,san_lorenzo:Egreso,1,0.019,False,80.8,80.8,80.8
ricardone:Volcable 1,ricardone:Volcable Silo Keppler,1,1.0,False,32.2,32.2,32.2
ricardone:Volcable Silo Keppler,san_lorenzo:Ingreso,2,0.25,False,166.8,65.5,268.1
ricardone:Volcable Silo Keppler,ricardone:Calada,2,0.25,False,15.0,12.8,17.2
ricardone:Volcable Silo Keppler,ricardone:Volcable 1,2,0.25,True,123.8,52.3,195.4
ricardone:Volcable Silo Keppler,ricardone:Playa 3,1,0.125,False,208.4,208.4,208.4
ricardone:Volcable Silo Keppler,san_lorenzo:Balanza Ingreso,1,0.125,False,241.2,241.2,241.2
san_lorenzo:Balanza Egreso,san_lorenzo:Egreso,78,0.78,True,4.0,1.0,81.9
san_lorenzo:Balanza Egreso,san_lorenzo:Carga/descarga,5,0.05,False,76.6,13.8,231.9
san_lorenzo:Balanza Egreso,san_lorenzo:Carga/Descarga Renova,4,0.04,False,92.1,50.6,258.0
san_lorenzo:Balanza Egreso,san_lorenzo:Ingreso,3,0.03,False,67.6,46.5,141.8
san_lorenzo:Balanza Egreso,ricardone:Calada,2,0.02,False,104.0,58.9,149.2
san_lorenzo:Balanza Egreso,san_lorenzo:Balanza Ingreso,2,0.02,False,179.1,140.4,217.8
san_lorenzo:Balanza Egreso,ricardone:Pre ingreso,2,0.02,False,37.6,18.0,57.1
san_lorenzo:Balanza Egreso,ricardone:Balanza Ingreso,1,0.01,False,13.7,13.7,13.7
san_lorenzo:Balanza Egreso,ricardone:Balanza Egreso,1,0.01,False,298.3,298.3,298.3
san_lorenzo:Balanza Egreso,san_lorenzo:Calada,1,0.01,False,109.2,109.2,109.2
san_lorenzo:Balanza Egreso,san_lorenzo:Plataformas Volcables,1,0.01,False,225.2,225.2,225.2
san_lorenzo:Balanza Ingreso,san_lorenzo:Egreso,243,0.381,False,73.0,22.1,175.2
san_lorenzo:Balanza Ingreso,san_lorenzo:Plataformas Volcables,162,0.254,True,52.4,14.5,124.0
san_lorenzo:Balanza Ingreso,san_lorenzo:Carga/Descarga Renova,43,0.068,True,3.6,1.6,128.9
san_lorenzo:Balanza Ingreso,ricardone:Pre ingreso,42,0.066,False,92.1,33.9,246.4
san_lorenzo:Balanza Ingreso,ricardone:Calada,33,0.052,False,100.4,65.7,220.9
san_lorenzo:Balanza Ingreso,san_lorenzo:Ingreso,23,0.036,False,168.4,81.0,275.6
san_lorenzo:Balanza Ingreso,san_lorenzo:Carga / Descarga OSL,23,0.036,True,187.6,60.5,284.0
san_lorenzo:Balanza Ingreso,san_lorenzo:Balanza Egreso,17,0.027,False,64.7,15.9,185.1
san_lorenzo:Balanza Ingreso,san_lorenzo:Calada,14,0.022,False,107.8,48.9,221.7
san_lorenzo:Balanza Ingreso,ricardone:Balanza Ingreso,12,0.019,False,86.2,67.0,177.2
san_lorenzo:Balanza Ingreso,ricardone:Playa 3,7,0.011,False,95.7,75.4,202.1
san_lorenzo:Balanza Ingreso,san_lorenzo:Carga/descarga,6,0.009,True,177.9,109.7,269.1
san_lorenzo:Balanza Ingreso,ricardone:Salida 2,6,0.009,False,97.9,60.8,241.6
san_lorenzo:Balanza Ingreso,ricardone:Tolva de carga silo Chief,3,0.005,False,234.0,206.5,247.4
san_lorenzo:Balanza Ingreso,ricardone:Ingreso,1,0.002,False,21.5,21.5,21.5
san_lorenzo:Balanza Ingreso,ricardone:Volcable 1,1,0.002,False,332.3,332.3,332.3
san_lorenzo:Balanza Ingreso,ricardone:Volcable Silo Keppler,1,0.002,False,209.7,209.7,209.7
san_lorenzo:Calada,san_lorenzo:Balanza Ingreso,67,0.72,True,10.2,4.1,137.3
san_lorenzo:Calada,san_lorenzo:Carga / Descarga OSL,10,0.108,False,128.7,81.4,244.9
san_lorenzo:Calada,san_lorenzo:Egreso,9,0.097,False,125.5,53.5,335.1
san_lorenzo:Calada,san_lorenzo:Plataformas Volcables,2,0.022,False,110.2,32.8,187.7
san_lorenzo:Calada,san_lorenzo:Balanza Egreso,2,0.022,True,28.9,16.0,41.7
san_lorenzo:Calada,san_lorenzo:Carga/Descarga Renova,2,0.022,False,16.1,10.2,22.0
san_lorenzo:Calada,ricardone:Calada,1,0.011,False,41.0,41.0,41.0
san_lorenzo:Carga / Descarga OSL,san_lorenzo:Egreso,22,0.815,False,37.4,27.3,72.3
san_lorenzo:Carga / Descarga OSL,san_lorenzo:Calada,3,0.111,True,62.9,32.3,157.7
san_lorenzo:Carga / Descarga OSL,san_lorenzo:Plataformas Volcables,1,0.037,False,36.6,36.6,36.6
san_lorenzo:Carga / Descarga OSL,san_lorenzo:Balanza Ingreso,1,0.037,False,352.0,352.0,352.0
san_lorenzo:Carga/Descarga Renova,san_lorenzo:Egreso,53,0.609,False,24.5,2.0,247.6
san_lorenzo:Carga/Descarga Renova,san_lorenzo:Balanza Egreso,9,0.103,True,27.7,16.8,104.4
san_lorenzo:Carga/Descarga Renova,san_lorenzo:Balanza Ingreso,6,0.069,False,160.2,62.8,223.7
san_lorenzo:Carga/Descarga Renova,san_lorenzo:Ingreso,5,0.057,False,152.9,74.4,274.4
san_lorenzo:Carga/Descarga Renova,san_lorenzo:Calada,4,0.046,True,120.7,89.8,196.7
san_lorenzo:Carga/Descarga Renova,san_lorenzo:Carga / Descarga OSL,4,0.046,False,197.6,71.1,292.0
san_lorenzo:Carga/Descarga Renova,san_lorenzo:Carga/descarga,3,0.034,False,10.5,5.1,43.1
san_lorenzo:Carga/Descarga Renova,ricardone:Pre ingreso,2,0.023,False,141.5,63.3,219.8
san_lorenzo:Carga/Descarga Renova,san_lorenzo:Plataformas Volcables,1,0.011,False,71.0,71.0,71.0
san_lorenzo:Carga/descarga,san_lorenzo:Egreso,8,0.5,False,52.7,29.3,76.9
san_lorenzo:Carga/descarga,san_lorenzo:Balanza Egreso,5,0.312,True,5.5,2.6,179.3
san_lorenzo:Carga/descarga,san_lorenzo:Calada,2,0.125,True,29.1,14.1,44.1
san_lorenzo:Carga/descarga,san_lorenzo:Carga/Descarga Renova,1,0.062,False,16.0,16.0,16.0
san_lorenzo:Egreso,san_lorenzo:Ingreso,53,0.157,False,87.1,5.3,209.6
san_lorenzo:Egreso,san_lorenzo:Balanza Egreso,46,0.136,False,7.2,0.9,195.0
san_lorenzo:Egreso,ricardone:Pre ingreso,44,0.131,False,12.1,9.7,170.6
san_lorenzo:Egreso,ricardone:Calada,39,0.116,False,34.2,15.5,263.4
san_lorenzo:Egreso,san_lorenzo:Carga/Descarga Renova,36,0.107,False,57.8,3.0,211.8
san_lorenzo:Egreso,san_lorenzo:Balanza Ingreso,33,0.098,False,165.6,48.5,276.8
san_lorenzo:Egreso,ricardone:Balanza Ingreso,28,0.083,False,22.1,10.6,113.4
san_lorenzo:Egreso,ricardone:Salida 2,17,0.05,False,72.8,14.9,273.2
san_lorenzo:Egreso,ricardone:Playa 3,13,0.039,False,39.3,22.7,113.9
san_lorenzo:Egreso,ricardone:Balanza Egreso,10,0.03,False,56.3,15.0,162.1
san_lorenzo:Egreso,san_lorenzo:Carga/descarga,6,0.018,False,16.2,6.2,72.2
san_lorenzo:Egreso,ricardone:Tolva de carga silo Chief,5,0.015,False,128.1,119.9,183.8
san_lorenzo:Egreso,san_lorenzo:Plataformas Volcables,5,0.015,False,288.0,252.3,337.7
san_lorenzo:Egreso,san_lorenzo:Calada,2,0.006,False,162.4,95.1,229.8
san_lorenzo:Ingreso,san_lorenzo:Balanza Ingreso,462,0.656,True,10.0,2.4,197.6
san_lorenzo:Ingreso,san_lorenzo:Egreso,81,0.115,False,120.5,43.5,238.2
san_lorenzo:Ingreso,san_lorenzo:Plataformas Volcables,52,0.074,False,99.6,20.2,248.1
san_lorenzo:Ingreso,san_lorenzo:Calada,50,0.071,True,4.2,1.8,80.6
san_lorenzo:Ingreso,ricardone:Pre ingreso,19,0.027,False,143.6,97.7,257.2
san_lorenzo:Ingreso,san_lorenzo:Carga/Descarga Renova,16,0.023,False,27.3,6.2,152.3
san_lorenzo:Ingreso,ricardone:Calada,6,0.009,False,211.7,152.4,285.3
san_lorenzo:Ingreso,ricardone:Balanza Ingreso,5,0.007,False,110.6,64.0,176.7
san_lorenzo:Ingreso,ricardone:Salida 2,4,0.006,False,277.7,225.6,295.4
san_lorenzo:Ingreso,san_lorenzo:Carga / Descarga OSL,4,0.006,False,186.2,128.2,253.1
san_lorenzo:Ingreso,san_lorenzo:Balanza Egreso,3,0.004,False,51.4,37.5,55.1
san_lorenzo:Ingreso,san_lorenzo:Carga/descarga,1,0.001,False,257.5,257.5,257.5
san_lorenzo:Ingreso,ricardone:Playa 3,1,0.001,False,182.7,182.7,182.7
san_lorenzo:Plataformas Volcables,san_lorenzo:Egreso,129,0.6,False,16.8,11.4,23.7
san_lorenzo:Plataformas Volcables,ricardone:Pre ingreso,28,0.13,False,27.9,21.8,84.1
san_lorenzo:Plataformas Volcables,ricardone:Calada,19,0.088,False,41.3,28.1,238.3
san_lorenzo:Plataformas Volcables,ricardone:Salida 2,8,0.037,False,62.8,33.4,259.9
san_lorenzo:Plataformas Volcables,san_lorenzo:Balanza Egreso,7,0.033,True,12.5,9.6,14.7
san_lorenzo:Plataformas Volcables,san_lorenzo:Balanza Ingreso,6,0.028,False,240.2,197.9,295.5
san_lorenzo:Plataformas Volcables,ricardone:Playa 3,5,0.023,False,46.4,38.6,140.5
san_lorenzo:Plataformas Volcables,ricardone:Balanza Ingreso,5,0.023,False,49.9,33.8,213.0
san_lorenzo:Plataformas Volcables,san_lorenzo:Ingreso,4,0.019,False,117.1,105.7,170.8
san_lorenzo:Plataformas Volcables,ricardone:Tolva de carga silo Chief,3,0.014,False,168.5,153.2,201.5
san_lorenzo:Plataformas Volcables,san_lorenzo:Carga/Descarga Renova,1,0.005,False,225.6,225.6,225.6
