ctg,patente,dia_egreso,puntos_capturados,ingreso,preingreso,calada,egreso,ingreso_slz,balanza_ingreso_slz,balanza_egreso_slz,salida_slz
10232863236,KHW680,2026-06-12,0,NO,NO,NO,NO,NO,NO,NO,NO
10232859572,AC177GE,2026-06-12,0,NO,NO,NO,NO,NO,NO,NO,NO
10132842164,KTH978,2026-06-12,0,NO,NO,NO,NO,NO,NO,NO,NO
10232858755,TFF539,2026-06-12,0,NO,NO,NO,NO,NO,NO,NO,NO
10232859530,AC177GM,2026-06-12,0,NO,NO,NO,NO,NO,NO,NO,NO
10232870700,NFT229,2026-06-12,0,NO,NO,NO,NO,NO,NO,NO,NO
10232865662,RYQ702,2026-06-12,0,NO,NO,NO,NO,NO,NO,NO,NO
10132849011,AI233BA,2026-06-12,0,NO,NO,NO,NO,NO,NO,NO,NO
10232870285,JPW863,2026-06-12,0,NO,NO,NO,NO,NO,NO,NO,NO
10132861429,ONH321,2026-06-12,0,NO,NO,NO,NO,NO,NO,NO,NO
10232859000,FMN234,2026-06-12,2,NO,NO,NO,NO,NO,SI,NO,SI
10232865247,HJR209,2026-06-12,1,NO,NO,NO,NO,NO,NO,NO,SI
10232872172,EJW129,2026-06-12,1,NO,NO,NO,NO,NO,NO,NO,SI
10132874233,OYQ711,2026-06-12,1,NO,NO,NO,NO,NO,NO,NO,SI
10232869770,BAS919,2026-06-12,4,NO,NO,SI,SI,SI,NO,NO,SI
10232873508,RGC102,2026-06-12,2,NO,NO,NO,NO,SI,NO,NO,SI
10232873344,SBQ148,2026-06-12,5,NO,NO,SI,SI,SI,SI,NO,SI
10232868922,AD985HR,2026-06-12,4,NO,NO,SI,SI,SI,NO,NO,SI
10232868574,OIL710,2026-06-12,4,NO,NO,SI,SI,SI,SI,NO,NO
10232872058,NJB401,2026-06-12,5,NO,NO,SI,SI,SI,SI,NO,SI
10132869917,AH827AX,2026-06-12,4,NO,NO,SI,SI,SI,NO,NO,SI
10232872640,TOP028,2026-06-12,4,NO,NO,SI,SI,SI,NO,NO,SI
10132873229,LRT697,2026-06-12,5,NO,NO,SI,SI,SI,SI,NO,SI
10132666481,GBX829,2026-06-12,5,NO,NO,SI,SI,SI,SI,NO,SI
10232870959,AH014FD,2026-06-12,5,NO,NO,SI,SI,SI,SI,NO,SI
10132858528,OUE808,2026-06-12,5,NO,NO,SI,SI,SI,SI,NO,SI
10132862446,AH730WC,2026-06-12,5,NO,NO,SI,SI,SI,SI,NO,SI
10232868650,LHK385,2026-06-12,5,NO,NO,SI,SI,SI,SI,NO,SI
10232859607,AC177GJ,2026-06-12,4,NO,NO,SI,SI,SI,NO,NO,SI
10232869637,AG795PP,2026-06-12,5,NO,NO,SI,SI,SI,SI,NO,SI
10232872881,EUX026,2026-06-12,5,NO,NO,SI,SI,SI,SI,NO,SI
10232867273,AF634EY,2026-06-12,5,NO,NO,SI,SI,SI,SI,NO,SI
10232872861,AA115CR,2026-06-12,5,NO,NO,SI,SI,SI,SI,NO,SI
10232873755,EYI229,2026-06-12,3,NO,NO,NO,SI,SI,NO,NO,SI
10232871121,NHB130,2026-06-12,5,NO,NO,SI,SI,SI,SI,NO,SI
10232873163,GJY129,2026-06-12,5,NO,NO,SI,SI,SI,SI,NO,SI
10232868482,AH282BZ,2026-06-12,5,NO,NO,SI,SI,SI,SI,NO,SI
10232863451,NRI229,2026-06-12,4,NO,NO,SI,SI,SI,NO,NO,SI
10232866846,ONM777,2026-06-12,5,NO,NO,SI,SI,SI,SI,NO,SI
10232867776,AE398PP,2026-06-12,5,NO,NO,SI,SI,SI,SI,NO,SI
10232870655,FSL582,2026-06-12,5,NO,NO,SI,SI,SI,SI,NO,SI
10232866681,AG368QQ,2026-06-12,5,NO,NO,SI,SI,SI,SI,NO,SI
10232868413,AE398PC,2026-06-12,4,NO,NO,SI,SI,SI,NO,NO,SI
10232870092,HYR202,2026-06-12,5,NO,NO,SI,SI,SI,SI,NO,SI
10232864830,AG902CK,2026-06-12,4,NO,NO,SI,SI,SI,NO,NO,SI
10132860847,KPH275,2026-06-12,4,NO,NO,SI,SI,SI,NO,NO,SI
10232867952,AD202IB,2026-06-12,4,NO,NO,SI,SI,SI,NO,NO,SI
10132863909,MZK415,2026-06-12,4,NO,NO,SI,SI,SI,NO,NO,SI
10132873493,GMQ624,2026-06-12,4,NO,NO,SI,SI,SI,NO,NO,SI
10232865869,AH307WX,2026-06-12,5,NO,NO,SI,SI,SI,SI,NO,SI
10132872482,ODF605,2026-06-12,4,NO,NO,SI,SI,SI,NO,NO,SI
10232863270,NKE834,2026-06-12,4,NO,NO,SI,SI,SI,NO,NO,SI
10232870588,MXH373,2026-06-12,4,NO,NO,SI,SI,SI,NO,NO,SI
10232871887,UAJ775,2026-06-12,3,NO,NO,SI,SI,NO,NO,NO,SI
10232876023,MID428,2026-06-12,5,NO,NO,SI,SI,SI,SI,NO,SI
10232861184,JQI122,2026-06-12,5,NO,NO,SI,SI,SI,NO,SI,SI
10132865226,KRQ680,2026-06-12,5,NO,NO,SI,SI,SI,SI,NO,SI
10132867737,UYS462,2026-06-12,4,NO,NO,SI,SI,SI,NO,NO,SI
10232871403,RTO602,2026-06-12,5,NO,NO,SI,SI,SI,SI,NO,SI
10232865783,OLD118,2026-06-12,4,NO,NO,SI,SI,SI,NO,NO,SI
10132870601,AA627NS,2026-06-12,4,NO,NO,SI,SI,SI,NO,NO,SI
10132869462,LIK574,2026-06-12,4,NO,NO,SI,SI,SI,NO,NO,SI
10132870836,OGE573,2026-06-12,5,NO,NO,SI,SI,SI,SI,NO,SI
10232871565,IBP080,2026-06-12,4,NO,NO,SI,SI,SI,SI,NO,NO
10232875160,LAB082,2026-06-12,4,NO,NO,SI,SI,SI,NO,NO,SI
10132872211,NLV510,2026-06-12,5,NO,NO,SI,SI,SI,SI,NO,SI
10232871908,LZH220,2026-06-12,4,NO,NO,SI,SI,SI,NO,NO,SI
10232871301,AH454AM,2026-06-12,4,NO,NO,SI,SI,SI,NO,NO,SI
10132865402,PMT311,2026-06-12,5,NO,NO,SI,SI,SI,SI,NO,SI
10232874264,ANV172,2026-06-12,4,NO,NO,SI,SI,SI,NO,NO,SI
10132868889,ELW876,2026-06-12,5,NO,NO,SI,SI,SI,SI,NO,SI
10132727662,AB094BG,2026-06-12,5,NO,SI,SI,SI,SI,NO,NO,SI
10132871732,NYS723,2026-06-12,4,NO,NO,SI,SI,SI,NO,NO,SI
10132863075,KXI575,2026-06-12,4,NO,NO,SI,SI,SI,NO,NO,SI
10232871372,KUE712,2026-06-12,5,NO,NO,SI,SI,SI,SI,NO,SI
10132860925,KCX278,2026-06-12,4,NO,NO,SI,SI,SI,NO,NO,SI
10232870517,KAS544,2026-06-12,4,NO,NO,SI,SI,SI,NO,NO,SI
10132865793,AD147JJ,2026-06-12,4,NO,NO,SI,SI,SI,NO,NO,SI
10232874312,AF355JL,2026-06-12,6,NO,NO,SI,SI,SI,SI,SI,SI
10132853605,TTZ797,2026-06-12,4,NO,NO,SI,SI,SI,NO,NO,SI
10132874615,AA061LF,2026-06-12,4,NO,NO,SI,SI,SI,NO,NO,SI
10132865902,SYX352,2026-06-12,4,NO,NO,SI,SI,SI,SI,NO,NO
10132870838,BNP653,2026-06-12,4,NO,NO,SI,SI,SI,NO,NO,SI
10132865513,SSV409,2026-06-12,4,NO,NO,SI,SI,SI,NO,NO,SI
10132875901,ITX394,2026-06-12,4,NO,NO,SI,SI,SI,NO,NO,SI
10132874200,EYA635,2026-06-12,5,NO,NO,SI,SI,SI,SI,NO,SI
10132873385,GPQ650,2026-06-12,4,NO,NO,SI,SI,SI,NO,NO,SI
10132865461,AH578GG,2026-06-12,4,NO,NO,SI,SI,SI,NO,NO,SI
10132873496,AC065FR,2026-06-12,4,NO,NO,SI,SI,SI,NO,NO,SI
10132869604,EUP076,2026-06-12,5,NO,NO,SI,SI,SI,SI,NO,SI
10232866463,OYP071,2026-06-12,4,NO,NO,SI,SI,SI,NO,NO,SI
10232871182,AG757GM,2026-06-12,4,NO,NO,SI,SI,SI,NO,NO,SI
10232872984,GCX820,2026-06-12,3,NO,NO,NO,SI,SI,NO,NO,SI
10232870182,NFM954,2026-06-12,4,NO,NO,SI,SI,SI,NO,NO,SI
10232874474,MVL313,2026-06-12,4,NO,NO,SI,SI,SI,NO,NO,SI
10132866904,AB867MG,2026-06-12,4,NO,NO,SI,SI,SI,NO,NO,SI
10232873191,AI058IM,2026-06-12,5,NO,SI,SI,SI,SI,NO,NO,SI
10132870718,LCK970,2026-06-12,4,NO,NO,SI,SI,SI,NO,NO,SI
10232871322,LAA145,2026-06-12,5,NO,SI,SI,SI,SI,NO,NO,SI
10232871613,AG700LA,2026-06-12,4,NO,NO,SI,SI,SI,NO,NO,SI
10132863809,HSA243,2026-06-12,5,NO,NO,SI,SI,SI,SI,NO,SI
10232874378,MBL249,2026-06-12,3,SI,NO,SI,NO,NO,NO,NO,SI
10132864719,FPW991,2026-06-12,5,NO,NO,SI,SI,SI,NO,SI,SI
10232869251,OHD550,2026-06-12,4,NO,NO,SI,SI,SI,NO,NO,SI
10232873590,DNN624,2026-06-12,4,NO,SI,NO,SI,SI,NO,NO,SI
10232873185,AG910WD,2026-06-12,4,NO,NO,SI,SI,SI,NO,NO,SI
10232873026,SRE008,2026-06-12,4,NO,NO,SI,SI,SI,NO,SI,NO
10232873571,AF130KP,2026-06-12,6,SI,SI,SI,SI,SI,NO,NO,SI
10232866935,OUQ796,2026-06-12,4,NO,NO,SI,SI,SI,NO,NO,SI
10232870952,NZL474,2026-06-12,3,NO,NO,SI,SI,SI,NO,NO,NO
10232871774,HBQ134,2026-06-12,4,NO,NO,SI,SI,SI,NO,NO,SI
10132866243,PIC074,2026-06-12,7,SI,SI,SI,SI,SI,SI,NO,SI
10232873902,KVB940,2026-06-12,4,NO,NO,SI,SI,SI,NO,NO,SI
10232875212,UYG281,2026-06-12,4,NO,NO,SI,SI,SI,NO,NO,SI
10232867645,AF681NU,2026-06-12,5,NO,NO,SI,SI,SI,SI,NO,SI
10132861784,AH475NM,2026-06-12,6,NO,SI,SI,SI,SI,SI,NO,SI
10132866256,AD891QV,2026-06-12,5,NO,NO,SI,SI,SI,SI,NO,SI
10132861848,AG404RH,2026-06-12,6,SI,SI,SI,SI,SI,NO,NO,SI
10232869943,AH546ZW,2026-06-12,5,NO,SI,SI,SI,SI,NO,NO,SI
10132868133,NVT723,2026-06-12,6,SI,SI,SI,SI,SI,NO,NO,SI
10232874790,AE256JI,2026-06-12,4,NO,NO,SI,SI,SI,NO,NO,SI
10232872098,JVQ890,2026-06-12,4,NO,NO,SI,SI,SI,NO,NO,SI
10232872256,CRK690,2026-06-12,4,NO,NO,SI,SI,SI,NO,NO,SI
10132855728,AF721KR,2026-06-12,4,NO,NO,NO,SI,SI,SI,NO,SI
10232871927,AA581CE,2026-06-12,7,SI,SI,SI,SI,SI,SI,NO,SI
10132870459,AI116CH,2026-06-12,4,NO,NO,SI,SI,SI,NO,NO,SI
10232870642,AB919TR,2026-06-12,4,NO,NO,SI,SI,SI,NO,NO,SI
10132864753,AG141SD,2026-06-12,5,SI,NO,SI,SI,SI,NO,NO,SI
10132870033,AD591JW,2026-06-12,6,NO,SI,SI,SI,SI,NO,SI,SI
10132875893,GCV707,2026-06-12,5,NO,NO,SI,SI,SI,SI,NO,SI
10232867038,AF093OL,2026-06-12,6,NO,NO,SI,SI,SI,SI,SI,SI
10232864394,AE146FR,2026-06-12,7,SI,SI,SI,SI,SI,SI,NO,SI
10132874001,HAQ849,2026-06-12,6,NO,NO,SI,SI,SI,SI,SI,SI
10232859660,OUR677,2026-06-12,7,SI,SI,SI,SI,SI,SI,NO,SI
10232875830,SVC434,2026-06-12,3,NO,NO,SI,NO,SI,NO,NO,SI
10232875397,EEW638,2026-06-12,5,SI,NO,SI,SI,SI,NO,NO,SI
10132856957,AA135BX,2026-06-12,2,NO,SI,NO,SI,NO,NO,NO,NO
10232861143,AE127LD,2026-06-12,5,SI,NO,SI,SI,SI,NO,NO,SI
10232873672,KCO878,2026-06-12,6,NO,SI,SI,SI,SI,SI,NO,SI
10232872642,JTH971,2026-06-12,6,NO,SI,SI,SI,SI,SI,NO,SI
10232870671,AG821LF,2026-06-12,5,SI,NO,SI,NO,SI,SI,NO,SI
10232872497,IIJ540,2026-06-12,6,SI,NO,SI,SI,SI,SI,NO,SI
10232869901,AA277AE,2026-06-12,7,SI,SI,SI,SI,SI,SI,NO,SI
10132872287,EHY029,2026-06-12,6,SI,SI,SI,SI,SI,NO,NO,SI
10132865754,ONB326,2026-06-12,6,SI,SI,NO,SI,SI,SI,NO,SI
10132858573,AE821PH,2026-06-12,7,SI,SI,SI,SI,SI,SI,NO,SI
10132864351,FHE167,2026-06-12,4,NO,NO,SI,SI,SI,NO,NO,SI
10132874033,HAF318,2026-06-12,4,SI,SI,NO,SI,SI,NO,NO,NO
10232871261,OFF176,2026-06-12,4,NO,NO,SI,SI,SI,NO,NO,SI
10232860613,TGN234,2026-06-12,4,NO,NO,SI,SI,SI,SI,NO,NO
10132864947,AI208DC,2026-06-12,5,NO,NO,SI,SI,SI,SI,NO,SI
10132862004,KVY168,2026-06-12,6,SI,SI,SI,SI,SI,NO,NO,SI
10232872665,HIA854,2026-06-12,5,NO,NO,SI,SI,SI,SI,NO,SI
10232872070,NNC752,2026-06-12,5,NO,NO,SI,SI,SI,SI,NO,SI
10232865903,GUS514,2026-06-12,4,NO,NO,SI,SI,SI,NO,NO,SI
10232873742,AG700DH,2026-06-12,4,NO,NO,NO,SI,SI,SI,NO,SI
10232870813,LKY298,2026-06-12,5,NO,NO,SI,SI,SI,SI,NO,SI
10232868688,NFJ540,2026-06-12,4,NO,NO,SI,SI,SI,NO,NO,SI
10232861228,AE876AA,2026-06-12,5,NO,NO,SI,SI,SI,SI,NO,SI
10232873654,AG457GV,2026-06-12,6,NO,SI,SI,SI,SI,SI,NO,SI
10232872204,AE997FS,2026-06-12,5,NO,NO,SI,SI,SI,SI,NO,SI
10232863400,AB121FS,2026-06-12,2,NO,SI,NO,SI,NO,NO,NO,NO
10232866009,AC123QQ,2026-06-12,5,NO,SI,SI,SI,SI,NO,NO,SI
10132875161,AE003LA,2026-06-12,4,NO,NO,SI,SI,SI,NO,NO,SI
10232867159,HFH431,2026-06-12,4,NO,SI,NO,SI,SI,NO,NO,SI
10232868742,AI213BW,2026-06-12,7,SI,SI,SI,SI,SI,SI,NO,SI
10232863521,GQI863,2026-06-12,6,SI,SI,SI,SI,SI,NO,NO,SI
10232871311,HHX097,2026-06-12,7,SI,SI,SI,SI,SI,SI,NO,SI
10232875765,JLO053,2026-06-12,5,NO,SI,SI,SI,SI,NO,NO,SI
10232869633,LGP887,2026-06-12,7,SI,SI,SI,SI,SI,SI,NO,SI
10232871443,KSF026,2026-06-12,6,SI,SI,SI,SI,SI,NO,NO,SI
10132871056,AH259PP,2026-06-12,6,SI,SI,SI,SI,SI,NO,NO,SI
10132865622,KZV625,2026-06-12,7,SI,SI,SI,SI,SI,SI,NO,SI
10132865957,GRG652,2026-06-12,6,SI,SI,SI,SI,SI,NO,NO,SI
10132875888,AI112IQ,2026-06-12,7,SI,SI,SI,SI,SI,NO,SI,SI
10232874282,DXG774,2026-06-12,7,SI,SI,SI,SI,SI,SI,NO,SI
10132875610,AA534LO,2026-06-12,6,SI,SI,SI,SI,SI,NO,NO,SI
10132862309,AE270DN,2026-06-12,6,SI,SI,SI,SI,SI,NO,NO,SI
10132874192,AH704KA,2026-06-12,6,SI,SI,SI,SI,SI,NO,NO,SI
10232874407,KWE550,2026-06-12,7,SI,SI,SI,SI,SI,SI,NO,SI
10232868079,AE184NU,2026-06-12,6,SI,NO,SI,SI,SI,SI,NO,SI
10132865431,JWW873,2026-06-12,7,SI,SI,SI,SI,SI,SI,NO,SI
10232860997,AB897ME,2026-06-12,7,SI,SI,SI,SI,SI,SI,NO,SI
10132874480,CEE030,2026-06-12,4,SI,SI,NO,SI,SI,NO,NO,NO
10232872339,MZM885,2026-06-12,6,SI,SI,SI,SI,SI,NO,NO,SI
10132873774,AA669PU,2026-06-12,6,SI,SI,SI,SI,SI,NO,NO,SI
10232864757,FUN406,2026-06-12,6,SI,SI,SI,SI,SI,NO,NO,SI
10232868375,ITT596,2026-06-12,5,SI,NO,SI,SI,SI,NO,NO,SI
10232872130,OJR491,2026-06-12,6,SI,SI,SI,SI,SI,NO,NO,SI
10232873119,AA727AX,2026-06-12,7,SI,SI,SI,SI,SI,SI,NO,SI
10132875352,OXH533,2026-06-12,8,SI,SI,SI,SI,SI,SI,SI,SI
10232870728,AH694LR,2026-06-12,6,SI,SI,SI,SI,SI,NO,NO,SI
10232878798,IQT544,2026-06-12,4,SI,NO,SI,SI,SI,NO,NO,NO
10232871325,DWG366,2026-06-12,3,SI,NO,NO,SI,NO,SI,NO,NO
10232870767,AC732JF,2026-06-12,4,NO,NO,SI,SI,SI,NO,NO,SI
10232877878,HCE659,2026-06-12,7,SI,SI,SI,SI,SI,SI,NO,SI
10132869456,OBI842,2026-06-12,7,SI,SI,SI,SI,SI,SI,NO,SI
10132873515,AC148BO,2026-06-12,6,SI,SI,SI,SI,SI,NO,NO,SI
10232878228,AE343EL,2026-06-12,7,SI,SI,SI,SI,SI,SI,NO,SI
10232875848,LLK608,2026-06-12,7,SI,SI,SI,SI,SI,SI,NO,SI
10232873849,FVU401,2026-06-12,6,SI,SI,SI,SI,SI,NO,NO,SI
10232877922,AH951LM,2026-06-12,6,SI,SI,SI,SI,SI,NO,NO,SI
10232875653,CDU582,2026-06-12,5,NO,NO,SI,SI,SI,SI,NO,SI
10132875727,AF552VN,2026-06-12,6,SI,SI,SI,SI,SI,NO,NO,SI
10132875333,GRV677,2026-06-12,7,SI,SI,SI,SI,SI,SI,NO,SI
10232874562,EID035,2026-06-12,6,SI,SI,SI,SI,SI,NO,NO,SI
10232871670,BZQ739,2026-06-12,7,SI,SI,SI,SI,SI,SI,NO,SI
10132846659,CVT534,2026-06-12,6,SI,SI,SI,SI,SI,NO,NO,SI
10232871936,KBJ696,2026-06-12,6,SI,SI,SI,SI,SI,SI,NO,NO
10132865758,AD914LR,2026-06-12,7,SI,SI,SI,SI,SI,SI,NO,SI
10132865188,LNZ210,2026-06-12,6,SI,SI,SI,SI,SI,NO,NO,SI
10132866104,AF697MM,2026-06-12,7,SI,SI,SI,SI,SI,SI,NO,SI
10232875157,SHH626,2026-06-12,6,SI,SI,NO,SI,SI,SI,NO,SI
10132865496,AB715AQ,2026-06-12,7,SI,SI,SI,SI,SI,SI,NO,SI
10232877010,FCN193,2026-06-12,6,SI,SI,SI,SI,SI,NO,NO,SI
10232874965,OIU742,2026-06-12,7,SI,SI,SI,SI,SI,SI,NO,SI
10232874131,EEH704,2026-06-12,4,SI,SI,NO,SI,SI,NO,NO,NO
10232877229,LRF685,2026-06-12,6,SI,SI,SI,SI,SI,NO,NO,SI
10132866229,AF068ZM,2026-06-12,6,SI,SI,SI,SI,SI,NO,NO,SI
10132866135,AE207PM,2026-06-12,7,SI,SI,SI,SI,SI,SI,NO,SI
10132866154,OGQ009,2026-06-12,6,SI,SI,SI,SI,SI,SI,NO,NO
10232877123,AB552CU,2026-06-12,6,SI,SI,SI,SI,SI,NO,NO,SI
10232877059,OWD446,2026-06-12,4,SI,SI,NO,SI,SI,NO,NO,NO
10232878311,HOK661,2026-06-12,5,SI,SI,SI,SI,SI,NO,NO,NO
10232877199,OJP930,2026-06-12,6,SI,SI,SI,SI,SI,NO,NO,SI
10232878914,CLU463,2026-06-12,6,SI,SI,SI,SI,SI,NO,NO,SI
10232879161,AE933VI,2026-06-12,6,SI,SI,SI,SI,SI,NO,NO,SI
10132869817,AF057ND,2026-06-12,7,SI,SI,SI,SI,SI,SI,NO,SI
10132866985,AB472BY,2026-06-12,6,SI,SI,SI,SI,SI,NO,NO,SI
10132875165,MMO494,2026-06-12,4,NO,SI,SI,SI,SI,NO,NO,NO
10132870189,AH885FE,2026-06-12,7,SI,SI,SI,SI,SI,SI,NO,SI
10232881188,JAG462,2026-06-12,6,SI,SI,SI,SI,SI,NO,NO,SI
10132874977,ORR509,2026-06-12,6,SI,SI,SI,SI,SI,NO,NO,SI
10132869069,PHP591,2026-06-12,7,SI,SI,SI,SI,SI,SI,NO,SI
10232864066,IVA879,2026-06-12,4,SI,NO,NO,NO,SI,SI,NO,SI
10232880308,KLY054,2026-06-12,7,SI,SI,SI,SI,SI,SI,NO,SI
10132872779,JJR673,2026-06-12,2,NO,SI,NO,NO,NO,NO,NO,SI
10232872925,HPD172,2026-06-12,3,NO,NO,SI,SI,SI,NO,NO,NO
10232874944,FYA333,2026-06-12,7,SI,SI,SI,SI,SI,SI,NO,SI
10132870013,AE757ZH,2026-06-12,6,SI,SI,SI,SI,SI,NO,NO,SI
10232875353,EMT310,2026-06-12,3,NO,NO,SI,SI,SI,NO,NO,NO
10232868285,EMU340,2026-06-12,5,SI,SI,SI,SI,SI,NO,NO,NO
10232868244,KCO877,2026-06-12,7,SI,SI,SI,SI,SI,SI,NO,SI
10232866841,FGC102,2026-06-12,3,NO,NO,SI,SI,SI,NO,NO,NO
10232878000,PGR058,2026-06-12,6,SI,SI,SI,SI,SI,NO,NO,SI
10132857277,SST803,2026-06-12,7,SI,SI,SI,SI,SI,SI,NO,SI
10132857122,AD277AN,2026-06-12,7,SI,SI,SI,SI,SI,SI,NO,SI
10232859172,HFI969,2026-06-12,7,SI,SI,SI,SI,SI,SI,NO,SI
10232878362,AB109MT,2026-06-12,2,NO,SI,SI,NO,NO,NO,NO,NO
10232877459,AI318EE,2026-06-12,7,SI,SI,SI,SI,SI,SI,NO,SI
10132877312,HIH946,2026-06-12,6,SI,SI,SI,SI,SI,NO,NO,SI
10132873470,MLU932,2026-06-12,4,SI,SI,NO,SI,NO,SI,NO,NO
10232867615,AF410NV,2026-06-12,5,SI,SI,SI,SI,SI,NO,NO,NO
10232880775,AG532SW,2026-06-13,7,SI,SI,SI,SI,SI,SI,NO,SI
10232880754,EJK015,2026-06-13,6,SI,SI,SI,SI,SI,NO,NO,SI
10132873930,MPA773,2026-06-13,2,SI,SI,NO,NO,NO,NO,NO,NO
10232878621,AE599EE,2026-06-13,7,SI,SI,SI,SI,SI,SI,NO,SI
10232875490,AA666BP,2026-06-13,5,SI,SI,SI,SI,NO,NO,NO,SI
10232884547,OVL175,2026-06-13,2,NO,SI,SI,NO,NO,NO,NO,NO
10132871272,FRS580,2026-06-13,6,SI,SI,SI,SI,SI,NO,NO,SI
10232860039,ILN463,2026-06-13,2,SI,SI,NO,NO,NO,NO,NO,NO
10232879704,NXO394,2026-06-13,4,SI,SI,NO,SI,SI,NO,NO,NO
10132873983,DTZ669,2026-06-13,4,SI,SI,SI,NO,NO,NO,NO,SI
10232878504,AH606LY,2026-06-13,7,SI,SI,SI,SI,SI,SI,NO,SI
10232869828,AI110VO,2026-06-13,7,SI,SI,SI,SI,SI,SI,NO,SI
10232883414,AD581CR,2026-06-13,7,SI,SI,SI,SI,SI,SI,NO,SI
10232883585,RGC102,2026-06-13,4,SI,SI,NO,NO,SI,NO,NO,SI
10232884321,OYQ791,2026-06-13,6,SI,NO,SI,SI,SI,SI,NO,SI
10232856584,AC877NL,2026-06-13,6,SI,SI,SI,NO,SI,SI,NO,SI
10232873822,KQK959,2026-06-13,2,SI,NO,NO,NO,NO,NO,NO,SI
10232879386,BLL260,2026-06-13,6,SI,SI,SI,SI,SI,NO,NO,SI
10232874665,EAW743,2026-06-13,2,SI,SI,NO,NO,NO,NO,NO,NO
10232883764,AB695KF,2026-06-13,6,SI,SI,NO,SI,SI,SI,NO,SI
10232879674,AI318ED,2026-06-13,6,SI,NO,SI,SI,SI,SI,NO,SI
10132867679,PHP447,2026-06-13,6,SI,SI,SI,SI,SI,NO,NO,SI
10232868088,SRC100,2026-06-13,7,SI,SI,SI,SI,SI,SI,NO,SI
10232867348,NBT607,2026-06-13,6,SI,SI,SI,SI,SI,NO,NO,SI
10132882313,ABE676,2026-06-13,4,SI,SI,NO,SI,NO,NO,NO,SI
10232877406,AE399NQ,2026-06-13,7,SI,SI,SI,SI,SI,SI,NO,SI
10232878817,AE023FA,2026-06-13,7,SI,SI,SI,SI,SI,SI,NO,SI
10232879217,AF060AZ,2026-06-13,4,SI,SI,SI,NO,NO,NO,NO,SI
10132879810,DWF452,2026-06-13,7,SI,SI,SI,SI,SI,SI,NO,SI
10232874712,ENN316,2026-06-13,5,SI,SI,SI,SI,NO,NO,NO,SI
10232884102,AB898XT,2026-06-13,7,SI,SI,SI,SI,SI,SI,NO,SI
10132884449,AE049LE,2026-06-13,7,SI,SI,SI,SI,SI,SI,NO,SI
10232881514,AE997FX,2026-06-13,7,SI,SI,SI,SI,SI,SI,NO,SI
10232883273,IYR725,2026-06-13,7,SI,SI,SI,SI,SI,SI,NO,SI
10232880950,AC736ZA,2026-06-13,5,SI,SI,SI,NO,NO,SI,NO,SI
10232881081,AA559SN,2026-06-13,7,SI,SI,SI,SI,SI,SI,NO,SI
10132881929,VML034,2026-06-13,5,SI,SI,SI,NO,SI,NO,NO,SI
10232882911,FEU301,2026-06-13,6,SI,SI,SI,SI,SI,NO,NO,SI
10132889052,BPP099,2026-06-13,4,SI,NO,SI,NO,NO,SI,NO,SI
10232884013,LEU216,2026-06-13,7,SI,SI,SI,SI,SI,SI,NO,SI
10132867718,KFA554,2026-06-13,4,SI,NO,SI,NO,SI,NO,NO,SI
10232859270,RDA055,2026-06-13,7,SI,SI,SI,SI,SI,NO,SI,SI
10232867059,KGX006,2026-06-13,7,SI,SI,SI,SI,SI,SI,NO,SI
10132873904,HFB532,2026-06-13,7,SI,SI,SI,SI,SI,SI,NO,SI
10132874618,GBH607,2026-06-13,0,NO,NO,NO,NO,NO,NO,NO,NO
10232882229,HWH743,2026-06-13,7,SI,SI,SI,SI,SI,SI,NO,SI
10232878882,RCY621,2026-06-13,6,SI,SI,SI,SI,SI,NO,NO,SI
10132884764,OWT012,2026-06-13,7,SI,SI,SI,SI,SI,SI,NO,SI
10132876574,OTS156,2026-06-13,7,SI,SI,SI,SI,SI,SI,NO,SI
10132884500,ONH321,2026-06-13,2,NO,NO,NO,SI,SI,NO,NO,NO
10232887981,NBW181,2026-06-13,5,SI,NO,SI,SI,SI,NO,NO,SI
10232882562,AE037TI,2026-06-13,6,SI,SI,SI,SI,SI,NO,NO,SI
10232869371,AF367ZH,2026-06-13,5,NO,NO,SI,SI,SI,SI,NO,SI
10232866735,RXT858,2026-06-13,5,SI,NO,SI,SI,SI,NO,NO,SI
10132893642,HOK764,2026-06-13,5,SI,SI,NO,SI,SI,NO,NO,SI
10232887894,AD113QZ,2026-06-13,6,SI,SI,SI,SI,SI,NO,NO,SI
10232877377,EJF000,2026-06-13,5,SI,SI,NO,SI,SI,NO,NO,SI
10232869369,VJL514,2026-06-13,7,SI,SI,SI,SI,SI,SI,NO,SI
10132893761,ELI857,2026-06-13,6,NO,SI,SI,SI,SI,SI,NO,SI
10232887411,IAO209,2026-06-13,4,NO,SI,SI,NO,SI,NO,NO,SI
10132856669,PFJ257,2026-06-13,7,SI,SI,SI,SI,SI,SI,NO,SI
10132882606,BCD343,2026-06-13,5,SI,SI,NO,SI,SI,NO,NO,SI
10132875729,LZV032,2026-06-13,7,SI,SI,SI,SI,SI,SI,NO,SI
10232887007,PMP414,2026-06-13,6,SI,SI,SI,SI,SI,NO,NO,SI
10232888326,AE332IG,2026-06-13,7,SI,SI,SI,SI,SI,SI,NO,SI
10232882934,MWP744,2026-06-13,6,SI,SI,SI,SI,SI,NO,NO,SI
10132884678,PIQ686,2026-06-13,7,SI,SI,SI,SI,SI,SI,NO,SI
10232886191,JPS676,2026-06-13,5,SI,SI,SI,NO,SI,NO,NO,SI
10232886335,AMJ362,2026-06-13,5,NO,SI,SI,SI,SI,NO,NO,SI
10232885729,SYD357,2026-06-13,6,SI,NO,SI,SI,SI,SI,NO,SI
10232881758,AF221GR,2026-06-13,5,SI,SI,SI,NO,NO,SI,NO,SI
10232888917,AF581CK,2026-06-13,6,SI,SI,SI,SI,SI,NO,NO,SI
10232886074,AA253OC,2026-06-13,1,NO,NO,NO,NO,NO,NO,NO,SI
10132890369,FAG523,2026-06-13,6,SI,NO,SI,SI,SI,SI,NO,SI
10232883322,LCY440,2026-06-13,6,SI,NO,SI,SI,SI,SI,NO,SI
10232883979,AC216OA,2026-06-13,6,SI,SI,SI,SI,SI,NO,NO,SI
10232882975,AF963PZ,2026-06-13,6,SI,SI,SI,SI,SI,NO,NO,SI
10132856999,IPF452,2026-06-13,5,SI,NO,SI,SI,SI,NO,NO,SI
10132882787,KWZ511,2026-06-13,4,NO,SI,SI,NO,SI,NO,NO,SI
10232888921,ENS121,2026-06-13,3,NO,SI,SI,NO,NO,NO,NO,SI
10232889840,IBP080,2026-06-13,0,NO,NO,NO,NO,NO,NO,NO,NO
10232892156,AE320MB,2026-06-13,6,SI,SI,NO,SI,SI,SI,NO,SI
10232872445,AB999CX,2026-06-13,7,SI,SI,SI,SI,SI,SI,NO,SI
10232889527,AG538IY,2026-06-13,6,SI,SI,SI,SI,SI,NO,NO,SI
10232892941,NUW682,2026-06-13,7,SI,SI,SI,SI,SI,SI,NO,SI
10232890692,AC088TE,2026-06-13,6,SI,NO,SI,SI,SI,SI,NO,SI
10132886111,LYI586,2026-06-13,5,SI,NO,SI,SI,SI,NO,NO,SI
10132873423,AD654LJ,2026-06-13,7,SI,SI,SI,SI,SI,SI,NO,SI
10132870639,FLL116,2026-06-13,7,SI,SI,SI,SI,SI,SI,NO,SI
10132870665,FOZ564,2026-06-13,7,SI,SI,SI,SI,SI,SI,NO,SI
10232886885,AB147GB,2026-06-13,6,SI,NO,SI,SI,SI,SI,NO,SI
10232889506,JXS367,2026-06-13,6,SI,SI,SI,SI,SI,NO,NO,SI
10232874515,AH167PY,2026-06-13,7,SI,SI,SI,SI,SI,SI,NO,SI
10232876140,TZE389,2026-06-13,6,SI,SI,SI,SI,SI,NO,NO,SI
10232892836,ELM071,2026-06-13,5,NO,SI,NO,SI,SI,SI,NO,SI
10232879597,LYW626,2026-06-13,7,SI,SI,SI,SI,SI,SI,NO,SI
10232884104,AH933CW,2026-06-13,6,SI,SI,SI,SI,SI,NO,NO,SI
10232877989,JAL220,2026-06-13,4,NO,NO,SI,SI,SI,NO,NO,SI
10232884360,HDJ922,2026-06-13,3,NO,NO,NO,NO,NO,SI,SI,SI
10132889301,LII252,2026-06-13,4,SI,SI,NO,SI,NO,NO,NO,SI
10232880429,KNX080,2026-06-13,6,NO,SI,SI,NO,SI,SI,SI,SI
10232891912,JPW863,2026-06-13,6,SI,SI,SI,SI,SI,NO,NO,SI
10132884517,GKA246,2026-06-13,4,SI,SI,NO,SI,NO,NO,NO,SI
10132884416,GZT789,2026-06-13,4,SI,SI,NO,SI,SI,NO,NO,NO
10232888771,NAG999,2026-06-13,6,SI,SI,SI,SI,SI,NO,NO,SI
10132884622,GLF130,2026-06-13,6,SI,SI,SI,SI,SI,NO,NO,SI
10232881185,NZS911,2026-06-13,6,SI,SI,SI,SI,SI,NO,NO,SI
10232881693,AH253AC,2026-06-13,6,SI,SI,SI,SI,SI,NO,NO,SI
10232892586,KAN565,2026-06-13,6,SI,SI,SI,SI,SI,NO,NO,SI
10232890741,EKV898,2026-06-13,7,SI,SI,SI,SI,SI,NO,SI,SI
10232878950,GZR378,2026-06-13,6,SI,NO,SI,SI,SI,SI,NO,SI
10232891701,JOQ424,2026-06-13,6,NO,SI,SI,SI,SI,SI,NO,SI
10232883875,HNE694,2026-06-13,5,SI,SI,SI,NO,SI,NO,NO,SI
10232884290,FPE520,2026-06-13,6,SI,SI,SI,SI,SI,NO,NO,SI
10232888731,FCU793,2026-06-13,6,SI,SI,SI,SI,SI,NO,NO,SI
10232887545,HIW110,2026-06-13,7,SI,SI,SI,SI,SI,SI,NO,SI
10232885703,AE332ID,2026-06-13,5,NO,SI,SI,SI,SI,NO,NO,SI
10132870859,AF394XV,2026-06-13,5,SI,NO,SI,SI,SI,NO,NO,SI
10132870302,AI162DZ,2026-06-13,6,SI,SI,SI,SI,SI,NO,NO,SI
10232889107,BZA566,2026-06-13,5,NO,SI,SI,SI,NO,SI,NO,SI
10232892216,NPB137,2026-06-13,5,NO,NO,SI,SI,SI,SI,NO,SI
10232864695,HQY401,2026-06-13,2,NO,NO,NO,NO,NO,SI,SI,NO
10132884621,AG956IU,2026-06-13,6,SI,SI,SI,SI,SI,NO,NO,SI
10232878205,HZY414,2026-06-13,5,NO,NO,SI,SI,SI,SI,NO,SI
10232866201,AG591MX,2026-06-13,7,SI,SI,SI,SI,SI,SI,NO,SI
10132894244,EEZ017,2026-06-13,4,NO,SI,SI,NO,NO,SI,NO,SI
10232888594,AE205LN,2026-06-13,6,SI,SI,SI,SI,SI,NO,NO,SI
10232894288,SLU665,2026-06-13,6,SI,SI,SI,SI,SI,NO,NO,SI
10132879114,AB673FQ,2026-06-13,3,NO,NO,SI,NO,SI,NO,NO,SI
10132881245,AB673FP,2026-06-13,6,SI,SI,SI,SI,SI,NO,NO,SI
10232893248,AE669LO,2026-06-13,5,SI,NO,SI,SI,SI,NO,NO,SI
10232885524,AG407BZ,2026-06-13,6,SI,SI,SI,SI,SI,NO,NO,SI
10132882449,FCX616,2026-06-13,6,SI,SI,SI,SI,SI,NO,NO,SI
10232892040,AF299UI,2026-06-13,2,NO,NO,SI,NO,NO,NO,NO,SI
10132890531,MXO391,2026-06-13,5,SI,NO,SI,SI,SI,NO,NO,SI
10232880840,OHI283,2026-06-13,4,NO,NO,SI,SI,SI,NO,NO,SI
10132882191,AH772YJ,2026-06-13,6,SI,SI,SI,SI,SI,NO,NO,SI
10232882667,AC614LJ,2026-06-13,5,SI,NO,SI,SI,SI,NO,NO,SI
10232863352,OKM730,2026-06-13,5,NO,NO,SI,SI,SI,SI,NO,SI
10232891546,AB269FM,2026-06-13,4,NO,NO,SI,SI,SI,NO,NO,SI
10232874527,AH166LV,2026-06-13,7,SI,SI,SI,SI,SI,SI,NO,SI
10232890372,GOI975,2026-06-13,2,NO,NO,SI,NO,NO,NO,NO,SI
10232895380,AE877PA,2026-06-13,7,SI,SI,SI,SI,SI,SI,NO,SI
10232883370,KQA032,2026-06-13,2,SI,NO,NO,NO,NO,NO,NO,SI
10232889120,AB705UO,2026-06-13,3,NO,NO,SI,NO,SI,NO,NO,SI
10132872571,IWY258,2026-06-13,7,SI,SI,SI,SI,SI,NO,SI,SI
10232894721,MKF826,2026-06-13,6,SI,SI,SI,SI,SI,NO,NO,SI
10232864431,AG817FP,2026-06-13,7,SI,SI,SI,SI,SI,NO,SI,SI
10232888620,EYK348,2026-06-13,6,SI,NO,SI,SI,SI,SI,NO,SI
10232890694,EJN046,2026-06-13,6,SI,SI,SI,SI,SI,NO,NO,SI
10232882694,MMN862,2026-06-13,5,SI,NO,SI,SI,SI,NO,NO,SI
10232890835,NIX919,2026-06-13,3,NO,SI,NO,NO,NO,SI,NO,SI
10132894363,RFG066,2026-06-13,5,SI,NO,SI,SI,SI,NO,NO,SI
10232883291,JVA078,2026-06-13,6,SI,SI,SI,SI,SI,NO,NO,SI
10132882650,BIE472,2026-06-13,6,SI,SI,SI,SI,SI,NO,NO,SI
10232893124,BKL134,2026-06-13,3,NO,SI,NO,SI,NO,SI,NO,NO
10132885662,ROO102,2026-06-13,6,SI,SI,SI,SI,SI,NO,NO,SI
10232889549,AH378AE,2026-06-13,5,SI,NO,SI,SI,SI,NO,NO,SI
10132889891,JSW668,2026-06-13,5,NO,NO,SI,SI,SI,SI,NO,SI
10232892246,AF773JR,2026-06-13,6,SI,SI,SI,SI,SI,NO,NO,SI
10232871808,AA276YS,2026-06-13,6,SI,SI,SI,SI,SI,NO,NO,SI
10132889880,AH753YG,2026-06-13,6,SI,SI,SI,SI,SI,NO,NO,SI
10132892453,HDJ529,2026-06-13,6,SI,SI,SI,SI,SI,NO,NO,SI
10132889725,AA182RT,2026-06-13,5,NO,SI,SI,SI,SI,NO,NO,SI
10232888672,AD013KD,2026-06-13,4,NO,NO,SI,SI,SI,NO,NO,SI
10132882344,FDE972,2026-06-13,5,NO,NO,SI,SI,SI,SI,NO,SI
10232889055,KCU045,2026-06-13,6,SI,SI,SI,SI,SI,NO,NO,SI
10232884188,KKD668,2026-06-13,5,NO,NO,SI,SI,SI,SI,NO,SI
10232877757,AH694BH,2026-06-13,6,SI,SI,SI,SI,SI,NO,NO,SI
10232894786,MMV961,2026-06-13,4,NO,NO,SI,SI,SI,NO,NO,SI
10132880441,AB871EB,2026-06-13,4,NO,NO,SI,SI,SI,NO,NO,SI
10232887416,AA926HA,2026-06-13,4,NO,NO,SI,SI,SI,NO,NO,SI
10232893851,SVH582,2026-06-13,4,NO,NO,SI,SI,SI,NO,NO,SI
10232893460,UNH669,2026-06-13,4,NO,NO,SI,SI,SI,NO,NO,SI
10232865942,AE648OD,2026-06-13,8,SI,SI,SI,SI,SI,SI,SI,SI
10232888734,NHB130,2026-06-13,6,SI,SI,SI,SI,SI,NO,NO,SI
10132887337,AB695QJ,2026-06-13,4,NO,NO,SI,SI,SI,NO,NO,SI
10232882396,PJQ577,2026-06-13,7,SI,SI,SI,SI,SI,NO,SI,SI
10232893184,ICZ409,2026-06-13,6,SI,SI,SI,SI,SI,NO,NO,SI
10232894403,FXG701,2026-06-13,4,NO,NO,SI,SI,SI,NO,NO,SI
10132895573,MAJ757,2026-06-13,6,SI,SI,SI,SI,SI,NO,NO,SI
10132881824,AB269FD,2026-06-13,3,NO,NO,NO,SI,SI,NO,NO,SI
10132882579,GSM853,2026-06-13,4,NO,NO,SI,SI,SI,NO,NO,SI
10132882802,AB835GI,2026-06-13,7,SI,SI,SI,SI,SI,SI,NO,SI
10132894939,GOZ542,2026-06-13,4,NO,NO,SI,SI,SI,NO,NO,SI
10132879576,GLJ730,2026-06-13,6,SI,SI,SI,SI,SI,NO,NO,SI
10132878666,HML609,2026-06-13,5,NO,NO,SI,SI,SI,SI,NO,SI
10232893001,AH638AV,2026-06-13,6,SI,SI,SI,SI,SI,NO,NO,SI
10132889702,MYW619,2026-06-13,6,SI,SI,SI,SI,SI,NO,NO,SI
10232890217,AD428GD,2026-06-13,6,SI,SI,SI,SI,SI,NO,NO,SI
10232890579,JUB043,2026-06-13,6,SI,SI,SI,SI,SI,NO,NO,SI
10232886233,MPK238,2026-06-13,4,NO,NO,SI,SI,SI,NO,NO,SI
10132882720,AG632TO,2026-06-13,6,SI,SI,SI,SI,SI,NO,NO,SI
10232875523,DQQ450,2026-06-13,4,NO,NO,SI,SI,SI,NO,NO,SI
10132889115,AF097AL,2026-06-13,6,SI,SI,SI,SI,SI,NO,NO,SI
10132891600,MIN978,2026-06-13,4,NO,NO,SI,SI,NO,SI,NO,SI
10132891359,GRF917,2026-06-13,6,SI,SI,SI,SI,SI,NO,NO,SI
10132882781,AC547NI,2026-06-13,5,SI,NO,SI,SI,SI,NO,NO,SI
10232892226,AF243UL,2026-06-13,5,SI,SI,NO,SI,SI,NO,NO,SI
10232893636,AF037MB,2026-06-13,5,SI,NO,SI,SI,SI,NO,NO,SI
10132879622,AE831XD,2026-06-13,7,SI,SI,SI,SI,SI,SI,NO,SI
10132890033,MRP478,2026-06-13,4,NO,NO,SI,SI,SI,NO,NO,SI
10132889168,AE380TM,2026-06-13,6,SI,SI,SI,SI,SI,NO,NO,SI
10132884170,AG702NK,2026-06-13,6,SI,SI,SI,SI,SI,NO,NO,SI
10232876291,PEP080,2026-06-13,4,NO,NO,SI,SI,SI,NO,NO,SI
10232874425,JEU432,2026-06-13,5,NO,SI,SI,SI,SI,NO,NO,SI
10232874482,MFP080,2026-06-13,6,SI,SI,SI,SI,SI,NO,NO,SI
10232876130,AA757AC,2026-06-13,6,SI,SI,SI,SI,SI,NO,NO,SI
10232885298,OJD089,2026-06-13,8,SI,SI,SI,SI,SI,SI,SI,SI
10132880027,GYB764,2026-06-13,6,SI,SI,SI,SI,SI,SI,NO,NO
10232892532,AA479GW,2026-06-13,4,NO,NO,SI,SI,SI,NO,NO,SI
10232893686,NDI985,2026-06-13,5,SI,NO,SI,SI,SI,NO,NO,SI
10232891210,ADX532,2026-06-13,5,NO,NO,SI,SI,SI,NO,SI,SI
10232895098,GLT690,2026-06-13,4,NO,NO,SI,SI,SI,SI,NO,NO
10232894636,RLQ805,2026-06-13,4,NO,SI,NO,SI,SI,SI,NO,NO
10132887402,AD112PK,2026-06-13,4,NO,NO,SI,SI,SI,NO,NO,SI
10232881872,GNY494,2026-06-13,4,NO,NO,SI,SI,SI,NO,NO,SI
10132887871,AH252CC,2026-06-13,6,SI,SI,SI,SI,SI,NO,NO,SI
10232888506,HPH433,2026-06-13,3,NO,NO,SI,SI,SI,NO,NO,NO
10232894529,OOJ879,2026-06-13,4,NO,NO,SI,SI,SI,NO,NO,SI
10232894995,JDQ655,2026-06-13,4,NO,NO,SI,SI,SI,SI,NO,NO
10132879250,AH676EI,2026-06-13,4,NO,NO,SI,SI,SI,NO,NO,SI
10232891001,CGA080,2026-06-13,5,NO,NO,SI,SI,SI,SI,NO,SI
10132884722,IZQ192,2026-06-13,3,NO,NO,SI,SI,SI,NO,NO,NO
10132884785,FHN331,2026-06-13,5,NO,NO,SI,SI,SI,SI,NO,SI
10132881009,AE068ZF,2026-06-13,7,SI,SI,SI,SI,SI,SI,NO,SI
10232876279,AD910IP,2026-06-13,6,SI,SI,SI,SI,SI,NO,NO,SI
10132884946,MTC038,2026-06-13,5,NO,NO,SI,SI,SI,SI,NO,SI
10232887310,GGZ047,2026-06-13,3,NO,SI,NO,NO,SI,NO,NO,SI
10232888713,GCL974,2026-06-13,6,SI,NO,SI,SI,SI,SI,NO,SI
10132879747,AH888LU,2026-06-13,7,SI,SI,SI,SI,SI,SI,NO,SI
10232887415,MDJ753,2026-06-13,7,SI,SI,SI,SI,SI,SI,NO,SI
10132882821,RCZ088,2026-06-13,3,SI,SI,NO,SI,NO,NO,NO,NO
10132880722,IGI773,2026-06-13,4,SI,SI,NO,SI,SI,NO,NO,NO
10232890599,AKA667,2026-06-13,3,NO,NO,SI,SI,SI,NO,NO,NO
10232874335,AC381ZM,2026-06-13,3,NO,SI,SI,NO,NO,NO,NO,SI
10232893048,NDS385,2026-06-13,3,NO,NO,SI,SI,SI,NO,NO,NO
10132886709,GUH116,2026-06-13,5,SI,SI,SI,SI,SI,NO,NO,NO
10232892293,FSP422,2026-06-13,7,SI,SI,SI,SI,SI,SI,NO,SI
10132885762,DBX574,2026-06-13,3,NO,NO,SI,SI,SI,NO,NO,NO
10232877734,EIC605,2026-06-13,3,NO,NO,SI,SI,SI,NO,NO,NO
10232885353,EKO604,2026-06-13,5,NO,SI,SI,SI,NO,SI,NO,SI
10232881762,CSZ358,2026-06-13,6,SI,SI,SI,SI,SI,NO,NO,SI
10232878281,INF699,2026-06-13,6,SI,SI,SI,SI,SI,NO,NO,SI
10132882535,AC831ZM,2026-06-13,6,SI,SI,SI,SI,SI,NO,NO,SI
10132882025,MLS609,2026-06-14,7,SI,SI,SI,SI,SI,SI,NO,SI
10132884169,KBK238,2026-06-14,5,SI,SI,SI,NO,SI,NO,NO,SI
10232902531,SYX308,2026-06-14,5,SI,SI,SI,NO,SI,NO,NO,SI
10132889677,AD985PZ,2026-06-14,5,SI,SI,SI,SI,NO,NO,NO,SI
10232897880,SVB484,2026-06-14,4,SI,SI,SI,NO,NO,NO,NO,SI
10232896561,NZZ339,2026-06-14,4,SI,SI,NO,SI,NO,NO,NO,SI
10132898419,FJF767,2026-06-14,4,SI,SI,SI,NO,NO,NO,NO,SI
10232875213,LTL241,2026-06-14,3,SI,SI,NO,NO,SI,NO,NO,NO
10132884207,ADJ153,2026-06-14,4,SI,SI,SI,NO,SI,NO,NO,NO
10132897753,ERN622,2026-06-14,5,SI,SI,SI,SI,SI,NO,NO,NO
10132901631,JAU125,2026-06-14,6,SI,SI,SI,SI,SI,NO,NO,SI
10232897923,TSR275,2026-06-14,4,SI,SI,SI,NO,NO,NO,NO,SI
10232894982,TAV086,2026-06-14,5,SI,SI,SI,SI,NO,SI,NO,NO
10232895016,SOW704,2026-06-14,6,SI,NO,SI,SI,SI,SI,NO,SI
10132897662,KZV637,2026-06-14,6,SI,SI,SI,SI,SI,NO,NO,SI
10232899982,OKH237,2026-06-14,6,SI,SI,SI,SI,SI,NO,NO,SI
10132894775,FMQ893,2026-06-14,5,SI,SI,NO,SI,SI,NO,NO,SI
10232875296,NMG567,2026-06-14,7,SI,SI,SI,SI,SI,SI,NO,SI
10132893927,AG956DY,2026-06-14,6,SI,SI,SI,SI,SI,NO,NO,SI
10132903813,FGX032,2026-06-14,5,NO,SI,SI,SI,SI,NO,NO,SI
10232903027,HME741,2026-06-14,6,NO,SI,SI,SI,SI,SI,NO,SI
10232873933,OVS674,2026-06-14,4,SI,NO,NO,SI,SI,NO,NO,SI
10132895901,AC071XH,2026-06-14,6,SI,SI,SI,SI,SI,NO,NO,SI
10132892984,AB124SG,2026-06-14,6,SI,SI,SI,SI,SI,NO,NO,SI
10132892315,WXL699,2026-06-14,5,NO,SI,SI,SI,SI,NO,NO,SI
10132890461,ERT765,2026-06-14,5,SI,NO,SI,SI,SI,NO,NO,SI
10232903763,SZK780,2026-06-14,6,SI,SI,SI,SI,SI,NO,NO,SI
10132892686,AF401CA,2026-06-14,4,SI,SI,SI,NO,NO,NO,NO,SI
10232896537,GHP942,2026-06-14,6,SI,SI,SI,SI,SI,NO,NO,SI
10232897847,WKP473,2026-06-14,6,SI,SI,SI,SI,SI,NO,NO,SI
10132884137,AD656ZG,2026-06-14,6,SI,SI,SI,SI,SI,NO,NO,SI
10232897678,HND788,2026-06-14,5,SI,NO,SI,SI,SI,NO,NO,SI
10232887245,GUQ007,2026-06-14,5,SI,SI,NO,SI,SI,NO,NO,SI
10232887883,JSG026,2026-06-14,6,SI,SI,SI,SI,SI,NO,NO,SI
10232897281,KKR038,2026-06-14,5,SI,NO,SI,SI,SI,NO,NO,SI
10232888567,AE573AN,2026-06-14,6,SI,SI,SI,SI,SI,NO,NO,SI
10232889844,LOV794,2026-06-14,6,SI,SI,SI,SI,SI,NO,NO,SI
10132895764,FJC556,2026-06-14,5,SI,NO,SI,SI,SI,NO,NO,SI
10232892385,DET855,2026-06-14,3,NO,NO,SI,NO,SI,NO,NO,SI
10232885453,GPY449,2026-06-14,5,SI,NO,SI,SI,SI,NO,NO,SI
10232896837,EVX075,2026-06-14,6,SI,SI,SI,SI,SI,NO,NO,SI
10132889553,AD616XP,2026-06-14,5,SI,SI,NO,SI,SI,NO,NO,SI
10232896779,TQE766,2026-06-14,6,SI,SI,SI,SI,SI,NO,NO,SI
10232900188,NFT229,2026-06-14,6,SI,SI,SI,SI,SI,NO,NO,SI
10232894459,AF986LY,2026-06-14,5,SI,NO,SI,SI,SI,NO,NO,SI
10132885766,KDM961,2026-06-14,4,NO,NO,SI,SI,SI,NO,NO,SI
10132887301,LXR584,2026-06-14,5,SI,NO,SI,SI,SI,NO,NO,SI
10132887288,AH665YH,2026-06-14,5,SI,SI,NO,SI,SI,NO,NO,SI
10132887293,JPF484,2026-06-14,6,SI,SI,SI,SI,SI,NO,NO,SI
10232889216,KBK128,2026-06-14,6,SI,SI,SI,SI,SI,NO,NO,SI
10232902617,FHI964,2026-06-14,6,SI,SI,SI,SI,SI,NO,NO,SI
10132887307,AI081ZX,2026-06-14,5,SI,SI,NO,SI,SI,NO,NO,SI
10232889913,LUI993,2026-06-14,6,SI,SI,SI,SI,SI,NO,NO,SI
10232899377,CKG969,2026-06-14,6,SI,SI,SI,SI,SI,NO,NO,SI
10132891493,AH916SX,2026-06-14,6,SI,SI,SI,SI,SI,NO,NO,SI
10232886384,AA287HV,2026-06-14,6,SI,SI,SI,SI,SI,NO,NO,SI
10232882740,AB030HI,2026-06-14,2,NO,NO,SI,NO,NO,NO,NO,SI
10132899951,ECL302,2026-06-14,6,SI,SI,SI,SI,SI,NO,NO,SI
10232902219,ERG523,2026-06-14,4,NO,SI,SI,NO,SI,NO,NO,SI
10232898882,FZB837,2026-06-14,5,SI,SI,SI,NO,SI,NO,NO,SI
10232892521,RXT460,2026-06-14,7,SI,SI,SI,SI,SI,NO,SI,SI
10232896969,DNF099,2026-06-14,6,SI,SI,SI,SI,SI,NO,NO,SI
10132887355,PJJ340,2026-06-14,5,SI,SI,NO,SI,SI,NO,NO,SI
10132886018,HFD473,2026-06-14,6,SI,SI,SI,SI,SI,NO,NO,SI
10232898650,AE850ZL,2026-06-14,6,SI,SI,SI,SI,SI,NO,NO,SI
10232899883,EXA698,2026-06-14,7,SI,SI,SI,SI,SI,NO,SI,SI
10232893908,HGT392,2026-06-14,2,NO,NO,NO,SI,NO,NO,NO,SI
10132901336,ELF136,2026-06-14,6,SI,SI,SI,SI,SI,NO,NO,SI
10132895078,EQP365,2026-06-14,4,NO,NO,SI,SI,SI,NO,NO,SI
10232890710,KVC733,2026-06-14,6,SI,SI,SI,SI,SI,NO,NO,SI
10232899796,AC505FI,2026-06-14,5,NO,SI,SI,SI,SI,NO,NO,SI
10132891302,AE302SV,2026-06-14,3,SI,SI,NO,NO,NO,NO,NO,SI
10132891458,AE788PU,2026-06-14,6,SI,SI,SI,SI,SI,NO,NO,SI
10132887314,AE015AS,2026-06-14,6,SI,SI,SI,SI,SI,NO,NO,SI
10232897288,AE453CM,2026-06-14,7,SI,SI,SI,SI,SI,NO,SI,SI
10232882673,HKH699,2026-06-14,5,SI,SI,SI,NO,SI,NO,NO,SI
10232900647,TNW484,2026-06-14,6,SI,SI,SI,SI,SI,NO,NO,SI
10132895675,AE929GP,2026-06-14,6,SI,SI,SI,SI,SI,NO,NO,SI
10232892812,KKE404,2026-06-14,6,SI,SI,SI,SI,SI,NO,NO,SI
10232891129,VFU873,2026-06-14,5,SI,SI,NO,SI,SI,NO,NO,SI
10232895761,LSZ118,2026-06-14,6,SI,SI,SI,SI,SI,NO,NO,SI
10132887322,AH016ZT,2026-06-14,6,SI,SI,SI,SI,SI,NO,NO,SI
10132892858,AF923CV,2026-06-14,6,SI,SI,SI,SI,SI,NO,NO,SI
10232887349,AC099YG,2026-06-14,7,SI,SI,SI,SI,SI,SI,NO,SI
10132887317,AE538TE,2026-06-14,5,SI,SI,NO,SI,SI,NO,NO,SI
10132887325,AB309AM,2026-06-14,6,SI,SI,SI,SI,SI,NO,NO,SI
10232896581,EYD051,2026-06-14,6,SI,SI,SI,SI,SI,NO,NO,SI
10232887174,MKH829,2026-06-14,7,SI,SI,SI,SI,SI,NO,SI,SI
10132893164,NVG189,2026-06-14,7,SI,SI,SI,SI,SI,NO,SI,SI
10232889095,OIO485,2026-06-14,6,SI,SI,SI,SI,SI,NO,NO,SI
10232900263,JWL688,2026-06-14,7,SI,SI,SI,SI,SI,NO,SI,SI
10132897706,AC444MO,2026-06-14,5,SI,NO,SI,SI,SI,NO,NO,SI
10232896783,KEG383,2026-06-14,5,SI,NO,SI,SI,SI,NO,NO,SI
10132887357,AI134JW,2026-06-14,6,SI,SI,SI,SI,SI,NO,NO,SI
10132902033,AH297KK,2026-06-14,6,SI,SI,SI,SI,SI,NO,NO,SI
10132901998,AH297KL,2026-06-14,6,SI,SI,SI,SI,SI,NO,NO,SI
10232890566,LCI184,2026-06-14,6,SI,SI,SI,SI,SI,NO,NO,SI
10132902483,KSE172,2026-06-14,6,SI,SI,SI,SI,SI,NO,NO,SI
10232890187,GQZ698,2026-06-14,6,SI,SI,SI,SI,SI,NO,NO,SI
10132905355,ATN060,2026-06-14,6,SI,SI,SI,SI,SI,NO,NO,SI
10132887352,JRG786,2026-06-14,6,SI,SI,SI,SI,SI,NO,NO,SI
10132887345,GWO154,2026-06-14,6,SI,SI,SI,SI,SI,NO,NO,SI
10132895647,AG665LW,2026-06-14,5,SI,NO,SI,SI,SI,NO,NO,SI
10132895682,AH154DV,2026-06-14,6,SI,SI,SI,SI,SI,NO,NO,SI
10132887338,FED624,2026-06-14,6,SI,SI,SI,SI,SI,NO,NO,SI
10132902521,LCM853,2026-06-14,6,SI,SI,SI,SI,SI,NO,NO,SI
10132895310,AH982UL,2026-06-14,6,SI,SI,SI,SI,SI,NO,NO,SI
10232895330,BWR295,2026-06-14,3,SI,NO,SI,NO,NO,NO,NO,SI
10232902416,FHI964,2026-06-14,6,SI,SI,SI,SI,SI,NO,NO,SI
10232884859,HOU346,2026-06-14,6,SI,SI,SI,SI,SI,NO,NO,SI
10132887335,AH512EZ,2026-06-14,6,SI,SI,SI,SI,SI,NO,NO,SI
10232883924,CAX144,2026-06-14,6,SI,SI,SI,SI,SI,NO,NO,SI
10232896227,DRR421,2026-06-14,5,SI,NO,SI,SI,SI,NO,NO,SI
10132891384,AA219RD,2026-06-14,5,SI,SI,SI,SI,NO,NO,NO,SI
10132902632,EDX931,2026-06-14,4,SI,SI,SI,NO,NO,NO,NO,SI
10132895571,MPK234,2026-06-14,3,SI,NO,NO,SI,NO,NO,NO,SI
10132902652,EJA796,2026-06-14,7,SI,SI,SI,SI,SI,SI,NO,SI
10132905460,FJF767,2026-06-14,3,NO,SI,SI,NO,NO,NO,NO,SI
10132892800,AH018AD,2026-06-14,6,SI,NO,SI,SI,SI,SI,NO,SI
10232886182,AB660KL,2026-06-14,4,NO,SI,NO,SI,SI,NO,NO,SI
10232902842,AWG771,2026-06-15,3,NO,SI,SI,NO,SI,NO,NO,NO
10132895549,OUM733,2026-06-15,6,SI,SI,SI,SI,SI,NO,NO,SI
10132898029,AD995AX,2026-06-15,6,SI,SI,SI,SI,SI,NO,NO,SI
10232902754,KFC159,2026-06-15,6,SI,NO,SI,SI,SI,SI,NO,SI
10232898116,GYS009,2026-06-15,5,SI,SI,SI,SI,SI,NO,NO,NO
10232897328,AD460HS,2026-06-15,6,SI,SI,SI,SI,SI,NO,NO,SI
10132902827,FVA532,2026-06-15,7,SI,SI,SI,SI,SI,SI,NO,SI
10132905477,AH377YC,2026-06-15,7,SI,SI,SI,SI,SI,SI,NO,SI
10232896352,AF601OH,2026-06-15,6,SI,SI,SI,SI,SI,NO,NO,SI
10232904259,HME741,2026-06-15,6,NO,SI,SI,SI,SI,SI,NO,SI
10232901304,RAC305,2026-06-15,6,SI,SI,SI,SI,SI,NO,NO,SI
10232892019,GYM881,2026-06-15,4,SI,NO,SI,NO,SI,NO,NO,SI
10232896894,JHY550,2026-06-15,7,SI,SI,SI,SI,SI,SI,NO,SI
10232896489,AH454AM,2026-06-15,6,SI,SI,SI,SI,SI,NO,NO,SI
10232896578,AZI166,2026-06-15,4,NO,SI,NO,SI,SI,NO,NO,SI
10232897096,LBO258,2026-06-15,6,SI,SI,SI,SI,SI,NO,NO,SI
10232898401,AB574NJ,2026-06-15,6,SI,SI,SI,SI,SI,NO,NO,SI
10232902567,AI024TO,2026-06-15,6,SI,SI,SI,SI,SI,NO,NO,SI
10232906185,JUH048,2026-06-15,4,SI,NO,SI,NO,SI,NO,NO,SI
10132883866,AI109NB,2026-06-15,6,SI,NO,SI,SI,SI,SI,NO,SI
10132890985,EFY852,2026-06-15,6,SI,SI,SI,SI,SI,NO,NO,SI
10232895055,OIO489,2026-06-15,5,SI,SI,SI,SI,SI,NO,NO,NO
10132906118,GQU365,2026-06-15,6,SI,SI,SI,SI,SI,NO,NO,SI
10132903466,AE498RZ,2026-06-15,7,SI,SI,SI,SI,SI,SI,NO,SI
10232902081,AE581LL,2026-06-15,5,SI,NO,SI,SI,SI,NO,NO,SI
10132903744,AA702TE,2026-06-15,6,SI,SI,SI,SI,SI,NO,NO,SI
10132905231,HDD622,2026-06-15,6,SI,SI,SI,SI,SI,NO,NO,SI
10132898792,AI208DC,2026-06-15,6,SI,SI,SI,SI,SI,NO,NO,SI
10132904176,AH216VR,2026-06-15,7,SI,SI,SI,SI,SI,SI,NO,SI
10132904217,IVV906,2026-06-15,6,SI,SI,SI,SI,SI,NO,NO,SI
10132905053,NTN287,2026-06-15,6,SI,SI,SI,SI,SI,NO,NO,SI
10132904223,AC266XE,2026-06-15,5,SI,NO,SI,SI,SI,NO,NO,SI
10132905071,HPW574,2026-06-15,6,SI,SI,SI,SI,SI,NO,NO,SI
10232891031,AA958QR,2026-06-15,3,NO,SI,SI,NO,NO,NO,NO,SI
10232895443,KDQ875,2026-06-15,2,NO,NO,SI,NO,NO,NO,NO,SI
10232897163,VIS693,2026-06-15,4,NO,SI,SI,NO,SI,NO,NO,SI
10232901697,AG700LA,2026-06-15,6,SI,SI,SI,SI,SI,NO,NO,SI
10132894648,AA906QD,2026-06-15,3,NO,NO,SI,SI,SI,NO,NO,NO
10232890542,AA276YV,2026-06-15,7,SI,SI,SI,SI,SI,SI,NO,SI
10232887732,SIM459,2026-06-15,7,SI,SI,SI,SI,SI,SI,NO,SI
10232897836,OWS883,2026-06-15,3,NO,NO,SI,SI,SI,NO,NO,NO
10132890711,AD194SB,2026-06-15,3,NO,SI,SI,NO,NO,NO,NO,SI
10132887846,NQA604,2026-06-15,6,SI,SI,SI,SI,SI,NO,NO,SI
10132903123,LXX256,2026-06-15,6,SI,SI,SI,SI,SI,NO,NO,SI
10132901953,HHN440,2026-06-15,5,SI,NO,SI,SI,SI,NO,NO,SI
10232900767,FBM929,2026-06-15,5,SI,NO,SI,SI,SI,NO,NO,SI
10232888362,KDD088,2026-06-15,6,SI,SI,SI,NO,SI,NO,SI,SI
10232899678,MZP447,2026-06-15,6,SI,NO,SI,SI,SI,SI,NO,SI
10132901993,JCP847,2026-06-15,4,NO,NO,SI,SI,SI,NO,NO,SI
10132906701,AF285MF,2026-06-15,6,SI,SI,NO,SI,SI,NO,SI,SI
10132905140,BGD244,2026-06-15,5,NO,SI,SI,SI,SI,NO,NO,SI
10132905129,AH083YJ,2026-06-15,6,SI,SI,SI,SI,SI,NO,NO,SI
10232896548,AB882FZ,2026-06-15,4,NO,SI,NO,SI,SI,NO,NO,SI
10232893609,AH647FY,2026-06-15,6,SI,SI,SI,SI,SI,NO,NO,SI
10132904464,ESE534,2026-06-15,4,NO,NO,SI,SI,SI,NO,NO,SI
10232897366,AE318UK,2026-06-15,5,SI,NO,SI,SI,SI,NO,NO,SI
10132898554,AG803AO,2026-06-15,7,SI,SI,SI,SI,SI,NO,SI,SI
10232885205,AD949EU,2026-06-15,6,SI,SI,SI,SI,SI,NO,NO,SI
10232896841,AE571CH,2026-06-15,6,SI,SI,SI,SI,SI,NO,NO,SI
10232897883,HPC216,2026-06-15,6,SI,SI,SI,SI,SI,NO,NO,SI
10232902225,AH534ZS,2026-06-15,6,SI,SI,SI,SI,SI,NO,NO,SI
10232905717,WOZ458,2026-06-15,5,SI,NO,SI,SI,SI,NO,NO,SI
10232897725,GDN450,2026-06-15,5,SI,SI,NO,SI,SI,NO,NO,SI
10232905937,AB027WT,2026-06-15,6,SI,SI,SI,SI,SI,NO,NO,SI
10232905928,AA640AB,2026-06-15,6,SI,SI,SI,SI,SI,NO,NO,SI
10232905945,AA640AA,2026-06-15,6,SI,SI,SI,SI,SI,NO,NO,SI
10232905518,SKR611,2026-06-15,6,SI,SI,SI,SI,SI,NO,NO,SI
10232891879,FTM418,2026-06-15,6,SI,SI,SI,SI,SI,NO,NO,SI
10232886171,OIO493,2026-06-15,6,SI,SI,SI,SI,SI,NO,NO,SI
10232896510,LZH220,2026-06-15,6,SI,SI,SI,SI,SI,NO,NO,SI
10232894123,NQB363,2026-06-15,7,SI,SI,SI,SI,SI,NO,SI,SI
10232894888,AF770MG,2026-06-15,6,SI,SI,SI,SI,SI,NO,NO,SI
10232900138,PJZ803,2026-06-15,6,SI,SI,SI,SI,SI,NO,NO,SI
10232890968,MDE377,2026-06-15,7,SI,SI,SI,SI,SI,NO,SI,SI
10232891616,AB454FM,2026-06-15,7,SI,SI,SI,SI,SI,NO,SI,SI
10232897335,EPW149,2026-06-15,5,SI,SI,NO,SI,SI,NO,NO,SI
10132907122,AE118AR,2026-06-15,7,SI,SI,SI,SI,SI,NO,SI,SI
10232894681,OIO497,2026-06-15,5,SI,NO,SI,SI,SI,NO,NO,SI
10132905183,AC058ZY,2026-06-15,4,NO,NO,SI,SI,SI,NO,NO,SI
10232888729,ADY573,2026-06-15,4,NO,NO,SI,SI,NO,NO,SI,SI
10232907062,AH578IJ,2026-06-15,7,SI,SI,SI,SI,SI,NO,SI,SI
10132907036,AB263TH,2026-06-15,6,SI,SI,SI,SI,SI,NO,NO,SI
10132907007,AB263UD,2026-06-15,4,NO,NO,SI,SI,SI,NO,SI,NO
10232899366,AA771EY,2026-06-15,0,NO,NO,NO,NO,NO,NO,NO,NO
10232908454,HME741,2026-06-15,7,SI,SI,SI,SI,SI,NO,SI,SI
10232896472,NSW355,2026-06-15,6,SI,SI,SI,SI,SI,NO,NO,SI
10132902036,AI235OJ,2026-06-15,6,SI,SI,SI,SI,SI,NO,NO,SI
10232898998,URK641,2026-06-15,6,SI,SI,SI,SI,SI,NO,NO,SI
10132906854,AA447PH,2026-06-15,6,SI,SI,SI,SI,SI,NO,NO,SI
10132905912,AE800LD,2026-06-15,6,SI,SI,SI,SI,SI,NO,NO,SI
10232898233,AA910KY,2026-06-15,5,SI,SI,NO,SI,SI,NO,NO,SI
10132907432,NYL312,2026-06-15,6,SI,SI,SI,SI,SI,NO,NO,SI
10232895520,HXZ795,2026-06-15,6,SI,SI,SI,SI,SI,NO,NO,SI
10132906659,AH066YH,2026-06-15,6,SI,SI,SI,SI,SI,NO,NO,SI
10132904470,LHD326,2026-06-15,6,SI,SI,SI,SI,SI,NO,NO,SI
10232891445,OSX626,2026-06-15,6,SI,SI,SI,SI,SI,NO,NO,SI
10232895366,AB650ZP,2026-06-15,6,SI,SI,SI,SI,SI,NO,NO,SI
10132906695,AC760YR,2026-06-15,6,SI,SI,SI,SI,SI,NO,NO,SI
10132907047,AD451YT,2026-06-15,6,SI,SI,SI,SI,SI,NO,NO,SI
10232895426,AF762WX,2026-06-15,6,SI,SI,SI,SI,SI,NO,NO,SI
10132906716,LRT697,2026-06-15,6,SI,SI,SI,SI,SI,NO,NO,SI
10132905418,AE267MS,2026-06-15,6,SI,SI,SI,SI,SI,NO,NO,SI
10232894633,GJH085,2026-06-15,4,SI,NO,SI,SI,NO,NO,NO,SI
10232900407,EEK758,2026-06-15,5,SI,SI,SI,SI,SI,NO,NO,NO
10132890970,AB993MU,2026-06-15,6,SI,SI,SI,SI,SI,NO,NO,SI
10232900133,EJY467,2026-06-15,7,SI,SI,SI,SI,SI,NO,SI,SI
10132909187,AB772SI,2026-06-15,1,NO,NO,SI,NO,NO,NO,NO,NO
10232898079,SLH574,2026-06-15,6,SI,SI,SI,SI,SI,NO,NO,SI
10232902268,AG498XZ,2026-06-15,7,SI,SI,SI,SI,SI,NO,SI,SI
10232902289,AG225GP,2026-06-15,6,SI,SI,NO,SI,SI,NO,SI,SI
10232890412,AH452MF,2026-06-15,7,SI,SI,SI,SI,SI,NO,SI,SI
10132905702,HMM228,2026-06-15,5,SI,NO,SI,SI,SI,NO,NO,SI
10132909193,AH415RB,2026-06-15,6,SI,SI,SI,SI,SI,NO,NO,SI
10132903107,DDY612,2026-06-15,4,SI,NO,NO,SI,SI,NO,NO,SI
10132903051,ONK662,2026-06-15,7,SI,SI,SI,SI,SI,NO,SI,SI
10232902283,AE054NS,2026-06-15,6,SI,SI,SI,SI,SI,NO,NO,SI
10232887111,GMC656,2026-06-15,4,SI,NO,SI,NO,SI,NO,NO,SI
10132902887,UGC768,2026-06-15,6,SI,SI,SI,SI,SI,NO,NO,SI
10132905201,GHU383,2026-06-15,6,SI,SI,SI,SI,SI,NO,NO,SI
10232900152,LYG430,2026-06-15,6,SI,SI,SI,SI,SI,NO,NO,SI
10132902846,AH960RM,2026-06-15,6,SI,SI,SI,SI,SI,NO,NO,SI
10132905494,GQV141,2026-06-15,7,SI,SI,SI,SI,SI,NO,SI,SI
10232907474,HRU890,2026-06-15,7,SI,SI,SI,SI,SI,NO,SI,SI
10232907495,AA077LB,2026-06-15,6,SI,SI,SI,SI,SI,NO,NO,SI
10232897221,HCC955,2026-06-15,4,SI,SI,NO,SI,NO,NO,NO,SI
10232894719,OJE913,2026-06-15,6,SI,SI,SI,SI,SI,NO,NO,SI
10232908308,IAK661,2026-06-15,6,SI,SI,SI,SI,SI,NO,NO,SI
10232898215,FPG385,2026-06-15,6,SI,SI,SI,SI,SI,NO,NO,SI
10132908905,GKA246,2026-06-15,6,SI,SI,SI,SI,SI,NO,NO,SI
10132908840,GZT789,2026-06-15,6,SI,SI,SI,SI,SI,NO,NO,SI
10132904460,BEA279,2026-06-15,5,SI,SI,SI,SI,SI,NO,NO,NO
10232900600,BBA919,2026-06-15,4,SI,NO,SI,NO,SI,NO,NO,SI
10132904458,GOI440,2026-06-15,5,SI,NO,SI,SI,SI,NO,NO,SI
10232909023,AF601OH,2026-06-15,6,SI,SI,SI,SI,SI,NO,NO,SI
10232907688,AA253OC,2026-06-15,2,NO,NO,SI,NO,NO,NO,NO,SI
10232908240,AD899SA,2026-06-15,7,SI,SI,SI,SI,SI,NO,SI,SI
10232895126,OIO496,2026-06-15,5,SI,SI,NO,SI,SI,NO,NO,SI
10132904507,THO246,2026-06-15,5,SI,SI,NO,SI,SI,NO,NO,SI
10132891226,EAO898,2026-06-15,6,SI,SI,SI,SI,SI,NO,NO,SI
10132905804,AF220PT,2026-06-15,5,SI,SI,SI,SI,SI,NO,NO,NO
10232894901,AH067SR,2026-06-15,6,SI,SI,SI,SI,SI,NO,NO,SI
10132902007,NAY798,2026-06-15,7,SI,SI,SI,SI,SI,NO,SI,SI
10132907041,AI080BF,2026-06-15,6,SI,SI,SI,SI,SI,NO,NO,SI
10132902271,HWJ904,2026-06-15,7,SI,SI,SI,SI,SI,SI,NO,SI
10232898731,AD047QM,2026-06-15,6,SI,SI,SI,SI,SI,NO,NO,SI
10232907504,XJG563,2026-06-15,6,SI,SI,SI,SI,SI,NO,NO,SI
10132911281,LBF848,2026-06-15,7,SI,SI,SI,SI,SI,SI,NO,SI
10132906187,NLY092,2026-06-15,6,SI,SI,SI,SI,SI,NO,NO,SI
10132907435,KLZ652,2026-06-15,5,SI,SI,SI,NO,SI,NO,NO,SI
10132909113,AE557UT,2026-06-15,6,SI,SI,SI,SI,SI,NO,NO,SI
10132907431,KLQ168,2026-06-15,6,SI,SI,SI,SI,SI,NO,NO,SI
10232888505,UNS598,2026-06-15,6,SI,SI,SI,SI,SI,NO,NO,SI
10232898408,MRE212,2026-06-15,4,NO,SI,NO,SI,SI,NO,NO,SI
10132905820,HOA547,2026-06-15,3,SI,SI,SI,NO,NO,NO,NO,NO
10132909426,FAG523,2026-06-15,7,SI,SI,SI,SI,SI,SI,NO,SI
10132902310,AH200UQ,2026-06-15,6,SI,SI,NO,SI,SI,SI,NO,SI
10132902760,AE323ZB,2026-06-15,6,SI,SI,SI,SI,SI,NO,NO,SI
10232893082,UGG492,2026-06-15,6,SI,SI,SI,SI,SI,NO,NO,SI
10132907582,AB168HB,2026-06-15,6,SI,SI,SI,SI,SI,NO,NO,SI
10132907822,AB362FV,2026-06-15,6,SI,SI,SI,SI,SI,NO,NO,SI
10132902806,KAA517,2026-06-15,5,SI,NO,SI,SI,SI,NO,NO,SI
10232892432,LNP719,2026-06-15,6,SI,SI,SI,SI,SI,NO,NO,SI
10132909370,MAG255,2026-06-15,3,SI,SI,NO,NO,NO,SI,NO,NO
10232893157,AG814XJ,2026-06-15,6,SI,SI,SI,SI,SI,NO,NO,SI
10232896888,JAG462,2026-06-15,2,NO,NO,NO,NO,SI,NO,NO,SI
10132905780,AE522GV,2026-06-15,6,SI,SI,SI,SI,SI,NO,NO,SI
10132893544,AD606NM,2026-06-15,6,SI,NO,SI,SI,SI,SI,NO,SI
10232899907,AF107WH,2026-06-15,6,SI,SI,SI,SI,SI,NO,NO,SI
10132908342,GKL951,2026-06-15,6,SI,SI,SI,SI,SI,NO,NO,SI
10132908690,KZV637,2026-06-15,6,SI,SI,SI,SI,SI,NO,NO,SI
10132904228,AH812OM,2026-06-15,6,SI,SI,SI,SI,SI,NO,NO,SI
10132908276,FGX032,2026-06-15,4,NO,SI,SI,SI,NO,NO,NO,SI
10132909345,UFH468,2026-06-15,6,SI,SI,SI,SI,SI,NO,NO,SI
10132913037,AB695JY,2026-06-15,6,SI,SI,SI,SI,SI,NO,NO,SI
10232899857,AC615UY,2026-06-15,6,SI,SI,SI,SI,SI,NO,NO,SI
10132903756,AE600DX,2026-06-16,6,SI,SI,SI,SI,SI,SI,NO,NO
10132909176,AH051LQ,2026-06-16,7,SI,SI,SI,SI,SI,SI,NO,SI
10132909910,AH732IF,2026-06-16,6,SI,SI,SI,SI,SI,NO,NO,SI
10232909789,AI024TO,2026-06-16,6,SI,SI,SI,SI,SI,NO,NO,SI
10132908323,GTF852,2026-06-16,7,SI,SI,SI,SI,SI,SI,NO,SI
10132909981,AG956DY,2026-06-16,7,SI,SI,SI,SI,SI,SI,NO,SI
10232903803,OHL593,2026-06-16,7,SI,SI,SI,SI,SI,SI,NO,SI
10132909108,AF711DG,2026-06-16,6,SI,SI,SI,SI,SI,NO,NO,SI
10232912136,AE785CS,2026-06-16,6,SI,SI,SI,SI,SI,NO,NO,SI
10232898673,EQK925,2026-06-16,7,SI,SI,SI,SI,SI,SI,NO,SI
10132910960,IEO269,2026-06-16,6,SI,SI,SI,SI,SI,NO,NO,SI
10132909051,AD548IU,2026-06-16,6,SI,SI,SI,SI,SI,NO,NO,SI
10132909794,AD988YU,2026-06-16,6,SI,NO,SI,SI,SI,NO,SI,SI
10232898472,AB085UB,2026-06-16,4,NO,SI,SI,NO,SI,NO,NO,SI
10132911154,AI174XD,2026-06-16,6,SI,SI,SI,SI,SI,NO,NO,SI
10132907904,AH252CC,2026-06-16,6,SI,SI,SI,SI,SI,NO,NO,SI
10132907661,AC071XH,2026-06-16,6,SI,SI,SI,SI,SI,NO,NO,SI
10232903871,AI164PM,2026-06-16,7,SI,SI,SI,SI,SI,SI,NO,SI
10132901100,AD788LW,2026-06-16,6,SI,SI,SI,SI,SI,NO,NO,SI
10132885552,DLH015,2026-06-16,6,SI,SI,SI,SI,SI,NO,NO,SI
10132909415,AE368XN,2026-06-16,4,SI,NO,SI,SI,NO,SI,NO,NO
10132909198,AF970QH,2026-06-16,4,SI,NO,SI,SI,SI,NO,NO,NO
10232912228,AE757VF,2026-06-16,6,SI,SI,SI,SI,SI,NO,NO,SI
10132904324,EYL658,2026-06-16,6,SI,SI,SI,SI,SI,NO,NO,SI
10132904337,KIQ442,2026-06-16,1,NO,NO,NO,NO,NO,NO,NO,SI
10232900591,AG991NM,2026-06-16,6,SI,SI,SI,SI,SI,NO,NO,SI
10132907914,NVF668,2026-06-16,6,SI,SI,SI,SI,SI,NO,NO,SI
10132908893,TGB882,2026-06-16,5,NO,SI,SI,SI,SI,NO,NO,SI
10132906877,MKF826,2026-06-16,5,SI,SI,SI,SI,SI,NO,NO,NO
10132909237,OKQ612,2026-06-16,3,SI,SI,SI,NO,NO,NO,NO,NO
10232900241,MSG564,2026-06-16,5,SI,SI,SI,NO,SI,NO,NO,SI
10132904516,HRK498,2026-06-16,6,NO,SI,SI,SI,SI,SI,NO,SI
10132902901,HPG306,2026-06-16,6,SI,SI,SI,SI,SI,NO,NO,SI
10232909389,CGK036,2026-06-16,6,SI,SI,SI,SI,SI,NO,NO,SI
10232909142,AD929RY,2026-06-16,6,SI,SI,SI,SI,SI,NO,NO,SI
10132909127,LNP471,2026-06-16,5,SI,NO,SI,SI,SI,NO,NO,SI
10132909812,HMK883,2026-06-16,7,SI,SI,SI,SI,SI,SI,NO,SI
10132909865,JSX861,2026-06-16,6,SI,SI,SI,SI,SI,NO,NO,SI
10232892230,FMH201,2026-06-16,4,NO,SI,NO,SI,SI,NO,NO,SI
10132902941,FCW452,2026-06-16,0,NO,NO,NO,NO,NO,NO,NO,NO
10232904115,AH284XO,2026-06-16,7,SI,SI,SI,SI,SI,SI,NO,SI
10232893476,KYH150,2026-06-16,6,SI,SI,SI,SI,SI,NO,NO,SI
10132912137,NCG137,2026-06-16,4,NO,NO,SI,SI,SI,NO,NO,SI
10232908987,AI190VD,2026-06-16,4,NO,SI,NO,SI,SI,NO,NO,SI
10132910375,AH193FZ,2026-06-16,7,SI,SI,SI,SI,SI,SI,NO,SI
10232913033,AE283OG,2026-06-16,5,NO,SI,SI,SI,SI,NO,NO,SI
10132911308,AH190WG,2026-06-16,6,SI,SI,SI,SI,SI,NO,NO,SI
10232897326,AI241ST,2026-06-16,6,SI,SI,SI,SI,SI,NO,NO,SI
10132909830,AH753YG,2026-06-16,6,SI,SI,SI,SI,SI,NO,NO,SI
10132908449,HUE444,2026-06-16,6,SI,SI,SI,SI,SI,NO,NO,SI
10232912996,AE227IA,2026-06-16,7,SI,SI,SI,SI,SI,SI,NO,SI
10232903797,ITX394,2026-06-16,6,SI,SI,SI,SI,SI,NO,NO,SI
10132910377,FUO473,2026-06-16,7,SI,SI,SI,SI,SI,SI,NO,SI
10132912552,NNB011,2026-06-16,6,SI,SI,SI,SI,SI,NO,NO,SI
10132909200,AE930BL,2026-06-16,6,SI,SI,SI,SI,SI,NO,NO,SI
10132912536,TRF770,2026-06-16,6,SI,SI,NO,SI,SI,SI,NO,SI
10132911140,OXU110,2026-06-16,5,SI,SI,NO,SI,SI,NO,NO,SI
10132911954,AC352MO,2026-06-16,5,NO,SI,SI,SI,SI,NO,NO,SI
10232902355,NSF168,2026-06-16,3,NO,NO,SI,NO,SI,NO,NO,SI
10132912207,CUS008,2026-06-16,6,SI,SI,SI,SI,SI,NO,NO,SI
10132914643,AC116HY,2026-06-16,5,NO,SI,SI,SI,SI,NO,NO,SI
10232901890,LVP919,2026-06-16,6,SI,NO,SI,SI,SI,SI,NO,SI
10132908526,AB232DQ,2026-06-16,6,SI,SI,SI,SI,SI,NO,NO,SI
10132908600,AXE557,2026-06-16,7,SI,SI,SI,SI,SI,SI,NO,SI
10232903726,AI168AJ,2026-06-16,6,SI,SI,SI,SI,SI,NO,NO,SI
10232909633,NEY332,2026-06-16,6,SI,SI,SI,SI,SI,NO,NO,SI
10132913009,AF285MF,2026-06-16,5,SI,SI,NO,SI,SI,NO,NO,SI
10132910834,AA914SG,2026-06-16,6,SI,SI,SI,SI,SI,NO,NO,SI
10132914354,GJI054,2026-06-16,4,NO,NO,SI,SI,SI,NO,NO,SI
10132910871,AI116CH,2026-06-16,6,SI,SI,SI,SI,SI,NO,NO,SI
10132910903,AD591JW,2026-06-16,6,SI,SI,SI,SI,SI,NO,NO,SI
10232904180,FMI477,2026-06-16,4,NO,NO,NO,SI,SI,SI,NO,SI
10132907138,AD602RB,2026-06-16,6,SI,SI,SI,SI,SI,NO,NO,SI
10132909305,IQO279,2026-06-16,3,NO,SI,SI,NO,NO,NO,NO,SI
10132909278,CDV099,2026-06-16,6,SI,SI,SI,SI,SI,NO,NO,SI
10132909841,PNG027,2026-06-16,6,SI,SI,SI,SI,SI,NO,NO,SI
10132901196,AF771DS,2026-06-16,6,SI,SI,SI,SI,SI,NO,NO,SI
10132913277,AE207KB,2026-06-16,5,SI,NO,SI,SI,SI,NO,NO,SI
10132908364,AC359QR,2026-06-16,5,NO,SI,SI,SI,SI,NO,NO,SI
10132908461,AC548HS,2026-06-16,6,SI,SI,SI,SI,SI,NO,NO,SI
10132911096,MPK238,2026-06-16,4,NO,NO,SI,SI,SI,NO,NO,SI
10132910460,HRB288,2026-06-16,6,NO,SI,SI,SI,SI,NO,SI,SI
10132911247,GRT578,2026-06-16,4,NO,NO,SI,SI,SI,NO,NO,SI
10132914236,AZQ094,2026-06-16,4,NO,SI,SI,NO,SI,NO,NO,SI
10132914163,GRF917,2026-06-16,6,SI,SI,SI,SI,SI,NO,NO,SI
10232896219,JGJ816,2026-06-16,6,SI,SI,SI,SI,SI,NO,NO,SI
10132906774,AC900XO,2026-06-16,4,NO,NO,SI,SI,SI,NO,NO,SI
10132914600,AB860PE,2026-06-16,5,SI,NO,SI,SI,SI,NO,NO,SI
10232909729,KBP697,2026-06-16,5,NO,SI,SI,SI,SI,NO,NO,SI
10132906787,AE192OX,2026-06-16,6,SI,SI,SI,SI,SI,NO,NO,SI
10232908698,AF482ER,2026-06-16,6,SI,SI,SI,SI,SI,NO,NO,SI
10132905538,EOA502,2026-06-16,5,NO,SI,SI,SI,SI,NO,NO,SI
10232910039,KLT797,2026-06-16,5,NO,SI,SI,SI,SI,NO,NO,SI
10132908618,ERN622,2026-06-16,6,SI,SI,SI,SI,SI,NO,NO,SI
10232903752,AH667VS,2026-06-16,6,SI,SI,SI,SI,SI,NO,NO,SI
10132905578,HPU195,2026-06-16,7,SI,SI,SI,SI,SI,NO,SI,SI
10132905590,AH508YH,2026-06-16,6,SI,SI,SI,SI,SI,NO,NO,SI
10132912693,AE267MS,2026-06-16,6,SI,SI,SI,SI,SI,NO,NO,SI
10232902248,AH050CZ,2026-06-16,6,SI,SI,SI,SI,SI,NO,NO,SI
10132906795,AE855UA,2026-06-16,6,SI,SI,SI,SI,SI,NO,NO,SI
10232912095,AF037MC,2026-06-16,6,SI,SI,SI,SI,SI,NO,NO,SI
10232897884,SRJ295,2026-06-16,6,SI,SI,NO,SI,SI,NO,SI,SI
10132909502,AE915UF,2026-06-16,6,SI,SI,SI,SI,SI,NO,NO,SI
10132915262,ECF042,2026-06-16,5,NO,SI,SI,SI,SI,NO,NO,SI
10232903540,OOO165,2026-06-16,6,SI,SI,SI,SI,SI,NO,NO,SI
10132909754,AB644OA,2026-06-16,6,SI,SI,SI,SI,SI,NO,NO,SI
10232902077,PFF344,2026-06-16,5,SI,SI,NO,SI,SI,NO,NO,SI
10232900022,FRM531,2026-06-16,6,SI,SI,SI,SI,SI,NO,NO,SI
10232903841,AD889PD,2026-06-16,6,SI,SI,SI,SI,SI,NO,NO,SI
10132906334,TOA846,2026-06-16,7,SI,SI,SI,SI,SI,NO,SI,SI
10132909747,HLY923,2026-06-16,7,SI,SI,SI,SI,SI,NO,SI,SI
10232908581,AG223TK,2026-06-16,6,SI,SI,SI,SI,SI,NO,NO,SI
10132905539,HFL093,2026-06-16,6,SI,SI,SI,SI,SI,NO,NO,SI
10132906926,AF868VQ,2026-06-16,6,SI,SI,SI,SI,SI,NO,NO,SI
10132911488,FHI577,2026-06-16,6,SI,SI,SI,SI,SI,NO,NO,SI
10232904213,FSN805,2026-06-16,6,SI,SI,SI,SI,SI,NO,NO,SI
10132910019,AI047VP,2026-06-16,6,SI,SI,SI,SI,SI,NO,NO,SI
10232903863,KIF353,2026-06-16,6,SI,SI,SI,SI,SI,NO,NO,SI
10232903695,AH667VT,2026-06-16,6,SI,SI,SI,SI,SI,NO,NO,SI
10132905167,ENI035,2026-06-16,6,SI,SI,SI,SI,SI,NO,NO,SI
10132912822,AG119UN,2026-06-16,6,SI,SI,SI,SI,SI,NO,NO,SI
10232897047,RTE196,2026-06-16,6,SI,SI,SI,SI,SI,NO,NO,SI
10232917026,AE031UQ,2026-06-16,6,SI,SI,SI,SI,SI,NO,NO,SI
10232903885,LWQ208,2026-06-16,5,SI,SI,NO,SI,SI,NO,NO,SI
10132916788,AD208IR,2026-06-16,7,SI,SI,SI,SI,SI,NO,SI,SI
10232919594,AE920PB,2026-06-16,6,SI,SI,SI,SI,SI,NO,NO,SI
10232922061,DBW827,2026-06-16,6,SI,SI,SI,SI,SI,NO,NO,SI
10232921863,HTP992,2026-06-16,6,SI,SI,SI,SI,SI,NO,NO,SI
10132917953,AA234PO,2026-06-16,6,SI,SI,SI,SI,SI,NO,NO,SI
10232920028,AG150KF,2026-06-16,7,SI,SI,SI,SI,SI,NO,SI,SI
10232918010,AF532RC,2026-06-16,5,SI,NO,SI,SI,SI,NO,NO,SI
10232918428,PGR058,2026-06-16,6,SI,SI,SI,SI,SI,NO,NO,SI
10232909565,AB214HQ,2026-06-16,6,SI,SI,SI,SI,SI,NO,NO,SI
10232911871,AH929KW,2026-06-16,7,SI,SI,SI,SI,SI,NO,SI,SI
10232919890,FCC508,2026-06-16,6,SI,SI,SI,SI,SI,NO,NO,SI
10232919076,NMJ745,2026-06-16,6,SI,SI,SI,SI,SI,NO,NO,SI
10132912958,AE041NE,2026-06-16,6,SI,SI,SI,SI,SI,NO,NO,SI
10232907868,NXS902,2026-06-16,7,SI,SI,SI,SI,SI,NO,SI,SI
10132912908,AE690LT,2026-06-16,6,SI,SI,SI,SI,SI,NO,NO,SI
10232916383,JKS063,2026-06-16,6,SI,SI,SI,SI,SI,NO,NO,SI
10232919758,KAY840,2026-06-16,6,SI,SI,SI,SI,SI,NO,NO,SI
10232919074,NFJ540,2026-06-16,5,SI,NO,SI,SI,SI,NO,NO,SI
10132920000,AE886SA,2026-06-16,6,SI,SI,SI,SI,SI,NO,NO,SI
10132919960,HRH096,2026-06-16,5,SI,NO,SI,SI,SI,NO,NO,SI
10132916846,AE151CH,2026-06-16,6,SI,SI,SI,SI,SI,NO,NO,SI
10132911441,FNX686,2026-06-16,5,SI,SI,NO,SI,SI,NO,NO,SI
10232919072,OMA837,2026-06-16,6,SI,SI,SI,SI,SI,NO,NO,SI
10232920756,AF206RV,2026-06-16,5,SI,SI,NO,SI,SI,NO,NO,SI
10232919280,MGG557,2026-06-16,6,SI,SI,SI,SI,SI,NO,NO,SI
10232909937,AHN389,2026-06-16,7,SI,SI,SI,SI,SI,NO,SI,SI
10132919545,AE800LD,2026-06-16,6,SI,SI,SI,SI,SI,NO,NO,SI
10232921518,AH286ZX,2026-06-16,7,SI,SI,SI,SI,SI,NO,SI,SI
10232920838,HSG960,2026-06-16,6,SI,SI,SI,SI,SI,NO,NO,SI
10132922266,AE422TI,2026-06-16,6,SI,SI,SI,SI,SI,NO,NO,SI
10132909988,AF854NW,2026-06-16,6,SI,SI,SI,SI,SI,NO,NO,SI
10132917645,DRQ477,2026-06-16,2,NO,NO,SI,NO,NO,NO,NO,SI
10132909965,AB673FP,2026-06-16,6,SI,SI,SI,SI,SI,NO,NO,SI
10232922368,APS971,2026-06-16,5,SI,SI,SI,SI,SI,NO,NO,NO
10132906893,AF163TB,2026-06-16,6,SI,SI,SI,SI,SI,NO,NO,SI
10132905571,EGM881,2026-06-16,6,SI,SI,SI,SI,SI,NO,NO,SI
10132914967,AH288FC,2026-06-16,6,SI,SI,SI,SI,SI,NO,NO,SI
10132906297,OXE189,2026-06-16,6,SI,SI,SI,SI,SI,NO,NO,SI
10132920836,FOY194,2026-06-16,5,SI,SI,SI,SI,SI,NO,NO,NO
10232917281,RXK556,2026-06-16,5,NO,SI,SI,SI,SI,NO,NO,SI
10132913810,AG253BD,2026-06-16,6,SI,SI,SI,SI,SI,NO,NO,SI
10232926625,AC961QI,2026-06-16,6,SI,SI,SI,SI,SI,NO,NO,SI
10232921042,IQT544,2026-06-16,5,SI,NO,SI,SI,SI,NO,NO,SI
10132910501,FDA528,2026-06-16,4,SI,NO,NO,SI,SI,NO,NO,SI
10232919065,HXZ795,2026-06-16,6,SI,SI,SI,SI,SI,NO,NO,SI
10232927501,OKR969,2026-06-16,6,SI,SI,SI,SI,SI,NO,NO,SI
10232928159,ELD909,2026-06-16,7,SI,SI,SI,SI,SI,NO,SI,SI
10232922726,AE219QB,2026-06-16,5,SI,SI,SI,SI,NO,NO,NO,SI
10232921104,AB922UY,2026-06-16,5,SI,NO,SI,SI,SI,NO,NO,SI
10232923425,AE031UK,2026-06-16,6,SI,SI,SI,SI,SI,NO,NO,SI
10232910044,KDV347,2026-06-16,6,SI,SI,SI,SI,SI,NO,NO,SI
10232923067,EVX114,2026-06-16,5,SI,SI,NO,SI,SI,NO,NO,SI
10232923924,LRZ415,2026-06-16,5,SI,NO,SI,SI,SI,NO,NO,SI
10132916817,AC293WB,2026-06-16,6,SI,SI,SI,SI,SI,NO,NO,SI
10232911249,AD185ZE,2026-06-16,6,SI,SI,SI,SI,SI,NO,NO,SI
10232924360,NIH200,2026-06-16,5,SI,NO,SI,SI,SI,NO,NO,SI
10232928587,AH928SF,2026-06-16,6,SI,SI,SI,SI,SI,NO,NO,SI
10232898754,AI287EJ,2026-06-16,6,SI,SI,SI,SI,SI,NO,NO,SI
10132909089,NOE923,2026-06-16,6,SI,SI,SI,SI,SI,NO,NO,SI
10132910583,IVM424,2026-06-16,6,SI,SI,SI,SI,SI,NO,NO,SI
10132922585,AVH329,2026-06-16,5,SI,SI,SI,SI,SI,NO,NO,NO
10232919503,EGY260,2026-06-16,6,SI,SI,SI,SI,SI,NO,NO,SI
10132908744,AA356PT,2026-06-16,5,SI,NO,SI,SI,SI,NO,NO,SI
10232918362,FTM403,2026-06-16,5,SI,NO,SI,SI,SI,NO,NO,SI
10132914723,AC572HV,2026-06-16,6,SI,SI,SI,SI,SI,NO,NO,SI
10232908729,LMK253,2026-06-16,6,SI,SI,SI,SI,SI,NO,NO,SI
10132910099,AB578UM,2026-06-16,4,SI,SI,SI,NO,NO,NO,NO,SI
10132913678,NPM286,2026-06-16,6,SI,SI,SI,SI,SI,NO,NO,SI
10232923870,OFS144,2026-06-16,6,SI,SI,SI,SI,SI,NO,NO,SI
10132923363,FKU586,2026-06-16,6,SI,SI,SI,SI,SI,NO,NO,SI
10132913705,AD826MZ,2026-06-16,6,SI,SI,SI,SI,SI,NO,NO,SI
10232918874,PBI487,2026-06-16,6,SI,SI,SI,SI,SI,NO,NO,SI
10232924933,EHQ828,2026-06-16,4,SI,SI,SI,SI,NO,NO,NO,NO
10232930687,HRB560,2026-06-16,6,SI,SI,SI,SI,SI,NO,NO,SI
10232925758,OUD963,2026-06-16,5,SI,SI,SI,SI,SI,NO,NO,NO
10232921143,AC984QM,2026-06-16,5,SI,NO,SI,SI,SI,NO,NO,SI
10232918245,AH787ST,2026-06-16,6,SI,SI,NO,SI,SI,SI,NO,SI
10132916932,FLD024,2026-06-16,3,SI,NO,SI,NO,NO,NO,NO,SI
10232925883,URT425,2026-06-16,6,SI,SI,SI,SI,SI,NO,NO,SI
10232926516,SGB924,2026-06-16,6,NO,SI,SI,SI,SI,NO,SI,SI
10232928784,DJM880,2026-06-16,5,NO,SI,NO,SI,SI,SI,NO,SI
10232917440,AF238RH,2026-06-16,6,SI,SI,SI,SI,SI,NO,NO,SI
10232903616,AC301DO,2026-06-16,5,SI,NO,SI,SI,SI,NO,NO,SI
10232930003,AG748PK,2026-06-16,6,SI,SI,SI,SI,SI,NO,NO,SI
10132913093,DFW813,2026-06-16,4,NO,SI,NO,SI,SI,NO,NO,SI
10132936064,LBF848,2026-06-16,6,NO,SI,SI,SI,SI,SI,NO,SI
10232929751,AB553UA,2026-06-16,1,NO,NO,SI,NO,NO,NO,NO,NO
10232937485,FEW812,2026-06-16,5,SI,SI,SI,NO,SI,NO,NO,SI
10132919752,KBA970,2026-06-16,5,NO,SI,SI,SI,SI,NO,NO,SI
10232931375,OLO698,2026-06-16,1,NO,NO,NO,NO,NO,NO,NO,SI
10132929656,AI080UE,2026-06-16,7,SI,SI,SI,SI,SI,SI,NO,SI
10232927849,AE915XB,2026-06-16,6,SI,SI,SI,SI,SI,NO,NO,SI
10232918707,AG637UN,2026-06-16,6,SI,SI,SI,SI,SI,NO,NO,SI
10132931247,AG761RR,2026-06-16,6,SI,SI,SI,SI,SI,NO,NO,SI
10232934563,JYN181,2026-06-16,7,SI,SI,SI,SI,SI,SI,NO,SI
10232930667,JPK171,2026-06-16,7,SI,SI,SI,SI,SI,SI,NO,SI
10132928268,AH808JK,2026-06-17,6,SI,SI,SI,SI,SI,NO,NO,SI
10132909260,FFK845,2026-06-17,6,SI,SI,SI,SI,SI,NO,NO,SI
10132911380,AE675SA,2026-06-17,7,SI,SI,SI,SI,SI,SI,NO,SI
10232933697,AE320MB,2026-06-17,4,SI,SI,NO,SI,NO,NO,NO,SI
10132907026,AH177UC,2026-06-17,6,SI,SI,SI,SI,SI,NO,NO,SI
10232917215,LXM401,2026-06-17,6,SI,SI,SI,SI,SI,NO,NO,SI
10232930874,EMP997,2026-06-17,6,SI,SI,SI,SI,SI,NO,NO,SI
10132923434,AE879OO,2026-06-17,4,NO,SI,SI,SI,SI,NO,NO,NO
10132913753,AA719GV,2026-06-17,0,NO,NO,NO,NO,NO,NO,NO,NO
10132933995,NGY643,2026-06-17,6,SI,SI,SI,SI,SI,NO,NO,SI
10132906917,AG657NH,2026-06-17,6,SI,SI,SI,SI,SI,NO,NO,SI
10132927780,NML089,2026-06-17,5,SI,NO,SI,SI,SI,NO,NO,SI
10232933699,HRQ239,2026-06-17,7,SI,SI,SI,SI,SI,SI,NO,SI
10132927240,NHZ913,2026-06-17,6,SI,SI,SI,SI,SI,NO,NO,SI
10132920288,AF038RC,2026-06-17,0,NO,NO,NO,NO,NO,NO,NO,NO
10232918747,AB552CU,2026-06-17,5,NO,SI,SI,SI,SI,NO,NO,SI
10232930460,AH552YJ,2026-06-17,6,SI,SI,SI,SI,SI,NO,NO,SI
10132918088,MCV293,2026-06-17,6,SI,SI,SI,SI,SI,NO,NO,SI
10232915850,AC827ME,2026-06-17,6,SI,SI,NO,SI,SI,SI,NO,SI
10232915913,LRF685,2026-06-17,5,NO,SI,SI,SI,SI,NO,NO,SI
10232920429,AF324EC,2026-06-17,5,SI,NO,SI,SI,SI,NO,NO,SI
10232915886,OJP930,2026-06-17,1,NO,NO,SI,NO,NO,NO,NO,NO
10232932004,MJG753,2026-06-17,2,NO,NO,SI,NO,NO,NO,NO,SI
10132936046,JKG753,2026-06-17,5,NO,SI,SI,SI,SI,NO,NO,SI
10132926440,MUV034,2026-06-17,6,SI,SI,SI,SI,SI,NO,NO,SI
10132936947,DUB140,2026-06-17,4,NO,NO,SI,SI,SI,NO,NO,SI
10132927726,AH252CC,2026-06-17,5,SI,SI,NO,SI,SI,NO,NO,SI
10132913934,MNG665,2026-06-17,7,SI,SI,SI,SI,SI,SI,NO,SI
10132912916,GAR782,2026-06-17,6,SI,SI,SI,SI,SI,NO,NO,SI
10132913681,MGM119,2026-06-17,6,SI,SI,SI,SI,SI,NO,NO,SI
10132923004,LCT764,2026-06-17,5,NO,SI,SI,SI,SI,NO,NO,SI
10232917922,AA417JN,2026-06-17,4,NO,SI,SI,SI,NO,NO,NO,SI
10232932005,AH378AE,2026-06-17,6,SI,SI,SI,SI,SI,NO,NO,SI
10132925412,AC548HS,2026-06-17,6,SI,SI,SI,SI,SI,NO,NO,SI
10132923180,MDU084,2026-06-17,6,SI,SI,SI,SI,SI,NO,NO,SI
10232931494,AC488IP,2026-06-17,6,SI,SI,SI,SI,SI,NO,NO,SI
10132917493,MXD729,2026-06-17,6,SI,SI,SI,SI,SI,NO,NO,SI
10132917930,LEX273,2026-06-17,5,SI,NO,SI,SI,SI,NO,NO,SI
10132926673,AF042RO,2026-06-17,2,NO,NO,SI,NO,NO,NO,NO,SI
10232919461,AF350JA,2026-06-17,7,SI,SI,SI,SI,SI,SI,NO,SI
10132931041,AH269KE,2026-06-17,6,SI,SI,SI,SI,SI,NO,NO,SI
10132934430,GAK529,2026-06-17,6,SI,SI,SI,SI,SI,NO,NO,SI
10132930929,POQ468,2026-06-17,4,NO,SI,NO,SI,SI,NO,NO,SI
10232930653,JTO328,2026-06-17,5,SI,NO,SI,SI,SI,NO,NO,SI
10132910530,MVC682,2026-06-17,3,NO,SI,SI,SI,NO,NO,NO,NO
10132930899,AG052MN,2026-06-17,6,SI,SI,SI,SI,SI,NO,NO,SI
10232938504,LII252,2026-06-17,6,SI,SI,NO,SI,SI,NO,SI,SI
10132914238,PEP270,2026-06-17,5,NO,SI,SI,SI,SI,NO,NO,SI
10232940523,AH381TE,2026-06-17,6,SI,SI,SI,SI,SI,NO,NO,SI
10232938204,DVR618,2026-06-17,6,SI,SI,SI,SI,SI,NO,NO,SI
10132914222,AI233BA,2026-06-17,6,SI,SI,SI,SI,SI,NO,NO,SI
10132931104,FPS379,2026-06-17,4,NO,SI,SI,NO,SI,NO,NO,SI
10232921526,ELT228,2026-06-17,6,SI,SI,SI,SI,SI,NO,NO,SI
10232918458,FMS273,2026-06-17,5,NO,SI,SI,SI,SI,NO,NO,SI
10232927853,EVH499,2026-06-17,5,NO,SI,SI,SI,SI,NO,NO,SI
10132914254,AC741EM,2026-06-17,6,SI,SI,SI,SI,SI,NO,NO,SI
10232936056,EUD434,2026-06-17,4,NO,SI,SI,NO,SI,NO,NO,SI
10232940267,AH731MJ,2026-06-17,6,SI,SI,SI,SI,SI,NO,NO,SI
10232921282,DZK991,2026-06-17,6,SI,SI,SI,SI,SI,NO,NO,SI
10132929281,AB431GR,2026-06-17,4,NO,SI,SI,NO,SI,NO,NO,SI
10132921072,CBZ697,2026-06-17,6,SI,SI,SI,SI,SI,NO,NO,SI
10132920138,BOB206,2026-06-17,4,NO,NO,SI,SI,SI,NO,NO,SI
10132748441,LLB238,2026-06-17,5,NO,SI,SI,SI,SI,NO,NO,SI
10132921447,AZS144,2026-06-17,6,SI,SI,SI,SI,SI,NO,NO,SI
10132932000,FUO473,2026-06-17,7,SI,SI,SI,SI,SI,SI,NO,SI
10132913112,HQM016,2026-06-17,5,NO,SI,SI,SI,SI,NO,NO,SI
10232920122,KAO438,2026-06-17,5,NO,SI,SI,SI,SI,NO,NO,SI
10132930627,AH499CM,2026-06-17,7,SI,SI,SI,SI,SI,SI,NO,SI
10132924626,GNN774,2026-06-17,5,SI,NO,SI,SI,SI,NO,NO,SI
10132930904,NKE836,2026-06-17,5,NO,SI,SI,SI,SI,NO,NO,SI
10232934455,AD113QZ,2026-06-17,5,SI,SI,NO,SI,SI,NO,NO,SI
10132924490,AH499EY,2026-06-17,6,SI,SI,SI,SI,SI,NO,NO,SI
10232935709,LUW336,2026-06-17,3,NO,SI,SI,NO,SI,NO,NO,NO
10132933449,ISW855,2026-06-17,6,SI,SI,SI,SI,SI,NO,NO,SI
10132937853,FHF918,2026-06-17,5,NO,SI,NO,SI,SI,SI,NO,SI
10132935082,AH266OG,2026-06-17,7,SI,SI,SI,SI,SI,SI,NO,SI
10232936268,BCD343,2026-06-17,4,SI,NO,NO,SI,SI,NO,NO,SI
10132932504,KJZ739,2026-06-17,6,SI,SI,SI,SI,SI,NO,NO,SI
10132922715,GGA493,2026-06-17,6,SI,SI,SI,SI,SI,NO,NO,SI
10132914250,IWY258,2026-06-17,6,SI,SI,SI,SI,SI,NO,NO,SI
10132915025,AH737QM,2026-06-17,5,SI,NO,SI,SI,SI,NO,NO,SI
10132926260,MQI489,2026-06-17,6,SI,SI,SI,SI,SI,NO,NO,SI
10132914556,AG863OE,2026-06-17,7,SI,SI,SI,SI,SI,SI,NO,SI
10132925245,AH732IF,2026-06-17,6,SI,SI,SI,SI,SI,NO,NO,SI
10132933671,CAC283,2026-06-17,6,SI,SI,SI,SI,SI,NO,NO,SI
10132930804,FLF775,2026-06-17,5,SI,NO,NO,SI,SI,SI,NO,SI
10232933926,AE996CE,2026-06-17,6,SI,SI,SI,SI,SI,NO,NO,SI
10132926465,AF585CB,2026-06-17,6,SI,SI,SI,SI,SI,NO,NO,SI
10132937478,EUP076,2026-06-17,5,NO,SI,SI,SI,SI,NO,NO,SI
10132931715,HVG540,2026-06-17,6,SI,SI,SI,SI,SI,NO,NO,SI
10232929003,HNQ481,2026-06-17,5,SI,NO,SI,SI,SI,NO,NO,SI
10132925391,AG956DY,2026-06-17,6,SI,SI,SI,SI,SI,NO,NO,SI
10132925267,AH377YQ,2026-06-17,6,SI,SI,SI,SI,SI,NO,NO,SI
10232917087,RZQ774,2026-06-17,6,SI,SI,SI,SI,SI,NO,NO,SI
10132926822,GFV851,2026-06-17,6,NO,SI,SI,SI,SI,SI,NO,SI
10232928384,AH452MD,2026-06-17,6,SI,SI,SI,SI,SI,NO,NO,SI
10132914233,KVH394,2026-06-17,7,SI,SI,SI,SI,SI,NO,SI,SI
10232922268,EQI920,2026-06-17,2,NO,NO,SI,NO,NO,NO,NO,SI
10132935188,FIE995,2026-06-17,6,NO,SI,SI,SI,SI,SI,NO,SI
10132924317,KES253,2026-06-17,4,NO,SI,NO,SI,SI,NO,NO,SI
10232925827,AA568WP,2026-06-17,7,SI,SI,SI,SI,SI,NO,SI,SI
10232936843,NTG520,2026-06-17,6,SI,SI,SI,SI,SI,NO,NO,SI
10232917863,OTS728,2026-06-17,7,SI,SI,SI,SI,SI,SI,NO,SI
10132938106,HVU658,2026-06-17,4,NO,SI,SI,NO,SI,NO,NO,SI
10232933980,AC079RF,2026-06-17,6,SI,SI,SI,SI,SI,NO,NO,SI
10132918092,JOL009,2026-06-17,4,NO,SI,SI,NO,SI,NO,NO,SI
10232932278,IJQ906,2026-06-17,1,NO,NO,NO,NO,NO,NO,NO,SI
10232932845,ELV371,2026-06-17,2,NO,NO,SI,NO,NO,NO,NO,SI
10232918807,HRN520,2026-06-17,5,NO,SI,SI,SI,SI,NO,NO,SI
10132930985,KWZ511,2026-06-17,4,NO,SI,SI,NO,SI,NO,NO,SI
10232941713,OLH676,2026-06-17,6,SI,SI,SI,SI,SI,NO,NO,SI
10132914981,AF150VP,2026-06-17,6,SI,SI,SI,SI,SI,NO,NO,SI
10132926509,AE407KI,2026-06-17,6,SI,SI,SI,SI,SI,NO,NO,SI
10132925921,AH622AE,2026-06-17,4,SI,NO,NO,SI,SI,NO,NO,SI
10132935437,PLV760,2026-06-17,5,SI,NO,SI,SI,SI,NO,NO,SI
10132934006,AI154XQ,2026-06-17,6,SI,SI,SI,SI,SI,NO,NO,SI
10232936672,AA958QR,2026-06-17,4,NO,SI,SI,NO,SI,NO,NO,SI
10132935866,AD758GU,2026-06-17,6,NO,SI,SI,SI,SI,NO,SI,SI
10132936008,AE831XP,2026-06-17,6,SI,SI,SI,SI,SI,NO,NO,SI
10232935855,FWU357,2026-06-17,2,NO,NO,SI,NO,NO,NO,NO,SI
10132932698,AF285MF,2026-06-17,5,SI,SI,NO,SI,SI,NO,NO,SI
10132921903,AH169HA,2026-06-17,6,SI,SI,SI,SI,SI,NO,NO,SI
10132921991,AA399MX,2026-06-17,6,SI,SI,SI,SI,SI,NO,NO,SI
10132930517,WXL699,2026-06-17,5,NO,SI,SI,SI,SI,NO,NO,SI
10132935122,AH730WC,2026-06-17,6,SI,SI,SI,SI,SI,NO,NO,SI
10232924354,AH543XJ,2026-06-17,6,SI,SI,SI,SI,SI,NO,NO,SI
10232932363,HGW974,2026-06-17,5,NO,SI,SI,SI,SI,NO,NO,SI
10132926878,AF170XN,2026-06-17,6,SI,SI,SI,SI,SI,NO,NO,SI
10232925068,RGA116,2026-06-17,6,SI,SI,SI,SI,SI,NO,NO,SI
10232932440,ERM571,2026-06-17,5,SI,SI,SI,NO,SI,NO,NO,SI
10132927376,LIC533,2026-06-17,6,SI,SI,SI,SI,SI,NO,NO,SI
10232931401,AI132LD,2026-06-17,6,SI,SI,SI,SI,SI,NO,NO,SI
10132923431,AB826NZ,2026-06-17,6,SI,SI,SI,SI,SI,NO,NO,SI
10232929350,AH452MG,2026-06-17,6,SI,SI,SI,SI,SI,NO,NO,SI
10232922523,HBZ921,2026-06-17,3,NO,NO,SI,SI,SI,NO,NO,NO
10232934077,FXE179,2026-06-17,5,SI,SI,SI,SI,NO,NO,NO,SI
10132935749,AF633NP,2026-06-17,4,NO,NO,SI,SI,SI,NO,NO,SI
10232939858,AC732JF,2026-06-17,4,NO,NO,SI,SI,SI,NO,NO,SI
10132913126,MFV048,2026-06-17,6,SI,SI,SI,SI,SI,NO,NO,SI
10232922767,AH141RH,2026-06-17,6,SI,SI,SI,SI,SI,NO,NO,SI
10132938898,RNE196,2026-06-17,6,SI,SI,NO,SI,SI,NO,SI,SI
10232928575,NSL477,2026-06-17,6,SI,SI,SI,SI,SI,NO,NO,SI
10132931274,MST293,2026-06-17,4,NO,NO,SI,SI,SI,NO,NO,SI
10132925471,MZK415,2026-06-17,6,SI,SI,SI,SI,SI,NO,NO,SI
10232934492,AG991NM,2026-06-17,6,SI,SI,SI,SI,SI,NO,NO,SI
10132937053,AA958IF,2026-06-17,4,NO,NO,SI,SI,SI,NO,NO,SI
10132930862,LWS387,2026-06-17,4,NO,NO,SI,SI,SI,NO,NO,SI
10232936870,IEX104,2026-06-17,6,SI,SI,SI,SI,SI,NO,NO,SI
10232920055,AD790NM,2026-06-17,6,SI,SI,SI,SI,SI,NO,NO,SI
10132922763,AI080BF,2026-06-17,6,SI,SI,SI,SI,SI,NO,NO,SI
10132924248,AA294QF,2026-06-17,3,NO,NO,SI,SI,NO,NO,NO,SI
10132936884,AA927ZR,2026-06-17,5,NO,SI,SI,SI,SI,NO,NO,SI
10132917793,FXK315,2026-06-17,6,SI,SI,SI,SI,SI,NO,NO,SI
10132917753,UYB282,2026-06-17,6,SI,SI,SI,SI,SI,NO,NO,SI
10232936922,AC615UY,2026-06-17,6,SI,SI,SI,SI,SI,NO,NO,SI
10132917992,PGL849,2026-06-17,6,SI,SI,SI,SI,SI,NO,NO,SI
10232920927,GPZ145,2026-06-17,4,SI,SI,NO,SI,NO,NO,NO,SI
10132917998,AG720PS,2026-06-17,6,SI,SI,SI,SI,SI,NO,NO,SI
10132935529,HIN126,2026-06-17,6,SI,SI,SI,SI,SI,NO,NO,SI
10132917996,AH385BB,2026-06-17,6,SI,SI,SI,SI,SI,NO,NO,SI
10132914797,KUY671,2026-06-17,6,SI,SI,SI,SI,SI,NO,NO,SI
10132917433,IVY271,2026-06-17,5,SI,SI,SI,NO,SI,NO,NO,SI
10132921809,OSE404,2026-06-17,6,SI,SI,SI,SI,SI,NO,NO,SI
10132917572,AI109NB,2026-06-17,6,SI,SI,SI,SI,SI,NO,NO,SI
10132917829,BZJ307,2026-06-17,6,SI,SI,SI,SI,SI,NO,NO,SI
10232936355,AE554MI,2026-06-17,6,SI,SI,SI,SI,SI,NO,NO,SI
10232934056,AB974MW,2026-06-17,6,SI,SI,SI,SI,SI,NO,NO,SI
10132935272,AH415RB,2026-06-17,6,SI,SI,SI,SI,SI,NO,NO,SI
10132931286,AB387PX,2026-06-17,6,SI,SI,SI,SI,SI,NO,NO,SI
10132939871,AC434NR,2026-06-17,0,NO,NO,NO,NO,NO,NO,NO,NO
10132929157,MWI799,2026-06-17,4,SI,SI,NO,SI,SI,NO,NO,NO
10132930038,AD807OB,2026-06-17,6,SI,SI,SI,SI,SI,NO,NO,SI
10132917247,GQR765,2026-06-17,0,NO,NO,NO,NO,NO,NO,NO,NO
10132927609,NBU236,2026-06-17,4,NO,SI,SI,SI,SI,NO,NO,NO
10132940063,AA514OK,2026-06-17,4,SI,NO,SI,NO,SI,NO,NO,SI
10132932510,AE557UT,2026-06-17,6,SI,SI,SI,SI,SI,NO,NO,SI
10132930978,ENE620,2026-06-17,5,NO,SI,SI,SI,SI,NO,NO,SI
10132921705,EHE520,2026-06-17,6,SI,SI,SI,SI,SI,NO,NO,SI
10232919323,AD790NK,2026-06-17,6,SI,SI,SI,SI,SI,NO,NO,SI
10132930672,AB375ES,2026-06-17,4,SI,SI,NO,SI,SI,NO,NO,NO
10132935675,PII603,2026-06-17,6,SI,SI,SI,SI,SI,NO,NO,SI
10132937667,AG263BG,2026-06-17,6,SI,SI,SI,SI,SI,NO,NO,SI
10132936771,AB785NY,2026-06-17,2,NO,SI,SI,NO,NO,NO,NO,NO
10132917989,MEG915,2026-06-17,6,SI,SI,SI,SI,SI,NO,NO,SI
10132940772,AB214AM,2026-06-17,5,SI,SI,NO,SI,SI,NO,NO,SI
10132926954,AI132AP,2026-06-17,6,SI,SI,SI,SI,SI,NO,NO,SI
10132932405,AI019SQ,2026-06-17,6,SI,SI,SI,SI,SI,NO,NO,SI
10132940858,AA286LI,2026-06-17,6,SI,SI,SI,SI,SI,NO,NO,SI
10132942672,MXS974,2026-06-17,7,SI,SI,SI,SI,SI,NO,SI,SI
10132936990,AI175AY,2026-06-17,6,SI,SI,SI,SI,SI,NO,NO,SI
10132927449,AD571TS,2026-06-17,6,SI,SI,SI,SI,SI,NO,NO,SI
10232939448,LFQ103,2026-06-17,6,SI,SI,SI,SI,SI,NO,NO,SI
10132934203,LFS282,2026-06-17,6,SI,SI,SI,SI,SI,NO,NO,SI
10132937814,EUT226,2026-06-17,5,SI,NO,SI,SI,SI,NO,NO,SI
10232937583,FVH184,2026-06-17,6,SI,SI,SI,SI,SI,NO,NO,SI
10132929379,AI157OR,2026-06-17,6,SI,SI,SI,SI,SI,NO,NO,SI
10232924921,AB127RM,2026-06-17,6,SI,SI,SI,SI,SI,NO,NO,SI
10232943578,AE823AD,2026-06-17,6,SI,SI,SI,SI,SI,NO,NO,SI
10232934854,LUG468,2026-06-17,6,SI,SI,SI,SI,SI,NO,NO,SI
10132930569,NIH307,2026-06-17,6,SI,SI,SI,SI,SI,NO,NO,SI
10232949524,AC505FI,2026-06-17,6,SI,SI,SI,SI,SI,NO,NO,SI
10132952336,ELU381,2026-06-17,6,SI,SI,SI,SI,SI,NO,NO,SI
10232945194,AF206RV,2026-06-17,6,SI,SI,SI,SI,SI,NO,NO,SI
10232945619,AH286ZX,2026-06-17,6,SI,SI,SI,SI,SI,NO,NO,SI
10232953046,BPE401,2026-06-17,6,SI,SI,SI,SI,SI,NO,NO,SI
10132937711,HPF044,2026-06-17,6,SI,SI,SI,SI,SI,NO,NO,SI
10232948974,FMV818,2026-06-17,5,SI,SI,SI,SI,SI,NO,NO,NO
10232948252,AD806EU,2026-06-17,5,SI,NO,SI,SI,SI,NO,NO,SI
10232936433,AH895BV,2026-06-17,6,SI,SI,SI,SI,SI,NO,NO,SI
10232953244,ECQ197,2026-06-17,4,SI,NO,SI,SI,SI,NO,NO,NO
10132937684,DGV783,2026-06-17,2,NO,SI,NO,SI,NO,NO,NO,NO
10232932531,AB430IG,2026-06-17,0,NO,NO,NO,NO,NO,NO,NO,NO
10132935509,AF711DG,2026-06-17,6,SI,SI,SI,SI,SI,NO,NO,SI
10232941974,AH113DW,2026-06-17,6,SI,SI,SI,SI,SI,NO,NO,SI
10132927465,FWK357,2026-06-17,6,SI,SI,SI,SI,SI,NO,NO,SI
10232940319,AH596GZ,2026-06-17,6,SI,SI,SI,SI,SI,NO,NO,SI
10132924254,AH343LW,2026-06-17,6,SI,SI,SI,SI,SI,NO,NO,SI
10132922282,GJF966,2026-06-17,6,SI,SI,SI,SI,SI,NO,NO,SI
10232951605,AB226IO,2026-06-17,6,SI,SI,SI,SI,SI,NO,NO,SI
10132926729,AI131ZH,2026-06-17,5,SI,SI,NO,SI,SI,NO,NO,SI
10132929149,AB843CR,2026-06-17,0,NO,NO,NO,NO,NO,NO,NO,NO
10132917135,AC236TM,2026-06-17,6,SI,SI,SI,SI,SI,NO,NO,SI
10132941571,AB200GM,2026-06-17,5,SI,NO,SI,SI,SI,NO,NO,SI
10232934124,CQN950,2026-06-17,5,SI,NO,SI,SI,SI,NO,NO,SI
10232925401,KAJ627,2026-06-17,6,SI,SI,SI,SI,SI,NO,NO,SI
10132930318,AC952LU,2026-06-17,6,SI,SI,SI,SI,SI,NO,NO,SI
10232945621,AF614TL,2026-06-17,6,SI,SI,SI,SI,SI,NO,NO,SI
10232945606,AG748PK,2026-06-17,5,SI,NO,SI,SI,SI,NO,NO,SI
10232932181,VUI723,2026-06-17,4,SI,NO,SI,SI,SI,NO,NO,NO
10232926910,EKL190,2026-06-17,5,SI,NO,SI,SI,SI,NO,NO,SI
10232946367,GKV022,2026-06-17,5,SI,NO,SI,SI,SI,NO,NO,SI
10232947386,LDQ574,2026-06-17,4,SI,NO,SI,SI,SI,NO,NO,NO
10132920860,EMZ947,2026-06-17,5,SI,NO,SI,SI,SI,NO,NO,SI
10232946734,HLS747,2026-06-17,6,SI,SI,SI,SI,SI,NO,NO,SI
10232946046,KJM611,2026-06-17,5,SI,NO,SI,SI,SI,NO,NO,SI
10132930013,AF340VL,2026-06-17,6,SI,SI,SI,SI,SI,NO,NO,SI
10232932856,HHX352,2026-06-17,6,SI,SI,SI,SI,SI,NO,NO,SI
10132915224,AB393SH,2026-06-17,6,SI,SI,SI,SI,SI,NO,NO,SI
10132938276,AG172LP,2026-06-17,6,SI,SI,SI,SI,SI,NO,NO,SI
10132917086,CZN483,2026-06-17,6,SI,SI,SI,SI,SI,NO,NO,SI
10232953688,AC266IC,2026-06-17,6,SI,SI,SI,SI,SI,NO,NO,SI
10232934919,AF149TD,2026-06-17,5,SI,SI,SI,SI,SI,NO,NO,NO
10232936457,AE296ID,2026-06-17,6,SI,SI,SI,SI,SI,NO,NO,SI
10132931643,RRC883,2026-06-17,3,SI,NO,NO,SI,SI,NO,NO,NO
10232939570,AH629ZR,2026-06-17,6,SI,SI,SI,SI,SI,NO,NO,SI
10132940997,AF107WH,2026-06-17,6,SI,SI,SI,SI,SI,NO,NO,SI
10132950411,HJP191,2026-06-17,6,SI,SI,SI,SI,SI,NO,NO,SI
10232947760,AG448IL,2026-06-17,7,SI,SI,SI,SI,SI,SI,NO,SI
10132950230,MIM182,2026-06-17,4,SI,NO,SI,SI,NO,NO,NO,SI
10132933423,PLZ229,2026-06-17,7,SI,SI,SI,SI,SI,SI,NO,SI
10232948519,AF310JD,2026-06-17,6,SI,SI,SI,SI,SI,NO,NO,SI
10132923948,NAL779,2026-06-17,2,SI,NO,NO,SI,NO,NO,NO,NO
10232917983,AC177GG,2026-06-17,6,SI,SI,SI,SI,SI,NO,NO,SI
10232951210,VFU142,2026-06-17,5,SI,SI,SI,SI,SI,NO,NO,NO
10132950977,MAG255,2026-06-17,1,SI,NO,NO,NO,NO,NO,NO,NO
10132938536,HVG549,2026-06-17,6,SI,SI,SI,SI,SI,NO,NO,SI
10232940830,AE198ZP,2026-06-17,6,SI,SI,SI,SI,SI,NO,NO,SI
10132938466,KGG264,2026-06-17,5,SI,NO,SI,SI,SI,NO,NO,SI
10132958609,FRY103,2026-06-17,5,SI,NO,SI,SI,SI,NO,NO,SI
10232943843,AF540PC,2026-06-17,6,SI,SI,SI,SI,SI,NO,NO,SI
10132924223,TVO935,2026-06-17,5,SI,SI,SI,SI,SI,NO,NO,NO
10232924924,CBC984,2026-06-17,4,SI,SI,SI,SI,NO,NO,NO,NO
10232930915,CIB452,2026-06-17,6,SI,SI,SI,SI,SI,NO,NO,SI
10232947339,AD112RE,2026-06-17,6,SI,SI,SI,SI,SI,NO,NO,SI
10232952484,GNL707,2026-06-17,5,SI,NO,SI,SI,SI,NO,NO,SI
10232952490,MWA895,2026-06-17,5,SI,SI,SI,SI,NO,NO,NO,SI
10232952953,JJE600,2026-06-17,4,NO,NO,SI,SI,SI,NO,NO,SI
10232951981,GNB228,2026-06-17,4,SI,NO,SI,NO,SI,NO,NO,SI
10232925899,LTL241,2026-06-17,6,SI,SI,SI,SI,SI,NO,NO,SI
10132931093,PQR439,2026-06-17,6,SI,SI,SI,SI,SI,NO,NO,SI
10132931145,AH391GM,2026-06-17,6,SI,SI,SI,SI,SI,NO,NO,SI
10232953036,MLD799,2026-06-17,6,SI,SI,SI,SI,SI,NO,NO,SI
10232959886,AD089BH,2026-06-17,6,SI,SI,SI,SI,SI,NO,NO,SI
10232952884,OFS144,2026-06-17,5,SI,SI,NO,SI,SI,NO,NO,SI
10132917359,AH344EH,2026-06-17,7,SI,SI,SI,SI,SI,SI,NO,SI
10232948597,AE785CS,2026-06-17,6,SI,SI,SI,SI,SI,NO,NO,SI
10232953771,PFB100,2026-06-17,6,SI,SI,SI,SI,SI,NO,NO,SI
10132924376,AA496YI,2026-06-17,5,SI,SI,SI,NO,SI,NO,NO,SI
10132930935,AYF538,2026-06-17,6,SI,SI,SI,SI,SI,NO,NO,SI
10232953870,CEZ943,2026-06-17,6,SI,SI,SI,SI,SI,NO,NO,SI
10232950891,BVN154,2026-06-17,4,SI,SI,SI,NO,SI,NO,NO,NO
10232926103,AC177GK,2026-06-17,5,SI,SI,SI,NO,SI,NO,NO,SI
10232950191,AH452MF,2026-06-17,6,SI,SI,SI,SI,SI,NO,NO,SI
10232954211,DZY834,2026-06-17,7,SI,SI,SI,SI,SI,SI,NO,SI
10232954865,CHS075,2026-06-17,0,NO,NO,NO,NO,NO,NO,NO,NO
10132940525,FRZ253,2026-06-17,6,SI,SI,SI,SI,SI,NO,NO,SI
10232954675,MVO138,2026-06-17,5,SI,NO,SI,SI,SI,SI,NO,NO
10232933663,IUM283,2026-06-17,6,SI,SI,SI,SI,SI,NO,NO,SI
10132939616,AE368XN,2026-06-17,4,SI,NO,SI,SI,NO,NO,NO,SI
10132931386,GNJ258,2026-06-17,6,SI,SI,SI,SI,SI,NO,NO,SI
10132955726,HRH096,2026-06-17,7,SI,SI,SI,SI,SI,SI,NO,SI
10132941669,AC071XH,2026-06-17,6,SI,SI,SI,SI,SI,NO,NO,SI
10132939572,AG941QA,2026-06-17,6,SI,SI,SI,SI,SI,NO,NO,SI
10132943177,AC968KI,2026-06-17,6,SI,SI,SI,SI,SI,NO,NO,SI
10232942774,AH702IM,2026-06-17,7,SI,SI,SI,SI,SI,SI,NO,SI
10132935563,NNL473,2026-06-18,6,SI,SI,SI,SI,SI,NO,NO,SI
10132929090,LXX256,2026-06-18,6,SI,SI,SI,SI,SI,NO,NO,SI
10132923990,AI281GO,2026-06-18,7,SI,SI,SI,SI,SI,SI,NO,SI
10132924288,AFD928,2026-06-18,5,NO,SI,SI,SI,SI,NO,NO,SI
10132948505,GJL470,2026-06-18,3,SI,NO,SI,NO,NO,NO,NO,SI
10132933389,JGQ519,2026-06-18,5,SI,NO,SI,SI,SI,NO,NO,SI
10232945955,AE757VF,2026-06-18,6,SI,SI,SI,SI,SI,NO,NO,SI
10132945941,TYI129,2026-06-18,3,SI,SI,NO,SI,NO,NO,NO,NO
10132924110,AJY092,2026-06-18,5,SI,SI,NO,SI,SI,NO,NO,SI
10132968343,AA686AI,2026-06-18,0,NO,NO,NO,NO,NO,NO,NO,NO
10232931187,FRZ213,2026-06-18,6,SI,SI,SI,SI,SI,NO,NO,SI
10132933780,AH891MS,2026-06-18,6,SI,SI,SI,SI,SI,NO,NO,SI
10132943280,AB168HB,2026-06-18,6,SI,SI,SI,SI,SI,NO,NO,SI
10232956643,SVA077,2026-06-18,5,SI,SI,SI,SI,NO,NO,NO,SI
10132946522,AE525IR,2026-06-18,6,SI,SI,SI,SI,SI,NO,NO,SI
10132960352,OKQ612,2026-06-18,0,NO,NO,NO,NO,NO,NO,NO,NO
10132965929,AF354AQ,2026-06-18,6,SI,SI,SI,SI,SI,NO,NO,SI
10132950482,AE919PA,2026-06-18,6,SI,SI,SI,SI,SI,NO,NO,SI
10232965473,OGR838,2026-06-18,0,NO,NO,NO,NO,NO,NO,NO,NO
10232945724,AF004SA,2026-06-18,6,SI,SI,SI,SI,SI,NO,NO,SI
10132940291,AE270VQ,2026-06-18,6,SI,SI,SI,SI,SI,NO,NO,SI
10132943901,CHJ073,2026-06-18,5,SI,NO,SI,SI,SI,NO,NO,SI
10132944101,HWW906,2026-06-18,3,NO,SI,SI,SI,NO,NO,NO,NO
10232943296,AF474ZS,2026-06-18,6,SI,SI,SI,SI,SI,NO,NO,SI
10132948855,AA239YM,2026-06-18,7,SI,SI,SI,SI,SI,SI,NO,SI
10232943238,HFI969,2026-06-18,6,SI,SI,SI,NO,SI,SI,NO,SI
10232943513,KOY322,2026-06-18,7,SI,SI,SI,SI,SI,SI,NO,SI
10232955064,MTE188,2026-06-18,1,NO,NO,NO,NO,NO,NO,NO,SI
10132959410,EII420,2026-06-18,1,NO,SI,NO,NO,NO,NO,NO,NO
10232943564,NOR568,2026-06-18,5,SI,SI,SI,NO,SI,NO,NO,SI
10232940365,AF165WW,2026-06-18,6,SI,SI,SI,SI,SI,NO,NO,SI
10232939318,AH391GY,2026-06-18,6,SI,SI,SI,SI,SI,NO,NO,SI
10132960189,ESF230,2026-06-18,4,NO,SI,SI,SI,NO,NO,NO,SI
10232962982,EEQ455,2026-06-18,5,SI,NO,SI,SI,SI,NO,NO,SI
10132927134,ELI857,2026-06-18,5,NO,SI,SI,SI,SI,NO,NO,SI
10132938656,AD948GR,2026-06-18,6,SI,SI,SI,SI,SI,NO,NO,SI
10232969125,AB085UB,2026-06-18,5,NO,SI,SI,SI,SI,NO,NO,SI
10232953313,AE131BA,2026-06-18,6,SI,SI,SI,SI,SI,NO,NO,SI
10132928865,HOO202,2026-06-18,6,SI,SI,SI,SI,SI,NO,NO,SI
10232966312,THT938,2026-06-18,6,NO,SI,SI,SI,SI,SI,NO,SI
10132945518,AC347NQ,2026-06-18,6,SI,SI,SI,SI,SI,NO,NO,SI
10132947530,NNG366,2026-06-18,6,SI,NO,SI,SI,SI,SI,NO,SI
10132946094,KQI438,2026-06-18,5,SI,SI,SI,NO,SI,NO,NO,SI
10132947889,AB319AF,2026-06-18,6,SI,SI,SI,SI,SI,NO,NO,SI
10132959758,AB125SQ,2026-06-18,1,NO,NO,NO,NO,NO,NO,NO,SI
10232922386,MRO258,2026-06-18,0,NO,NO,NO,NO,NO,NO,NO,NO
10132961660,DPU506,2026-06-18,6,SI,SI,SI,SI,SI,NO,NO,SI
10132940633,KIQ442,2026-06-18,2,NO,NO,SI,NO,NO,NO,NO,SI
10132940563,EYL658,2026-06-18,6,SI,SI,SI,SI,SI,NO,NO,SI
10232955174,AXJ536,2026-06-18,3,NO,SI,NO,SI,SI,NO,NO,NO
10232964580,AG503QC,2026-06-18,6,SI,SI,SI,SI,SI,NO,NO,SI
10232957981,OFJ502,2026-06-18,6,SI,SI,SI,SI,SI,NO,NO,SI
10132949782,AD025MG,2026-06-18,0,NO,NO,NO,NO,NO,NO,NO,NO
10132943542,PMJ237,2026-06-18,5,NO,SI,SI,SI,SI,NO,NO,SI
10132935206,POU659,2026-06-18,6,SI,SI,SI,SI,SI,NO,NO,SI
10232961296,LRZ415,2026-06-18,7,SI,SI,SI,SI,SI,SI,NO,SI
10132959917,PES195,2026-06-18,6,SI,SI,SI,SI,SI,NO,NO,SI
10232964507,AH779EX,2026-06-18,6,SI,SI,SI,SI,SI,NO,NO,SI
10132933885,AH891MR,2026-06-18,6,SI,SI,SI,SI,SI,NO,NO,SI
10232944080,GOS210,2026-06-18,6,SI,SI,SI,SI,SI,NO,NO,SI
10232959021,NFJ540,2026-06-18,5,NO,NO,SI,SI,SI,SI,NO,SI
10132927249,EGI920,2026-06-18,4,NO,SI,NO,SI,SI,NO,NO,SI
10132966221,GNZ106,2026-06-18,5,SI,NO,SI,SI,SI,NO,NO,SI
10132924335,EQT325,2026-06-18,1,NO,NO,SI,NO,NO,NO,NO,NO
10232958141,LYL333,2026-06-18,6,SI,SI,SI,SI,SI,NO,NO,SI
10232944982,AD744JI,2026-06-18,2,NO,SI,SI,NO,NO,NO,NO,NO
10232958611,AB381HF,2026-06-18,6,SI,SI,SI,SI,SI,NO,NO,SI
10232946913,TBI813,2026-06-18,3,NO,SI,SI,NO,NO,NO,NO,SI
10132943819,NAQ461,2026-06-18,6,SI,SI,SI,SI,SI,NO,NO,SI
10232960541,AH378AE,2026-06-18,6,SI,SI,SI,SI,SI,NO,NO,SI
10232954092,AC298FQ,2026-06-18,6,SI,SI,SI,SI,SI,NO,NO,SI
10132959874,CYO461,2026-06-18,5,SI,SI,SI,NO,SI,NO,NO,SI
10132943598,LSD029,2026-06-18,0,NO,NO,NO,NO,NO,NO,NO,NO
10132943738,FLJ881,2026-06-18,6,SI,SI,SI,SI,SI,NO,NO,SI
10132944017,BFZ707,2026-06-18,5,NO,SI,SI,SI,SI,NO,NO,SI
10232965636,EYI229,2026-06-18,6,SI,SI,SI,SI,SI,NO,NO,SI
10132935671,NIT589,2026-06-18,6,SI,SI,SI,SI,SI,NO,NO,SI
10232968098,GES866,2026-06-18,6,SI,SI,SI,SI,SI,NO,NO,SI
10132943719,GQS269,2026-06-18,5,SI,NO,SI,SI,SI,NO,NO,SI
10132935754,MNL793,2026-06-18,3,NO,NO,SI,NO,NO,SI,NO,SI
10232958832,LUH791,2026-06-18,0,NO,NO,NO,NO,NO,NO,NO,NO
10131567013,AB867OF,2026-06-18,6,SI,SI,SI,SI,SI,NO,NO,SI
10132945175,AE774SA,2026-06-18,6,SI,SI,SI,SI,SI,NO,NO,SI
10232961236,AB930VC,2026-06-18,5,NO,SI,SI,SI,SI,NO,NO,SI
10232965925,IQT544,2026-06-18,5,SI,SI,SI,SI,SI,NO,NO,NO
10132952933,FUO473,2026-06-18,6,SI,SI,SI,SI,SI,NO,NO,SI
10232958284,AE074NX,2026-06-18,6,SI,SI,SI,SI,SI,NO,NO,SI
10232968088,ITR004,2026-06-18,4,NO,NO,SI,SI,SI,NO,NO,SI
10232967190,BJV158,2026-06-18,4,NO,SI,NO,SI,SI,NO,NO,SI
10132935204,AE800VG,2026-06-18,6,SI,SI,SI,SI,SI,NO,NO,SI
10132951176,JSS841,2026-06-18,6,SI,SI,SI,SI,SI,NO,NO,SI
10232962976,AI132LD,2026-06-18,6,SI,SI,SI,SI,SI,NO,NO,SI
10132934009,AF858UK,2026-06-18,6,SI,SI,SI,SI,SI,NO,NO,SI
10132965540,LEV033,2026-06-18,6,SI,SI,SI,SI,SI,NO,NO,SI
10132962789,RWB234,2026-06-18,4,SI,NO,NO,SI,SI,NO,NO,SI
10132943378,IRN205,2026-06-18,4,SI,NO,SI,SI,NO,NO,NO,SI
10232948083,LYC402,2026-06-18,7,SI,SI,SI,SI,SI,SI,NO,SI
10232966482,GXI842,2026-06-18,5,SI,NO,SI,SI,SI,NO,NO,SI
10132960368,AB857LH,2026-06-18,6,SI,SI,SI,SI,SI,NO,NO,SI
10232966224,LRP070,2026-06-18,6,SI,SI,SI,SI,SI,NO,NO,SI
10232965771,LRI916,2026-06-18,6,NO,SI,SI,SI,SI,SI,NO,SI
10232967464,FCC508,2026-06-18,4,SI,NO,SI,SI,SI,NO,NO,NO
10132954225,AB182DT,2026-06-18,6,SI,SI,SI,SI,SI,NO,NO,SI
10232951661,OEZ345,2026-06-18,6,SI,SI,SI,SI,SI,NO,NO,SI
10132946964,ONX149,2026-06-18,6,SI,SI,SI,SI,SI,NO,NO,SI
10132934896,AE283NE,2026-06-18,6,SI,SI,SI,SI,SI,NO,NO,SI
10132939004,AD602RA,2026-06-18,6,SI,SI,SI,SI,SI,NO,NO,SI
10232967122,IOJ448,2026-06-18,5,NO,SI,SI,SI,SI,NO,NO,SI
10232965621,NBZ427,2026-06-18,6,SI,SI,SI,SI,SI,NO,NO,SI
10132947565,AH917VJ,2026-06-18,6,SI,SI,SI,SI,SI,NO,NO,SI
10232967006,GUA252,2026-06-18,6,SI,SI,SI,SI,SI,NO,NO,SI
10132970765,FAE475,2026-06-18,5,NO,SI,SI,SI,SI,NO,NO,SI
10232966891,AI308RB,2026-06-18,6,SI,SI,SI,SI,SI,NO,NO,SI
10232963232,AE996CE,2026-06-18,5,SI,NO,SI,SI,SI,NO,NO,SI
10132948648,AA702TE,2026-06-18,6,SI,SI,SI,SI,SI,NO,NO,SI
10232967522,AH464BG,2026-06-18,6,SI,SI,SI,SI,SI,NO,NO,SI
10232940944,AF762WX,2026-06-18,6,SI,SI,SI,SI,SI,NO,NO,SI
10232957910,AC441IL,2026-06-18,6,SI,SI,SI,SI,SI,NO,NO,SI
10132929038,FXW759,2026-06-18,6,SI,SI,SI,SI,SI,NO,NO,SI
10232965329,NYZ909,2026-06-18,6,SI,SI,SI,SI,SI,NO,NO,SI
10232962150,MEK103,2026-06-18,5,NO,SI,SI,SI,SI,NO,NO,SI
10132960320,AH899ZE,2026-06-18,6,SI,SI,SI,SI,SI,NO,NO,SI
10132960661,JVZ132,2026-06-18,6,SI,SI,SI,SI,SI,NO,NO,SI
10232940590,AB650ZP,2026-06-18,6,SI,NO,SI,SI,SI,SI,NO,SI
10232956103,AA276YV,2026-06-18,6,SI,SI,SI,SI,SI,NO,NO,SI
10132968694,AE015UG,2026-06-18,6,SI,SI,SI,SI,SI,NO,NO,SI
10232953069,AB569DZ,2026-06-18,6,SI,SI,SI,SI,SI,NO,NO,SI
10132970396,AF284GB,2026-06-18,4,SI,NO,NO,SI,NO,SI,NO,SI
10232958113,BWD996,2026-06-18,5,SI,SI,NO,SI,SI,NO,NO,SI
10132940350,KAM352,2026-06-18,4,NO,SI,SI,SI,NO,NO,NO,SI
10132964617,OMY046,2026-06-18,5,SI,SI,NO,SI,SI,NO,NO,SI
10132951407,GDO047,2026-06-18,6,SI,SI,SI,SI,SI,NO,NO,SI
10132961115,GFV851,2026-06-18,7,SI,SI,SI,SI,SI,NO,SI,SI
10132970472,AD584WU,2026-06-18,6,SI,SI,SI,SI,SI,NO,NO,SI
10132952586,NSZ036,2026-06-18,6,SI,SI,SI,SI,SI,NO,NO,SI
10132952483,LOL491,2026-06-18,6,SI,SI,SI,SI,SI,NO,NO,SI
10232966413,EPB707,2026-06-18,6,SI,SI,SI,SI,SI,NO,NO,SI
10132969927,AH597GK,2026-06-18,6,SI,SI,SI,SI,SI,NO,NO,SI
10232968080,ECZ517,2026-06-18,6,SI,SI,SI,SI,SI,NO,NO,SI
10132970924,GTF824,2026-06-18,2,NO,NO,NO,NO,NO,NO,SI,SI
10132970953,GTF823,2026-06-18,1,NO,NO,NO,NO,NO,NO,NO,SI
10232968491,OYZ791,2026-06-18,6,SI,SI,SI,SI,SI,NO,NO,SI
10232966643,AG767ID,2026-06-18,5,SI,NO,SI,SI,SI,NO,NO,SI
10132960901,AF042RO,2026-06-18,1,NO,NO,NO,NO,NO,NO,NO,SI
10132960341,HVZ897,2026-06-18,5,NO,SI,SI,SI,SI,NO,NO,SI
10132967421,NPL288,2026-06-18,6,NO,SI,SI,SI,SI,SI,NO,SI
10132946562,COP817,2026-06-18,2,NO,NO,SI,NO,NO,NO,NO,SI
10132955824,HRF910,2026-06-18,5,NO,SI,SI,SI,SI,NO,NO,SI
10132951695,AH266JG,2026-06-18,6,SI,SI,SI,SI,SI,NO,NO,SI
10232966157,FSO232,2026-06-18,6,SI,SI,SI,SI,SI,NO,NO,SI
10132968058,KNU008,2026-06-18,5,SI,NO,SI,SI,SI,NO,NO,SI
10232949444,GRJ378,2026-06-18,6,SI,SI,SI,SI,SI,NO,NO,SI
10132963442,AC116HY,2026-06-18,5,NO,SI,SI,SI,SI,NO,NO,SI
10232966805,IBH343,2026-06-18,6,SI,SI,SI,SI,SI,NO,NO,SI
10132909035,CET563,2026-06-18,6,SI,SI,SI,SI,SI,NO,NO,SI
10132964011,JTM875,2026-06-18,6,SI,SI,SI,SI,SI,NO,NO,SI
10232968983,AI082RY,2026-06-18,6,SI,SI,SI,SI,SI,NO,NO,SI
10132964082,HHZ814,2026-06-18,7,SI,SI,SI,SI,SI,SI,NO,SI
10232960264,AD906GB,2026-06-18,6,SI,SI,SI,SI,SI,NO,NO,SI
10132950066,AC843OV,2026-06-18,6,SI,SI,SI,SI,SI,NO,NO,SI
10132965539,AI080BF,2026-06-18,6,SI,SI,SI,SI,SI,NO,NO,SI
10132952010,NPI310,2026-06-18,6,SI,SI,SI,SI,SI,NO,NO,SI
10232963018,IUE790,2026-06-18,6,NO,SI,SI,SI,SI,NO,SI,SI
10132961100,AE041ND,2026-06-18,6,SI,SI,SI,SI,SI,NO,NO,SI
10232949596,SQX445,2026-06-18,2,NO,NO,NO,SI,NO,NO,NO,SI
10132970878,AA672SB,2026-06-18,5,NO,SI,SI,SI,SI,NO,NO,SI
10132950117,AH483HM,2026-06-18,6,SI,SI,SI,SI,SI,NO,NO,SI
10132943629,AC538DN,2026-06-18,5,NO,SI,SI,SI,SI,NO,NO,SI
10232961792,IJR747,2026-06-18,6,SI,SI,SI,SI,SI,NO,NO,SI
10132963459,AA101UU,2026-06-18,6,SI,SI,SI,SI,SI,NO,NO,SI
10132960723,AH786DH,2026-06-18,6,SI,SI,SI,SI,SI,NO,NO,SI
10132944368,FHE167,2026-06-18,4,NO,SI,NO,SI,SI,NO,NO,SI
10132943565,PGI834,2026-06-18,5,NO,SI,SI,SI,SI,NO,NO,SI
10132964221,IIH339,2026-06-18,5,SI,SI,SI,SI,SI,NO,NO,NO
10132943480,FKG533,2026-06-18,4,NO,SI,SI,SI,SI,NO,NO,NO
10132970799,AC236RF,2026-06-18,5,SI,SI,SI,SI,SI,NO,NO,NO
10232968939,AG690VN,2026-06-18,5,SI,SI,SI,SI,SI,NO,NO,NO
10132951564,EKW429,2026-06-18,5,SI,SI,SI,SI,SI,NO,NO,NO
10232950184,GBZ185,2026-06-18,5,SI,SI,SI,SI,SI,NO,NO,NO
10132952530,FRY079,2026-06-18,3,SI,NO,NO,SI,SI,NO,NO,NO
10132950284,FWS113,2026-06-18,3,NO,NO,SI,SI,SI,NO,NO,NO
10132951474,AC061KV,2026-06-18,5,SI,SI,SI,SI,SI,NO,NO,NO
10232957846,MQV469,2026-06-18,4,SI,SI,NO,SI,SI,NO,NO,NO
10132947358,KGT411,2026-06-18,5,SI,SI,SI,SI,SI,NO,NO,NO
10132957806,FKE858,2026-06-18,4,SI,NO,SI,SI,SI,NO,NO,NO
10132937819,AB335HY,2026-06-18,3,NO,NO,SI,SI,SI,NO,NO,NO
10232965735,KBV348,2026-06-18,5,SI,SI,SI,SI,SI,NO,NO,NO
10232965099,IVI953,2026-06-18,5,SI,SI,SI,SI,SI,NO,NO,NO
10132958838,PLQ731,2026-06-18,4,SI,NO,SI,SI,SI,NO,NO,NO
10132940274,LYV124,2026-06-18,5,SI,SI,SI,SI,SI,NO,NO,NO
10132939841,AB182EM,2026-06-18,2,NO,NO,NO,SI,SI,NO,NO,NO
10132966305,EYP840,2026-06-18,5,SI,SI,SI,SI,SI,NO,NO,NO
10132949767,ALB397,2026-06-18,4,SI,SI,NO,SI,SI,NO,NO,NO
10132949430,AC375GF,2026-06-18,4,SI,NO,SI,SI,SI,NO,NO,NO
10132966908,AE103SL,2026-06-18,5,SI,SI,SI,SI,SI,NO,NO,NO
10232969124,BMY837,2026-06-18,3,SI,NO,NO,SI,SI,NO,NO,NO
10132947272,MLD831,2026-06-18,5,SI,SI,SI,SI,SI,NO,NO,NO
10132949698,AE915UF,2026-06-18,5,SI,SI,SI,SI,SI,NO,NO,NO
10232972724,AC126UC,2026-06-18,5,SI,SI,SI,SI,SI,NO,NO,NO
10132963063,AG457LP,2026-06-18,5,SI,SI,SI,SI,SI,NO,NO,NO
10132970147,AE863IX,2026-06-18,5,SI,SI,SI,SI,SI,NO,NO,NO
10132953805,AG644XJ,2026-06-18,3,SI,SI,SI,NO,NO,NO,NO,NO
10232969391,AE332IG,2026-06-18,5,SI,SI,SI,SI,SI,NO,NO,NO
10132965635,FJF767,2026-06-18,5,SI,SI,SI,SI,SI,NO,NO,NO
10232973854,UWB283,2026-06-18,5,SI,SI,SI,SI,SI,NO,NO,NO
10132951793,AH404EH,2026-06-18,3,SI,SI,SI,NO,NO,NO,NO,NO
10132967532,KPG584,2026-06-18,5,SI,SI,SI,SI,SI,NO,NO,NO
10132948068,AG669JQ,2026-06-18,3,SI,SI,SI,NO,NO,NO,NO,NO
10232960105,IVW814,2026-06-18,2,NO,SI,SI,NO,NO,NO,NO,NO
10232965562,AE317JN,2026-06-18,3,SI,SI,SI,NO,NO,NO,NO,NO
10132947447,FGU127,2026-06-18,3,SI,SI,SI,NO,NO,NO,NO,NO
10132974420,HTN482,2026-06-18,2,NO,SI,SI,NO,NO,NO,NO,NO
10132949194,FXI930,2026-06-18,3,SI,SI,SI,NO,NO,NO,NO,NO
10132949798,AG664FM,2026-06-18,3,SI,SI,SI,NO,NO,NO,NO,NO
10132953951,AB723JF,2026-06-18,3,SI,SI,NO,SI,NO,NO,NO,NO
10132949946,AG913VG,2026-06-18,3,SI,SI,SI,NO,NO,NO,NO,NO
10132950058,AA239HO,2026-06-18,4,SI,SI,SI,SI,NO,NO,NO,NO
10132967285,AE714TP,2026-06-18,3,SI,SI,SI,NO,NO,NO,NO,NO
10132954946,JBQ794,2026-06-18,3,SI,SI,SI,NO,NO,NO,NO,NO
10132958551,BRN466,2026-06-18,3,SI,SI,SI,NO,NO,NO,NO,NO
10132951806,AB579WU,2026-06-18,3,SI,SI,SI,NO,NO,NO,NO,NO
10132983909,IVO570,2026-06-18,5,SI,SI,SI,SI,SI,NO,NO,NO
10232966750,FXR146,2026-06-18,0,NO,NO,NO,NO,NO,NO,NO,NO

RESUMEN,,total_camiones,1531
reconocidos_4_puntos_o_mas,,1376/1531,89.88%
ingreso,,1118/1531,73.02%,error_26.98%
preingreso,,1114/1531,72.76%,error_27.24%
calada,,1355/1531,88.5%,error_11.5%
egreso,,1358/1531,88.7%,error_11.3%
ingreso_slz,,1365/1531,89.16%,error_10.84%
balanza_ingreso_slz,,275/1531,17.96%,error_82.04%
balanza_egreso_slz,,69/1531,4.51%,error_95.49%
salida_slz,,1348/1531,88.05%,error_11.95%
