ctg,patente,dia_egreso,puntos_capturados,ingreso,preingreso,calada,balanza_ingreso,balanza_egreso,celda16_descarga
10132849381,AE029PX,2026-06-12,2,NO,NO,SI,SI,NO,NO
10132849403,AI131ZI,2026-06-12,0,NO,NO,NO,NO,NO,NO
10132849471,AB137AL,2026-06-12,0,NO,NO,NO,NO,NO,NO
10132853310,AC081DZ,2026-06-12,0,NO,NO,NO,NO,NO,NO
10132853694,AD815RB,2026-06-12,1,NO,NO,NO,SI,NO,NO
10132863955,JEL526,2026-06-12,1,NO,NO,SI,NO,NO,NO
10132864171,AG886XP,2026-06-12,1,NO,NO,SI,NO,NO,NO
10132864782,AA764XO,2026-06-12,1,NO,NO,NO,SI,NO,NO
10132865399,PKR720,2026-06-12,3,SI,SI,SI,NO,NO,NO
10132865445,MPU090,2026-06-12,3,SI,SI,SI,NO,NO,NO
10132865519,KQM919,2026-06-12,2,NO,NO,SI,SI,NO,NO
10132865826,ACL381,2026-06-12,0,NO,NO,NO,NO,NO,NO
10132865884,GOI730,2026-06-12,2,NO,NO,SI,SI,NO,NO
10132866116,FYC780,2026-06-12,1,NO,NO,SI,NO,NO,NO
10132866148,AD972HM,2026-06-12,0,NO,NO,NO,NO,NO,NO
10132866852,TYI129,2026-06-12,1,NO,NO,SI,NO,NO,NO
10132867902,JNJ032,2026-06-12,2,NO,NO,SI,SI,NO,NO
10132868108,JRD973,2026-06-12,0,NO,NO,NO,NO,NO,NO
10132868944,AH083YJ,2026-06-12,3,SI,SI,SI,NO,NO,NO
10132868993,BGD244,2026-06-12,1,NO,NO,SI,NO,NO,NO
10132869537,LFH522,2026-06-12,2,NO,NO,SI,SI,NO,NO
10132870046,AA944SQ,2026-06-12,1,NO,NO,SI,NO,NO,NO
10132871045,AC457ZE,2026-06-12,1,NO,NO,SI,NO,NO,NO
10132871979,MQP888,2026-06-12,2,NO,NO,SI,SI,NO,NO
10132873043,AE977GF,2026-06-12,2,NO,NO,SI,SI,NO,NO
10132873184,AC954PF,2026-06-12,1,NO,NO,SI,NO,NO,NO
10132873424,AA737CA,2026-06-12,2,NO,NO,SI,SI,NO,NO
10132873538,MXO391,2026-06-12,2,NO,NO,SI,SI,NO,NO
10232851904,AE193KA,2026-06-12,2,NO,NO,SI,NO,NO,SI
10232854493,AG606AV,2026-06-12,2,NO,NO,SI,SI,NO,NO
10232856449,EVU853,2026-06-12,0,NO,NO,NO,NO,NO,NO
10232860691,RZR383,2026-06-12,0,NO,NO,NO,NO,NO,NO
10232863530,NZZ339,2026-06-12,0,NO,NO,NO,NO,NO,NO
10232864694,AE020TJ,2026-06-12,0,NO,NO,NO,NO,NO,NO
10232864990,HIN545,2026-06-12,0,NO,NO,NO,NO,NO,NO
10232865675,JWQ470,2026-06-12,0,NO,NO,NO,NO,NO,NO
10232865863,ULB899,2026-06-12,0,NO,NO,NO,NO,NO,NO
10232865988,AF581CK,2026-06-12,0,NO,NO,NO,NO,NO,NO
10232866302,AG538IY,2026-06-12,0,NO,NO,NO,NO,NO,NO
10232866679,NUW682,2026-06-12,0,NO,NO,NO,NO,NO,NO
10232867067,GMJ013,2026-06-12,0,NO,NO,NO,NO,NO,NO
10232867156,EFE404,2026-06-12,0,NO,NO,NO,NO,NO,NO
10232867158,NPF889,2026-06-12,0,NO,NO,NO,NO,NO,NO
10232868324,PPT952,2026-06-12,0,NO,NO,NO,NO,NO,NO
10232868449,AE302ZZ,2026-06-12,3,SI,SI,SI,NO,NO,NO
10232868879,CVP964,2026-06-12,2,NO,NO,SI,SI,NO,NO
10232868888,AC088TE,2026-06-12,0,NO,NO,NO,NO,NO,NO
10232868891,AD604NQ,2026-06-12,0,NO,NO,NO,NO,NO,NO
10232868895,GES866,2026-06-12,0,NO,NO,NO,NO,NO,NO
10232869121,HHX352,2026-06-12,0,NO,NO,NO,NO,NO,NO
10232869966,AB312UL,2026-06-12,2,NO,NO,SI,NO,NO,SI
10232870631,AF936HK,2026-06-12,1,NO,NO,SI,NO,NO,NO
10232870633,JPK171,2026-06-12,0,NO,NO,NO,NO,NO,NO
10232870726,AH381TI,2026-06-12,0,NO,NO,NO,NO,NO,NO
10232871042,AE557US,2026-06-12,0,NO,NO,NO,NO,NO,NO
10232871095,LPW204,2026-06-12,0,NO,NO,NO,NO,NO,NO
10232871582,AE997FP,2026-06-12,2,NO,NO,SI,SI,NO,NO
10232871706,GQT978,2026-06-12,0,NO,NO,NO,NO,NO,NO
10232872340,GXN483,2026-06-12,0,NO,NO,NO,NO,NO,NO
10232872354,AF283TC,2026-06-12,2,NO,NO,SI,SI,NO,NO
10232873521,AI058IN,2026-06-12,1,NO,NO,NO,SI,NO,NO
10232873834,HFW404,2026-06-12,1,NO,NO,SI,NO,NO,NO
10232874179,AB445VT,2026-06-12,1,NO,NO,SI,NO,NO,NO
10232875912,AH483YO,2026-06-12,3,SI,SI,SI,NO,NO,NO
10232876030,HEA548,2026-06-12,0,NO,NO,NO,NO,NO,NO
10132923698,AE821BL,2026-06-18,3,SI,NO,SI,SI,NO,NO
10132927357,EWM024,2026-06-18,4,SI,SI,SI,SI,NO,NO
10132939225,LDN492,2026-06-18,4,SI,SI,SI,SI,NO,NO
10132939359,LCM853,2026-06-18,2,NO,NO,SI,SI,NO,NO
10132939501,KSE172,2026-06-18,4,SI,SI,SI,SI,NO,NO
10132950190,GRY698,2026-06-18,4,SI,SI,SI,SI,NO,NO
10132953949,AA930XW,2026-06-18,3,SI,NO,SI,SI,NO,NO
10132954102,NJN904,2026-06-18,2,NO,NO,SI,SI,NO,NO
10132955176,GZF941,2026-06-18,3,SI,SI,NO,SI,NO,NO
10132964496,CCV220,2026-06-18,4,SI,SI,SI,SI,NO,NO
10232951738,JBP231,2026-06-18,1,NO,SI,NO,NO,NO,NO
10232951783,END154,2026-06-18,0,NO,NO,NO,NO,NO,NO
10232952852,HES892,2026-06-18,2,SI,NO,SI,NO,NO,NO
10232962121,PHM347,2026-06-18,4,SI,SI,SI,SI,NO,NO
10232962339,GYX132,2026-06-18,4,SI,SI,SI,SI,NO,NO
10232964894,ELJ123,2026-06-18,4,SI,SI,SI,SI,NO,NO
10232967276,AD690DP,2026-06-18,4,SI,SI,SI,SI,NO,NO
10232967444,AH013IW,2026-06-18,4,SI,SI,SI,SI,NO,NO
10232968783,KKR913,2026-06-18,2,NO,SI,SI,NO,NO,NO

RESUMEN,,total_camiones,84
reconocidos_4_puntos_o_mas,,10/84,11.9%
ingreso,,19/84,22.62%,error_77.38%
preingreso,,18/84,21.43%,error_78.57%
calada,,47/84,55.95%,error_44.05%
balanza_ingreso,,31/84,36.9%,error_63.1%
balanza_egreso,,0/84,0%,error_100%
celda16_descarga,,2/84,2.38%,error_97.62%