journey_id,plate,executive_circuit_code,circuit_name,executive_status,valid_detail,start_time,end_time,total_duration_min,ric_duration_min,bridge_duration_min,sl_duration_min,leg_plant,leg_type,event_count
merged_5d2435ef-8b3__dffa781b-b9a,BHL749,R7,Ricardone → San Lorenzo,VALIDO,,2026-10-01T08:35:55.968-03:00,2026-10-01T14:39:49.642-03:00,363.89,,115.89,248.01,MIXTO,R7_MIXTO,9
merged_1e64b8a2-e4a__47f51e71-f82,EHS233,R8,Recepción Mercadería Líquida,VALIDO,DEDUCIDO,2026-09-30T14:17:22.280-03:00,2026-10-01T12:41:43.809-03:00,1344.36,,,,,,19
merged_7d870241-16d__29dabcdc-14e,GES056,R7,Ricardone → San Lorenzo,VALIDO,,2026-09-30T13:57:46.291-03:00,2026-09-30T19:48:05.969-03:00,350.33,7.82,54.19,288.31,MIXTO,R7_MIXTO,8
merged_388e8c41-42d__6f860de4-591,EEW075,R7,Ricardone → San Lorenzo,VALIDO,,2026-10-01T09:52:30.988-03:00,2026-10-01T15:26:39.286-03:00,334.14,9.35,57.73,267.05,MIXTO,R7_MIXTO,8
merged_5a201497-470__62258072-b78,EBO971,R8,Recepción Mercadería Líquida,VALIDO,DEDUCIDO,2026-09-30T15:03:42.627-03:00,2026-09-30T20:58:17.383-03:00,354.58,,,,,,11
merged_ad2aff7b-1bd__36172767-00f,CGS172,R8,Recepción Mercadería Líquida,VALIDO,DEDUCIDO,2026-09-30T08:05:35.577-03:00,2026-09-30T12:46:16.552-03:00,280.68,,,,,,9
merged_c5857928-2c7__ec7e2c42-f26,RRE349,R8,Recepción Mercadería Líquida,VALIDO,DEDUCIDO,2026-09-30T09:38:55.922-03:00,2026-09-30T15:47:19.439-03:00,368.39,,,,,,9
merged_a59fbdb5-ca8__3903352a-4b1,TVH101,R8,Recepción Mercadería Líquida,VALIDO,DEDUCIDO,2026-09-30T10:27:29.692-03:00,2026-09-30T15:28:11.540-03:00,300.70,,,,,,9
merged_a22a87f5-803__03a7bf45-7ca,RLP943,R8,Recepción Mercadería Líquida,VALIDO,DEDUCIDO,2026-09-30T11:18:55.233-03:00,2026-09-30T18:20:26.211-03:00,421.52,,,,,,10
merged_a84d6d58-0d9__5a218e92-3d1,CGS172,R8,Recepción Mercadería Líquida,VALIDO,DEDUCIDO,2026-09-30T12:59:03.765-03:00,2026-09-30T18:13:40.289-03:00,314.61,,,,,,9
merged_4b3aa00d-2be__3a2e6e45-a44,RNM392,R8,Recepción Mercadería Líquida,VALIDO,DEDUCIDO,2026-09-30T13:41:58.156-03:00,2026-09-30T19:53:54.949-03:00,371.95,,,,,,9
merged_cfcd111c-32b__3859b59c-8e4,UUL425,R7,Ricardone → San Lorenzo,VALIDO,DEDUCIDO,2026-09-30T14:21:24.854-03:00,2026-09-30T15:16:05.201-03:00,54.67,7.36,47.31,,MIXTO,R7_MIXTO,6
merged_f586cde8-d7f__cb4cd1bb-da3,BHL749,R7,Ricardone → San Lorenzo,VALIDO,,2026-09-30T15:05:38.634-03:00,2026-09-30T20:23:09.380-03:00,317.51,5.67,38.73,273.12,MIXTO,R7_MIXTO,8
merged_051bbe67-c7e__6dd902ab-5bb,OKH237,R7,Ricardone → San Lorenzo,VALIDO,,2026-10-01T02:02:06.039-03:00,2026-10-01T08:49:59.451-03:00,407.89,169.91,7.33,230.65,MIXTO,R7_MIXTO,7
merged_ae7d38ea-a6a__62649fd5-b80,AH559VY,R7,Ricardone → San Lorenzo,VALIDO,,2026-10-01T07:36:00.510-03:00,2026-10-01T08:05:33.242-03:00,29.55,13.92,7.25,8.37,MIXTO,R7_MIXTO,4
merged_3d9fb60e-3b1__f79635e9-dc0,CRJ139,R8,Recepción Mercadería Líquida,VALIDO,DEDUCIDO,2026-10-01T09:53:06.671-03:00,2026-10-01T15:35:59.910-03:00,342.89,,,,,,9
merged_bee80bf9-5e3__53121529-92b,RKS646,R8,Recepción Mercadería Líquida,VALIDO,DEDUCIDO,2026-10-01T10:14:52.105-03:00,2026-10-01T15:46:48.381-03:00,331.94,,,,,,9
merged_b66d8972-d96__9238a6dc-a29,GES056,R7,Ricardone → San Lorenzo,VALIDO,,2026-09-30T07:57:44.509-03:00,2026-09-30T13:33:36.368-03:00,335.86,42.62,105.60,187.64,MIXTO,R7_MIXTO,9
merged_9b31c956-b78__c8e5e199-d41,RNM392,R8,Recepción Mercadería Líquida,VALIDO,DEDUCIDO,2026-09-30T08:28:40.718-03:00,2026-09-30T13:22:44.107-03:00,294.06,,,,,,9
merged_c7b0566e-e4f__414b94b1-7ec,EBO971,R8,Recepción Mercadería Líquida,VALIDO,DEDUCIDO,2026-09-30T09:09:17.500-03:00,2026-09-30T14:53:02.084-03:00,343.74,,,,,,10
merged_abda7e36-c45__a80d5af0-eb4,ODS934,R7,Ricardone → San Lorenzo,VALIDO,DEDUCIDO,2026-09-30T09:51:11.448-03:00,2026-09-30T11:34:57.894-03:00,103.77,,,,MIXTO,R7_MIXTO,4
merged_356d2733-532__c5187cb3-335,UYM942,R7,Ricardone → San Lorenzo,VALIDO,,2026-09-30T10:32:12.270-03:00,2026-09-30T15:30:56.126-03:00,298.73,10.43,57.19,231.11,MIXTO,R7_MIXTO,8
merged_41418e33-952__0df8b07a-4c1,AB706WB,R7,Ricardone → San Lorenzo,VALIDO,,2026-09-30T11:02:48.697-03:00,2026-09-30T14:52:02.621-03:00,229.23,40.51,7.60,181.12,MIXTO,R7_MIXTO,8
merged_17409898-6c2__09a252e7-551,TAC436,R7,Ricardone → San Lorenzo,VALIDO,,2026-09-30T11:09:51.360-03:00,2026-09-30T16:10:06.386-03:00,300.25,24.39,41.69,234.17,MIXTO,R7_MIXTO,9
merged_14dc4524-973__2c361fe4-ff1,BVS300,R7,Ricardone → San Lorenzo,VALIDO,,2026-09-30T11:16:31.145-03:00,2026-09-30T16:10:56.926-03:00,294.43,21.38,48.06,224.98,MIXTO,R7_MIXTO,9
merged_3e362948-2dd__05dd7c03-f39,SAT582,R8,Recepción Mercadería Líquida,VALIDO,DEDUCIDO,2026-09-30T11:19:57.475-03:00,2026-09-30T16:20:35.637-03:00,300.64,,,,,,9
merged_09537371-fe5__82bf7927-933,IWR678,R7,Ricardone → San Lorenzo,VALIDO,,2026-09-30T11:22:55.968-03:00,2026-09-30T15:01:03.597-03:00,218.13,29.05,7.59,181.48,MIXTO,R7_MIXTO,7
merged_b5dac3b9-098__ac3c61fb-0b2,UER485,R8,Recepción Mercadería Líquida,VALIDO,DEDUCIDO,2026-09-30T11:50:45.903-03:00,2026-09-30T17:02:55.818-03:00,312.17,,,,,,10
merged_48d792eb-b65__eb814b0a-d57,RAW481,R7,Ricardone → San Lorenzo,VALIDO,,2026-09-30T13:28:02.825-03:00,2026-09-30T18:37:47.307-03:00,309.74,7.63,73.56,228.56,MIXTO,R7_MIXTO,9
merged_3f797c47-fa1__4252a351-c99,RXV065,R7,Ricardone → San Lorenzo,VALIDO,,2026-09-30T15:12:55.061-03:00,2026-09-30T20:40:48.604-03:00,327.89,5.97,98.22,223.70,MIXTO,R7_MIXTO,11
merged_0127d349-559__d7429ff3-2a6,MTT517,R7,Ricardone → San Lorenzo,VALIDO,,2026-09-30T15:38:54.909-03:00,2026-09-30T15:56:24.563-03:00,17.49,5.24,7.66,4.60,MIXTO,R7_MIXTO,4
merged_886237a6-99d__35b60cd2-80b,AF066WZ,R7,Ricardone → San Lorenzo,VALIDO,,2026-09-30T16:03:58.197-03:00,2026-09-30T18:44:05.939-03:00,160.13,72.05,8.30,79.77,MIXTO,R7_MIXTO,7
merged_c83aa4d0-4e6__cd6ec6b3-453,AC926ZT,R7,Ricardone → San Lorenzo,VALIDO,,2026-09-30T22:38:26.025-03:00,2026-10-01T01:51:25.165-03:00,192.99,39.28,8.19,145.52,MIXTO,R7_MIXTO,6
merged_2f31b868-909__afd7f632-a30,OJD089,R7,Ricardone → San Lorenzo,VALIDO,,2026-10-01T01:23:15.983-03:00,2026-10-01T03:04:19.132-03:00,101.05,16.57,8.42,76.07,MIXTO,R7_MIXTO,6
merged_359e090c-36f__a09b81b9-148,AA425FJ,R7,Ricardone → San Lorenzo,VALIDO,,2026-10-01T03:09:28.274-03:00,2026-10-01T05:54:21.601-03:00,164.89,117.65,8.43,38.81,MIXTO,R7_MIXTO,5
merged_1f08ec16-083__e5466a9c-61a,SAZ976,R7,Ricardone → San Lorenzo,VALIDO,,2026-10-01T07:53:50.412-03:00,2026-10-01T16:13:54.550-03:00,500.07,6.97,8.25,484.85,MIXTO,R7_MIXTO,6
merged_252323b6-917__044a8043-03c,AYB759,R8,Recepción Mercadería Líquida,VALIDO,DEDUCIDO,2026-10-01T08:21:48.192-03:00,2026-10-01T14:36:08.794-03:00,374.34,,,,,,9
merged_d910171c-191__59aedcf6-580,AAE877,R7,Ricardone → San Lorenzo,VALIDO,,2026-10-01T09:20:14.075-03:00,2026-10-01T15:09:30.434-03:00,349.27,36.88,50.94,261.45,MIXTO,R7_MIXTO,8
merged_b138ce8a-637__c9a85db2-ce5,MZN471,R7,Ricardone → San Lorenzo,VALIDO,,2026-09-30T04:52:31.861-03:00,2026-09-30T07:42:09.456-03:00,169.63,43.25,8.65,117.72,MIXTO,R7_MIXTO,7
merged_672d40c8-774__587affec-623,DGR440,R7,Ricardone → San Lorenzo,VALIDO,,2026-09-30T07:52:31.369-03:00,2026-09-30T12:38:24.913-03:00,285.89,15.54,113.64,156.71,MIXTO,R7_MIXTO,9
merged_523c4377-270__8a9a6259-0e9,FDH917,R7,Ricardone → San Lorenzo,VALIDO,,2026-09-30T07:55:15.301-03:00,2026-09-30T13:09:56.360-03:00,314.68,31.00,110.72,172.96,MIXTO,R7_MIXTO,9
merged_6b8e38e8-4ac__4d30509e-97e,AH795LV,R7,Ricardone → San Lorenzo,VALIDO,,2026-09-30T08:07:04.382-03:00,2026-09-30T16:25:34.002-03:00,498.49,5.04,9.15,484.31,MIXTO,R7_MIXTO,8
merged_71a9542b-685__2ead7e3a-a63,RXV065,R7,Ricardone → San Lorenzo,VALIDO,,2026-09-30T09:39:28.885-03:00,2026-09-30T14:58:42.940-03:00,319.23,15.49,96.51,207.23,MIXTO,R7_MIXTO,9
merged_ed897429-45a__954eb9a3-427,UPW705,R7,Ricardone → San Lorenzo,VALIDO,DEDUCIDO,2026-09-30T09:49:49.642-03:00,2026-09-30T15:09:38.483-03:00,319.81,11.35,,,MIXTO,R7_MIXTO,7
merged_ec2b3ecf-ea7__7b1ab7a7-343,UKL882,R7,Ricardone → San Lorenzo,VALIDO,,2026-09-30T10:03:17.368-03:00,2026-09-30T15:15:17.150-03:00,312.00,8.33,86.40,217.27,MIXTO,R7_MIXTO,10
merged_6f7d7e5f-668__f1cb0cc0-ee9,VAJ028,R8,Recepción Mercadería Líquida,VALIDO,DEDUCIDO,2026-09-30T11:15:46.180-03:00,2026-09-30T16:10:35.157-03:00,294.82,,,,,,9
merged_d970cd2c-e87__0c48606a-d0e,FDH917,R7,Ricardone → San Lorenzo,VALIDO,,2026-09-30T13:29:57.552-03:00,2026-09-30T18:46:00.664-03:00,316.05,8.23,72.07,235.76,MIXTO,R7_MIXTO,9
merged_76e3ac02-1bc__9060a23b-cdb,TSX149,R7,Ricardone → San Lorenzo,VALIDO,DEDUCIDO,2026-09-30T13:51:00.506-03:00,2026-09-30T16:46:23.898-03:00,175.39,22.64,,,MIXTO,R7_MIXTO,5
merged_180a7eee-044__006ef65d-992,AA488IX,R7,Ricardone → San Lorenzo,VALIDO,,2026-09-30T14:22:05.656-03:00,2026-09-30T17:37:44.688-03:00,195.65,5.01,9.43,181.21,MIXTO,R7_MIXTO,7
merged_5642292d-745__dc3a7276-60d,HNR613,R7,Ricardone → San Lorenzo,VALIDO,,2026-09-30T14:45:32.322-03:00,2026-09-30T18:26:13.510-03:00,220.69,142.99,9.36,68.33,MIXTO,R7_MIXTO,7
merged_2c818d53-a97__ff684f13-cad,IIR677,R7,Ricardone → San Lorenzo,VALIDO,,2026-09-30T15:43:18.205-03:00,2026-09-30T18:41:46.083-03:00,178.46,90.31,8.64,79.52,MIXTO,R7_MIXTO,7
merged_1960b74d-8a0__80cba27b-2b8,MOF325,R7,Ricardone → San Lorenzo,VALIDO,,2026-09-30T15:44:32.291-03:00,2026-09-30T18:29:03.418-03:00,164.52,86.27,8.54,69.71,MIXTO,R7_MIXTO,7
merged_53656268-62a__fa2b8188-a09,IVP956,R7,Ricardone → San Lorenzo,VALIDO,,2026-09-30T22:17:01.787-03:00,2026-10-01T01:29:30.639-03:00,192.48,52.40,9.15,130.92,MIXTO,R7_MIXTO,6
merged_af3a58bf-b84__4ad5f10a-124,NAZ841,R7,Ricardone → San Lorenzo,VALIDO,,2026-09-30T22:17:52.753-03:00,2026-10-01T01:49:50.207-03:00,211.96,55.78,9.23,146.95,MIXTO,R7_MIXTO,6
merged_f706b88d-be9__513694be-ce0,PJJ799,R7,Ricardone → San Lorenzo,VALIDO,,2026-09-30T22:45:39.330-03:00,2026-10-01T02:14:05.869-03:00,208.44,45.76,8.93,153.75,MIXTO,R7_MIXTO,6
merged_cb8b764e-d15__b7a166e3-ae3,AG534QA,R7,Ricardone → San Lorenzo,VALIDO,,2026-09-30T22:52:57.833-03:00,2026-10-01T02:22:35.513-03:00,209.63,40.88,9.47,159.27,MIXTO,R7_MIXTO,6
merged_69c1d157-a7e__ce7e15e6-a2e,HCG771,R7,Ricardone → San Lorenzo,VALIDO,,2026-09-30T23:41:02.724-03:00,2026-10-01T02:58:38.835-03:00,197.60,35.75,9.41,152.44,MIXTO,R7_MIXTO,6
merged_0252848e-146__a7ea0690-94b,PNO784,R7,Ricardone → San Lorenzo,VALIDO,,2026-10-01T00:39:18.867-03:00,2026-10-01T04:05:13.329-03:00,205.91,46.40,9.22,150.29,MIXTO,R7_MIXTO,7
merged_cef1ed70-67b__c67a1065-cc0,KGH536,R7,Ricardone → San Lorenzo,VALIDO,,2026-10-01T01:24:20.627-03:00,2026-10-01T04:47:43.588-03:00,203.38,14.25,9.05,180.08,MIXTO,R7_MIXTO,6
merged_a817cbd9-6be__04e9454c-292,BMM438,R7,Ricardone → San Lorenzo,VALIDO,,2026-10-01T03:38:20.376-03:00,2026-10-01T09:25:55.607-03:00,347.59,96.52,9.31,241.76,MIXTO,R7_MIXTO,7
merged_7b697660-e7f__7c52813c-814,EUB299,R7,Ricardone → San Lorenzo,VALIDO,,2026-10-01T05:16:06.956-03:00,2026-10-01T08:31:40.171-03:00,195.55,25.99,9.48,160.08,MIXTO,R7_MIXTO,7
merged_fccaa654-eec__1a411183-e81,AE180IO,R7,Ricardone → San Lorenzo,VALIDO,,2026-10-01T07:02:54.153-03:00,2026-10-01T09:36:57.951-03:00,154.06,83.08,8.98,62.00,MIXTO,R7_MIXTO,5
merged_92cb3bc5-0bb__d07a19ac-ad3,GQL244,R7,Ricardone → San Lorenzo,VALIDO,,2026-10-01T07:06:18.487-03:00,2026-10-01T08:42:05.721-03:00,95.79,37.21,9.20,7.48,MIXTO,R7_MIXTO,5
merged_a0e5e3fd-2ec__50058a6c-151,CIE516,R7,Ricardone → San Lorenzo,VALIDO,DEDUCIDO,2026-10-01T10:21:03.529-03:00,2026-10-01T10:36:27.612-03:00,15.40,15.40,,,MIXTO,R7_MIXTO,4
merged_e0d47b28-4ac__025587ff-618,AG623FV,R7,Ricardone → San Lorenzo,VALIDO,,2026-09-30T03:38:37.602-03:00,2026-09-30T08:19:54.442-03:00,281.28,125.75,9.51,146.03,MIXTO,R7_MIXTO,7
merged_0cde1ba7-bf9__4f3bb289-fce,AC658DF,R4,Recepción Silos Kepler 2,VALIDO,DEDUCIDO,2026-09-30T11:50:11.101-03:00,2026-09-30T16:39:42.034-03:00,289.52,,,,,,6
merged_c27c04ce-a1a__1c8db0dc-e1e,ECX249,R8,Recepción Mercadería Líquida,VALIDO,DEDUCIDO,2026-09-30T11:55:12.161-03:00,2026-09-30T16:35:55.810-03:00,280.73,,,,,,9
merged_a8ea9e98-3a5__cc2a0a0f-ed0,AH235VR,R7,Ricardone → San Lorenzo,VALIDO,,2026-09-30T14:23:27.982-03:00,2026-09-30T18:07:34.422-03:00,224.11,158.63,10.28,55.20,MIXTO,R7_MIXTO,7
merged_152e711c-ca5__d7053a25-674,OTA336,R7,Ricardone → San Lorenzo,VALIDO,,2026-09-30T14:43:00.794-03:00,2026-09-30T18:17:38.224-03:00,214.62,140.70,10.13,63.80,MIXTO,R7_MIXTO,7
merged_f8348883-77f__dace817f-019,AG229IE,R7,Ricardone → San Lorenzo,VALIDO,,2026-09-30T16:25:20.194-03:00,2026-09-30T19:34:55.053-03:00,189.58,55.27,9.75,124.56,MIXTO,R7_MIXTO,6
merged_c4014218-bf1__eeabd7ad-9a4,IBH343,R7,Ricardone → San Lorenzo,VALIDO,,2026-09-30T18:08:02.174-03:00,2026-09-30T22:39:26.784-03:00,271.41,125.95,9.81,135.65,MIXTO,R7_MIXTO,6
merged_afa009cf-7db__bdf2f329-2d7,LBD413,R7,Ricardone → San Lorenzo,VALIDO,,2026-09-30T19:33:34.231-03:00,2026-10-01T00:08:51.738-03:00,275.29,52.93,10.41,211.95,MIXTO,R7_MIXTO,5
merged_9c6e108a-f12__e520ed62-488,AE513TA,R7,Ricardone → San Lorenzo,VALIDO,,2026-09-30T19:40:41.298-03:00,2026-10-01T00:14:55.951-03:00,274.24,48.15,10.48,215.62,MIXTO,R7_MIXTO,6
merged_3703fde2-281__b956023a-c7b,RZS408,R7,Ricardone → San Lorenzo,VALIDO,,2026-09-30T20:02:02.731-03:00,2026-10-01T00:44:09.493-03:00,282.11,39.49,10.35,232.27,MIXTO,R7_MIXTO,6
merged_ed228faf-2cb__268526f4-e49,GCB473,R7,Ricardone → San Lorenzo,VALIDO,,2026-09-30T22:15:47.703-03:00,2026-10-01T01:42:12.424-03:00,206.41,56.49,9.71,140.21,MIXTO,R7_MIXTO,7
merged_703f154b-f7d__b89a83e8-f4b,OAT016,R7,Ricardone → San Lorenzo,VALIDO,,2026-09-30T23:11:59.662-03:00,2026-10-01T02:40:10.015-03:00,208.17,30.96,9.52,167.69,MIXTO,R7_MIXTO,7
merged_db490d59-22e__c5d914f9-e5b,AI362IP,R7,Ricardone → San Lorenzo,VALIDO,,2026-09-30T23:29:04.359-03:00,2026-10-01T03:23:55.602-03:00,234.85,45.19,9.55,180.11,MIXTO,R7_MIXTO,5
merged_0e4e552d-346__910d85da-dc3,FLC094,R7,Ricardone → San Lorenzo,VALIDO,,2026-09-30T23:33:07.654-03:00,2026-10-01T03:10:36.883-03:00,217.49,34.51,9.72,173.26,MIXTO,R7_MIXTO,6
merged_391b42f3-6b9__52f105d1-190,SBV011,R7,Ricardone → San Lorenzo,VALIDO,,2026-09-30T23:34:29.178-03:00,2026-10-01T03:35:38.483-03:00,241.16,43.09,10.37,187.70,MIXTO,R7_MIXTO,6
merged_bfa49970-f8a__02acb870-5e8,AH340GM,R7,Ricardone → San Lorenzo,VALIDO,,2026-10-01T00:14:01.316-03:00,2026-10-01T04:22:25.181-03:00,248.40,70.43,9.67,168.29,MIXTO,R7_MIXTO,6
merged_de9385f5-248__28875d6e-bd4,AA459EI,R7,Ricardone → San Lorenzo,VALIDO,,2026-10-01T00:45:58.011-03:00,2026-10-01T04:27:52.472-03:00,221.91,48.59,9.51,163.81,MIXTO,R7_MIXTO,7
merged_8bc114a1-0a3__2fed723c-846,AE963XA,R7,Ricardone → San Lorenzo,VALIDO,,2026-10-01T00:52:48.995-03:00,2026-10-01T04:41:38.723-03:00,228.83,42.17,9.54,177.12,MIXTO,R7_MIXTO,7
merged_bdc6de43-11f__7a96c3e5-e92,AI455EY,R7,Ricardone → San Lorenzo,VALIDO,,2026-10-01T03:06:08.663-03:00,2026-10-01T09:06:05.477-03:00,359.95,110.48,9.76,239.71,MIXTO,R7_MIXTO,7
merged_fe86c73f-14e__39c221b2-fcf,AC065FR,R7,Ricardone → San Lorenzo,VALIDO,,2026-10-01T03:26:40.173-03:00,2026-10-01T05:46:11.565-03:00,139.52,94.88,10.22,34.42,MIXTO,R7_MIXTO,6
merged_47423719-eca__7d72d455-8c2,AC065FP,R7,Ricardone → San Lorenzo,VALIDO,,2026-10-01T03:27:29.376-03:00,2026-10-01T09:14:47.940-03:00,347.31,94.52,10.19,242.60,MIXTO,R7_MIXTO,7
merged_6b14c1a4-1e6__d6429002-eff,ENN095,R7,Ricardone → San Lorenzo,VALIDO,,2026-10-01T03:44:36.636-03:00,2026-10-01T06:17:45.843-03:00,153.15,90.82,10.31,52.03,MIXTO,R7_MIXTO,5
merged_3fc70443-18d__5e0b3069-b40,SLD748,R7,Ricardone → San Lorenzo,VALIDO,,2026-10-01T07:07:47.212-03:00,2026-10-01T16:15:29.909-03:00,547.71,36.12,9.51,502.08,MIXTO,R7_MIXTO,6
merged_8ae2f560-2ba__8d6e743f-796,IRK465,R7,Ricardone → San Lorenzo,VALIDO,,2026-10-01T07:17:29.404-03:00,2026-10-01T09:18:57.899-03:00,121.47,26.73,9.97,9.41,MIXTO,R7_MIXTO,5
merged_4d747cc7-2d4__a26ea441-fff,KIM991,R7,Ricardone → San Lorenzo,VALIDO,,2026-10-01T07:18:51.330-03:00,2026-10-01T09:46:44.185-03:00,147.88,69.05,9.73,69.10,MIXTO,R7_MIXTO,7
merged_2e850473-9c4__f983a604-694,HDT433,R7,Ricardone → San Lorenzo,VALIDO,,2026-10-01T07:24:37.509-03:00,2026-10-01T10:05:48.563-03:00,161.18,68.24,9.50,83.44,MIXTO,R7_MIXTO,7
merged_e68c84f7-645__f7b1c631-403,AE247CC,R7,Ricardone → San Lorenzo,VALIDO,,2026-10-01T08:20:00.503-03:00,2026-10-01T10:25:54.265-03:00,125.90,15.05,9.51,101.34,MIXTO,R7_MIXTO,7
merged_085b780e-2a0__cc96dd89-a23,AD956ZF,R7,Ricardone → San Lorenzo,VALIDO,,2026-10-01T08:54:14.464-03:00,2026-10-01T12:59:26.515-03:00,245.20,2.30,9.57,11.91,MIXTO,R7_MIXTO,6
merged_67faedf2-6c4__0d504c9b-38e,SAT582,R8,Recepción Mercadería Líquida,VALIDO,DEDUCIDO,2026-10-01T09:33:22.041-03:00,2026-10-01T14:50:33.500-03:00,317.19,,,,,,9
merged_66f24b71-6d0__c3ca192d-374,KAD727,R7,Ricardone → San Lorenzo,VALIDO,,2026-09-30T05:27:35.584-03:00,2026-09-30T16:29:13.810-03:00,661.64,133.62,11.24,516.77,MIXTO,R7_MIXTO,7
merged_15df136c-f77__4f2cac82-e39,HGC160,R7,Ricardone → San Lorenzo,VALIDO,,2026-09-30T05:53:55.196-03:00,2026-09-30T09:05:17.577-03:00,191.37,129.45,10.90,51.02,MIXTO,R7_MIXTO,7
merged_db2f0509-12c__fec67b94-288,LCY577,R7,Ricardone → San Lorenzo,VALIDO,,2026-09-30T07:20:53.258-03:00,2026-09-30T11:12:17.759-03:00,231.41,64.81,10.95,155.65,MIXTO,R7_MIXTO,7
merged_e0020c4a-35b__fb14fa62-d6b,SKA637,R7,Ricardone → San Lorenzo,VALIDO,,2026-09-30T07:28:27.127-03:00,2026-09-30T11:24:24.457-03:00,235.96,54.55,11.17,170.24,MIXTO,R7_MIXTO,7
merged_beae6fa6-3b9__435f986e-238,CKQ212,R8,Recepción Mercadería Líquida,VALIDO,DEDUCIDO,2026-09-30T07:46:56.949-03:00,2026-09-30T12:24:24.217-03:00,277.45,,,,,,10
merged_1dd556bb-c9c__951dc7f1-50b,UUO981,R8,Recepción Mercadería Líquida,VALIDO,DEDUCIDO,2026-09-30T08:24:36.131-03:00,2026-09-30T12:36:26.049-03:00,251.83,,,,,,9
merged_9049f35b-e89__e1cbd684-aa1,AC184IH,R7,Ricardone → San Lorenzo,VALIDO,,2026-09-30T12:07:48.786-03:00,2026-09-30T15:02:45.317-03:00,174.94,71.65,11.21,92.08,MIXTO,R7_MIXTO,7
merged_ef2355c7-986__220630b8-54c,JVA446,R7,Ricardone → San Lorenzo,VALIDO,,2026-09-30T12:19:17.947-03:00,2026-09-30T16:11:40.703-03:00,232.38,65.12,10.94,156.31,MIXTO,R7_MIXTO,7
merged_4d96a597-20b__11c82985-294,EEW075,R7,Ricardone → San Lorenzo,VALIDO,,2026-09-30T12:22:33.110-03:00,2026-09-30T22:42:01.326-03:00,619.47,,,565.90,MIXTO,R7_MIXTO,13
merged_0e7d2cb5-f13__4ecc4389-31e,UUU110,R7,Ricardone → San Lorenzo,VALIDO,DEDUCIDO,2026-09-30T12:47:51.646-03:00,2026-09-30T14:38:16.972-03:00,110.42,13.24,11.20,,MIXTO,R7_MIXTO,4
merged_349ae416-c63__3d17c343-02a,OIW209,R7,Ricardone → San Lorenzo,VALIDO,,2026-09-30T19:35:14.159-03:00,2026-10-01T00:34:25.419-03:00,299.19,64.64,10.87,223.68,MIXTO,R7_MIXTO,6
merged_abc0ea4b-cae__474559ac-d20,AI212GZ,R7,Ricardone → San Lorenzo,VALIDO,,2026-09-30T19:52:15.896-03:00,2026-10-01T00:47:20.569-03:00,295.08,61.08,10.55,223.45,MIXTO,R7_MIXTO,7
merged_b0fb8827-0e5__6e1b7b24-6d6,AWQ503,R7,Ricardone → San Lorenzo,VALIDO,,2026-09-30T21:32:33.313-03:00,2026-10-01T02:34:07.950-03:00,301.58,82.65,11.27,207.65,MIXTO,R7_MIXTO,6
merged_6917e27f-b0b__c939e0cf-140,AH672UR,R7,Ricardone → San Lorenzo,VALIDO,,2026-09-30T22:23:11.091-03:00,2026-10-01T03:02:36.851-03:00,279.43,86.39,10.80,182.23,MIXTO,R7_MIXTO,6
merged_736585c3-d96__dbeb8b9f-231,IBC288,R7,Ricardone → San Lorenzo,VALIDO,,2026-09-30T22:31:22.237-03:00,2026-10-01T01:53:26.453-03:00,202.07,48.34,10.96,142.78,MIXTO,R7_MIXTO,5
merged_c03490de-44e__ca33bc7f-9df,DHR695,R7,Ricardone → San Lorenzo,VALIDO,,2026-09-30T22:34:39.531-03:00,2026-10-01T02:09:25.997-03:00,214.77,50.31,11.36,153.11,MIXTO,R7_MIXTO,6
merged_5a1b9ea8-947__84f2d262-919,AF653TA,R7,Ricardone → San Lorenzo,VALIDO,,2026-09-30T22:39:20.747-03:00,2026-10-01T01:59:05.749-03:00,199.75,40.92,11.46,147.37,MIXTO,R7_MIXTO,7
merged_43efbff3-91b__8addf98f-090,HUK533,R7,Ricardone → San Lorenzo,VALIDO,,2026-09-30T23:04:25.235-03:00,2026-10-01T03:13:21.508-03:00,248.94,48.31,10.82,189.80,MIXTO,R7_MIXTO,7
merged_a31461c0-95f__b2de7399-6d8,AG818PJ,R7,Ricardone → San Lorenzo,VALIDO,,2026-09-30T23:35:17.423-03:00,2026-10-01T03:35:12.152-03:00,239.91,43.13,11.31,185.47,MIXTO,R7_MIXTO,7
merged_afb2c94f-91d__342b1ff6-901,EAX665,R7,Ricardone → San Lorenzo,VALIDO,,2026-09-30T23:36:09.747-03:00,2026-10-01T03:36:30.504-03:00,240.35,43.34,11.08,185.93,MIXTO,R7_MIXTO,6
merged_66424a3e-7bb__1664cf71-98b,MOV231,R7,Ricardone → San Lorenzo,VALIDO,,2026-09-30T23:47:54.587-03:00,2026-10-01T03:58:40.956-03:00,250.77,45.28,10.53,194.96,MIXTO,R7_MIXTO,6
merged_6fd9b7e6-82d__184ab2ff-713,AD807OB,R7,Ricardone → San Lorenzo,VALIDO,,2026-10-01T00:21:09.664-03:00,2026-10-01T04:03:31.888-03:00,222.37,59.97,11.46,150.94,MIXTO,R7_MIXTO,6
merged_f92c4be4-377__9929fd8c-eb4,AI526KD,R7,Ricardone → San Lorenzo,VALIDO,,2026-10-01T02:25:04.520-03:00,2026-10-01T07:43:39.041-03:00,318.58,152.01,10.99,155.57,MIXTO,R7_MIXTO,5
merged_e31d6b81-238__6b5bd230-024,LGB811,R7,Ricardone → San Lorenzo,VALIDO,,2026-10-01T05:52:01.482-03:00,2026-10-01T09:35:44.442-03:00,223.72,151.16,10.51,62.04,MIXTO,R7_MIXTO,7
merged_2b2c24fa-36c__5beb3f76-21d,OTQ966,R7,Ricardone → San Lorenzo,VALIDO,,2026-10-01T06:09:10.342-03:00,2026-10-01T09:59:45.258-03:00,230.58,141.66,11.01,77.92,MIXTO,R7_MIXTO,6
merged_295807f9-0f9__65592760-5d5,XBN447,R7,Ricardone → San Lorenzo,VALIDO,,2026-10-01T06:24:49.141-03:00,2026-10-01T09:53:12.421-03:00,208.39,124.17,11.37,72.85,MIXTO,R7_MIXTO,7
merged_702823b2-1bb__54f0b5d4-68f,GTJ012,R7,Ricardone → San Lorenzo,VALIDO,,2026-10-01T07:34:12.984-03:00,2026-10-01T10:13:01.977-03:00,158.82,59.28,10.54,89.00,MIXTO,R7_MIXTO,7
merged_8c8e7b02-155__76647930-0c2,AE868LS,R7,Ricardone → San Lorenzo,VALIDO,,2026-09-30T05:08:17.995-03:00,2026-09-30T07:50:49.064-03:00,162.52,148.66,11.80,2.05,MIXTO,R7_MIXTO,4
merged_4bbf3eb4-54a__4573abfa-700,EFA323,R7,Ricardone → San Lorenzo,VALIDO,DEDUCIDO,2026-09-30T05:10:36.244-03:00,2026-09-30T10:08:22.807-03:00,297.78,150.13,,,MIXTO,R7_MIXTO,4
merged_01e6c28f-07a__f9cc41e8-8b4,MVY131,R7,Ricardone → San Lorenzo,VALIDO,,2026-09-30T06:15:23.271-03:00,2026-09-30T09:17:44.476-03:00,182.35,109.19,11.54,61.62,MIXTO,R7_MIXTO,7
merged_67abc0d6-410__d79dc197-b10,AH650BH,R7,Ricardone → San Lorenzo,VALIDO,,2026-09-30T06:23:30.657-03:00,2026-09-30T09:21:34.888-03:00,178.07,102.60,11.52,63.95,MIXTO,R7_MIXTO,7
merged_9c0173b5-c59__64d7656b-0d2,FVX399,R7,Ricardone → San Lorenzo,VALIDO,,2026-09-30T06:37:21.269-03:00,2026-09-30T09:31:08.437-03:00,173.79,90.19,11.96,71.64,MIXTO,R7_MIXTO,7
merged_28d6a8ae-5c1__58771bc3-b23,UUH028,R7,Ricardone → San Lorenzo,VALIDO,,2026-09-30T07:13:48.913-03:00,2026-09-30T10:26:37.184-03:00,192.80,56.53,12.15,124.12,MIXTO,R7_MIXTO,8
merged_9c4a03a5-e3b__c8fad246-be6,JRM177,R7,Ricardone → San Lorenzo,VALIDO,,2026-09-30T07:18:46.131-03:00,2026-09-30T11:00:26.675-03:00,221.68,65.46,11.86,144.36,MIXTO,R7_MIXTO,7
merged_f2f179e6-2a5__db4add63-fee,TBK992,R7,Ricardone → San Lorenzo,VALIDO,,2026-09-30T07:19:49.096-03:00,2026-09-30T10:56:01.569-03:00,216.21,63.96,11.78,140.48,MIXTO,R7_MIXTO,7
merged_d6c19246-745__d4dd43ba-075,IJGE107,R7,Ricardone → San Lorenzo,VALIDO,DEDUCIDO,2026-09-30T07:29:08.567-03:00,2026-09-30T07:53:37.098-03:00,24.48,12.60,11.88,,MIXTO,R7_MIXTO,3
merged_54e2a148-07f__05bdfc11-66a,IZK674,R7,Ricardone → San Lorenzo,VALIDO,,2026-09-30T07:40:59.650-03:00,2026-09-30T10:41:35.103-03:00,180.59,40.23,11.85,128.51,MIXTO,R7_MIXTO,7
merged_adae7201-f0d__f0253235-b71,FZV741,R7,Ricardone → San Lorenzo,VALIDO,,2026-09-30T07:43:25.259-03:00,2026-09-30T10:31:11.773-03:00,167.78,37.34,11.71,118.73,MIXTO,R7_MIXTO,8
merged_6d910067-cfc__13b24d17-791,AYB759,R8,Recepción Mercadería Líquida,VALIDO,DEDUCIDO,2026-09-30T08:06:23.979-03:00,2026-09-30T13:46:49.765-03:00,340.43,,,,,,9
merged_50bb1b87-73f__a63fe418-7fa,AE762DG,R4,Recepción Silos Kepler 2,VALIDO,DEDUCIDO,2026-09-30T10:16:31.414-03:00,2026-09-30T14:55:41.668-03:00,279.17,,,,,,6
merged_436e88b2-8d1__6521e90b-2da,AI208OH,R7,Ricardone → San Lorenzo,VALIDO,,2026-09-30T11:46:01.808-03:00,2026-09-30T16:11:15.413-03:00,265.23,96.03,12.18,157.01,MIXTO,R7_MIXTO,8
merged_cfe24c63-4cb__6a9733ff-4ad,PIJ265,R7,Ricardone → San Lorenzo,VALIDO,,2026-09-30T11:48:56.620-03:00,2026-09-30T15:55:13.188-03:00,246.28,91.18,11.57,143.52,MIXTO,R7_MIXTO,8
merged_3adf5c97-f07__c7d8c113-84b,MRM512,R7,Ricardone → San Lorenzo,VALIDO,,2026-09-30T15:14:17.303-03:00,2026-09-30T17:48:50.533-03:00,154.55,6.03,11.85,136.68,MIXTO,R7_MIXTO,8
merged_96a8970c-7b8__b62acedd-49e,AF681NU,R7,Ricardone → San Lorenzo,VALIDO,,2026-09-30T15:50:37.831-03:00,2026-09-30T22:17:00.006-03:00,386.37,240.55,11.52,134.31,MIXTO,R7_MIXTO,6
merged_91ec40f3-2dd__9bb6278c-28f,JBN715,R7,Ricardone → San Lorenzo,VALIDO,,2026-09-30T17:11:24.214-03:00,2026-09-30T20:33:03.178-03:00,201.65,9.71,12.34,179.60,MIXTO,R7_MIXTO,5
merged_e6e3aadc-3fa__4e82aad2-e5b,IIY525,R7,Ricardone → San Lorenzo,VALIDO,,2026-09-30T17:31:38.046-03:00,2026-09-30T23:44:50.493-03:00,373.21,171.05,12.22,189.94,MIXTO,R7_MIXTO,6
merged_1da3f3ff-aba__173d343a-819,LDN602,R7,Ricardone → San Lorenzo,VALIDO,,2026-09-30T18:19:04.050-03:00,2026-09-30T23:04:14.759-03:00,285.18,116.30,12.47,156.41,MIXTO,R7_MIXTO,6
merged_153a83b1-35a__08058514-b94,AD985IA,R7,Ricardone → San Lorenzo,VALIDO,,2026-09-30T18:50:19.921-03:00,2026-09-30T23:12:12.950-03:00,261.88,87.82,11.62,162.44,MIXTO,R7_MIXTO,6
merged_579c9d5a-50e__f77d92f0-587,FRG064,R7,Ricardone → San Lorenzo,VALIDO,,2026-09-30T18:58:18.508-03:00,2026-09-30T23:31:30.253-03:00,273.20,83.37,11.67,178.16,MIXTO,R7_MIXTO,6
merged_63da0128-59f__7fdbb050-d27,AA824HW,R7,Ricardone → San Lorenzo,VALIDO,,2026-09-30T19:25:57.804-03:00,2026-10-01T01:01:43.674-03:00,335.76,205.05,11.70,119.01,MIXTO,R7_MIXTO,6
merged_97607d10-6ae__db6e4e02-5f5,LHE266,R7,Ricardone → San Lorenzo,VALIDO,,2026-09-30T22:30:24.476-03:00,2026-10-01T01:55:06.653-03:00,204.70,47.82,11.82,145.07,MIXTO,R7_MIXTO,6
merged_c73ffee1-e9a__e3e6e17b-ffd,SLT997,R7,Ricardone → San Lorenzo,VALIDO,,2026-09-30T22:46:56.692-03:00,2026-10-01T02:24:34.440-03:00,217.63,48.20,12.04,157.38,MIXTO,R7_MIXTO,7
merged_a6577a4b-c7e__5a0768d4-344,SWE419,R7,Ricardone → San Lorenzo,VALIDO,DEDUCIDO,2026-09-30T23:42:30.087-03:00,2026-10-01T00:32:42.499-03:00,50.21,38.01,12.19,,MIXTO,R7_MIXTO,4
merged_376a9875-bcd__4e4d9281-889,PQV114,R7,Ricardone → San Lorenzo,VALIDO,,2026-09-30T23:43:57.773-03:00,2026-10-01T03:40:30.840-03:00,236.55,37.30,12.20,187.05,MIXTO,R7_MIXTO,5
merged_458cff03-938__731b74ee-1c0,BNU854,R7,Ricardone → San Lorenzo,VALIDO,,2026-10-01T00:10:25.784-03:00,2026-10-01T04:17:05.293-03:00,246.66,70.16,11.56,164.94,MIXTO,R7_MIXTO,5
merged_21378a36-efb__1b3b547d-e70,ILB670,R7,Ricardone → San Lorenzo,VALIDO,,2026-10-01T00:14:54.201-03:00,2026-10-01T03:28:43.703-03:00,193.83,60.99,11.85,120.98,MIXTO,R7_MIXTO,5
merged_d6f3f76d-c0f__99d5ccef-07f,OOY184,R7,Ricardone → San Lorenzo,VALIDO,DEDUCIDO,2026-10-01T04:20:56.445-03:00,2026-10-01T09:09:19.293-03:00,288.38,60.51,11.80,216.07,MIXTO,R7_MIXTO,4
merged_70ce6bdd-340__47fa12ca-8ac,TAS064,R7,Ricardone → San Lorenzo,VALIDO,DEDUCIDO,2026-10-01T08:15:55.208-03:00,2026-10-01T08:54:48.898-03:00,38.89,26.95,,,MIXTO,R7_MIXTO,3
merged_e4f0daf9-666__7b938b05-b72,ENW015,R8,Recepción Mercadería Líquida,VALIDO,DEDUCIDO,2026-09-30T10:44:45.752-03:00,2026-09-30T14:31:23.353-03:00,226.63,,,,,,9
merged_354ba29a-0a1__7c676433-c57,BHL749,R7,Ricardone → San Lorenzo,VALIDO,,2026-09-30T08:12:11.458-03:00,2026-09-30T13:58:27.267-03:00,346.26,32.01,117.14,197.12,MIXTO,R7_MIXTO,9
merged_d3acea05-c29__569aae0b-560,CKQ212,R8,Recepción Mercadería Líquida,VALIDO,DEDUCIDO,2026-09-30T12:35:44.804-03:00,2026-09-30T17:38:48.482-03:00,303.06,,,,,,9
merged_9f15310c-eb3__18fa7fa5-67d,ROK514,R7,Ricardone → San Lorenzo,VALIDO,DEDUCIDO,2026-09-30T17:03:28.647-03:00,2026-09-30T17:39:33.325-03:00,36.08,23.33,12.75,,MIXTO,R7_MIXTO,3
merged_5311f552-002__b1c29956-61a,KQV940,R7,Ricardone → San Lorenzo,VALIDO,,2026-09-30T22:13:04.415-03:00,2026-10-01T01:10:18.760-03:00,177.24,47.99,13.17,116.08,MIXTO,R7_MIXTO,6
merged_ed844e33-c53__4bd661ef-2cd,TGX554,R7,Ricardone → San Lorenzo,VALIDO,,2026-10-01T04:08:52.564-03:00,2026-10-01T06:26:55.863-03:00,138.05,74.42,13.07,50.56,MIXTO,R7_MIXTO,5
merged_6d36fcba-61e__2df2c537-93e,RXT510,R7,Ricardone → San Lorenzo,VALIDO,,2026-09-30T07:02:12.793-03:00,2026-09-30T09:28:51.142-03:00,146.64,64.30,13.64,68.70,MIXTO,R7_MIXTO,7
merged_21e12303-ee1__038acc63-b8d,LUV179,R7,Ricardone → San Lorenzo,VALIDO,,2026-09-30T09:10:23.742-03:00,2026-09-30T12:22:55.421-03:00,192.53,141.37,13.74,37.42,MIXTO,R7_MIXTO,7
merged_4121cda8-2c1__e832c37b-8cb,AI470QY,R7,Ricardone → San Lorenzo,VALIDO,,2026-09-30T09:57:58.388-03:00,2026-09-30T12:30:01.712-03:00,152.06,94.36,14.34,43.35,MIXTO,R7_MIXTO,7
merged_94432f7f-624__e7aecd2f-f90,AG991NU,R4,Recepción Silos Kepler 2,VALIDO,DEDUCIDO,2026-09-30T10:34:27.958-03:00,2026-09-30T15:37:43.655-03:00,303.26,,,,,,6
merged_fed173a3-7ca__c6fecd89-648,JDI547,R7,Ricardone → San Lorenzo,VALIDO,,2026-09-30T16:14:05.594-03:00,2026-09-30T19:55:23.744-03:00,221.30,67.77,14.14,139.40,MIXTO,R7_MIXTO,5
merged_104b5d14-bf5__1248ee52-887,GGO842,R7,Ricardone → San Lorenzo,VALIDO,,2026-10-01T07:27:04.401-03:00,2026-10-01T15:54:19.001-03:00,507.24,17.52,14.45,475.27,MIXTO,R7_MIXTO,6
merged_8b6fe778-220__0d23f756-648,KTP4047,R7,Ricardone → San Lorenzo,VALIDO,,2026-09-30T07:40:08.809-03:00,2026-09-30T10:24:06.446-03:00,163.96,163.96,,15.18,MIXTO,R7_MIXTO,5
merged_2e7f152c-272__07a61947-b25,LUJ718,R7,Ricardone → San Lorenzo,VALIDO,,2026-09-30T12:25:58.208-03:00,2026-09-30T16:51:12.697-03:00,265.24,79.65,15.18,170.41,MIXTO,R7_MIXTO,7
merged_a1f73246-61a__312e2659-1e8,NWE016,R7,Ricardone → San Lorenzo,VALIDO,,2026-09-30T16:32:13.176-03:00,2026-09-30T20:03:33.180-03:00,211.33,50.68,15.00,145.64,MIXTO,R7_MIXTO,6
merged_bee2bd3d-e84__d60c5295-8d3,AE235GS,R7,Ricardone → San Lorenzo,VALIDO,,2026-09-30T16:57:44.385-03:00,2026-09-30T20:14:12.938-03:00,196.48,25.69,15.06,155.73,MIXTO,R7_MIXTO,6
merged_048a7693-a0e__ad50bff2-c03,AI125ZN,R7,Ricardone → San Lorenzo,VALIDO,,2026-10-01T04:30:55.198-03:00,2026-10-01T06:40:17.080-03:00,129.36,52.83,14.57,61.97,MIXTO,R7_MIXTO,5
merged_582f12cd-bf8__a152f7bf-855,OLL595,R7,Ricardone → San Lorenzo,VALIDO,,2026-09-30T09:51:43.966-03:00,2026-09-30T13:01:44.330-03:00,190.01,35.17,15.79,4.55,MIXTO,R7_MIXTO,5
merged_7081ca56-d9e__ddda3a30-ecb,OHO175,R7,Ricardone → San Lorenzo,VALIDO,,2026-09-30T08:31:46.728-03:00,2026-09-30T12:11:40.832-03:00,219.90,168.57,18.05,33.28,MIXTO,R7_MIXTO,8
merged_3fdc25c0-41a__0d5082e5-f76,DPE897,R7,Ricardone → San Lorenzo,VALIDO,,2026-09-30T14:06:05.120-03:00,2026-09-30T17:58:05.435-03:00,232.01,165.81,18.02,48.18,MIXTO,R7_MIXTO,7
merged_201c6a45-25d__ee2acfcf-3d2,BTS626,R7,Ricardone → San Lorenzo,VALIDO,,2026-09-30T06:36:17.068-03:00,2026-09-30T12:10:48.038-03:00,334.52,334.52,,127.28,MIXTO,R7_MIXTO,5
merged_fa0dda23-c2e__3b0d722c-69e,AH575YL,R7,Ricardone → San Lorenzo,VALIDO,,2026-09-30T11:49:31.979-03:00,2026-09-30T16:48:13.025-03:00,298.68,102.50,19.92,176.27,MIXTO,R7_MIXTO,7
merged_45735896-e7f__a6872b5a-53b,AA230MJ,R7,Ricardone → San Lorenzo,VALIDO,,2026-09-30T12:44:40.193-03:00,2026-09-30T17:07:04.918-03:00,262.41,66.02,20.31,176.08,MIXTO,R7_MIXTO,7
merged_08dd3f75-a3e__769ce1ad-17d,KUB033,R7,Ricardone → San Lorenzo,VALIDO,,2026-09-30T12:52:29.983-03:00,2026-09-30T17:31:53.833-03:00,279.40,59.10,20.33,199.96,MIXTO,R7_MIXTO,7
merged_ba40e77e-50a__b44c9c67-2c2,AG742LY,R7,Ricardone → San Lorenzo,VALIDO,,2026-09-30T08:41:03.881-03:00,2026-09-30T16:27:33.289-03:00,466.49,5.30,20.96,440.23,MIXTO,R7_MIXTO,11
merged_2792384b-18f__568ed4ad-3b0,DBC994,R7,Ricardone → San Lorenzo,VALIDO,,2026-09-30T12:20:44.190-03:00,2026-09-30T17:20:04.029-03:00,299.33,75.74,20.72,202.87,MIXTO,R7_MIXTO,7
merged_a847b938-83e__8e66235a-e62,IAB283,R7,Ricardone → San Lorenzo,VALIDO,,2026-09-30T12:22:20.595-03:00,2026-09-30T16:59:45.222-03:00,277.41,70.20,20.74,186.47,MIXTO,R7_MIXTO,7
merged_bf586ef2-5bf__dff4518d-961,DKS130,R7,Ricardone → San Lorenzo,VALIDO,,2026-09-30T08:09:11.107-03:00,2026-09-30T14:36:23.085-03:00,387.20,192.32,22.39,172.49,MIXTO,R7_MIXTO,7
merged_b37f3287-542__a0e5e3fd-2ec,CIE516,R7,Ricardone → San Lorenzo,VALIDO,,2026-09-30T12:59:45.663-03:00,2026-09-30T18:44:03.928-03:00,344.30,,,214.90,MIXTO,R7_MIXTO,9
e057a7a7-461c-4f35-b63d-eb077545e5ac,AA875OG,SL1,Recepción Carga OSL San Lorenzo,VALIDO,DEDUCIDO,2026-09-30T07:03:09.242-03:00,2026-09-30T10:32:26.003-03:00,209.28,,,,,,7
6741d391-a64a-4ad4-9d8a-97abef8421c7,TAC436,R7,Ricardone → San Lorenzo,VALIDO,,2026-09-30T07:33:46.265-03:00,2026-09-30T10:53:48.396-03:00,200.04,,,129.60,MIXTO,R7_MIXTO,9
e5bb07d4-3e1e-4837-b090-01ab9bbba7c1,BVS300,R7,Ricardone → San Lorenzo,VALIDO,,2026-09-30T07:34:27.868-03:00,2026-09-30T11:05:16.591-03:00,210.81,,,137.11,MIXTO,R7_MIXTO,8
d23809fa-23c3-4396-be1f-7e2638a14e83,ROL445,R7,Ricardone → San Lorenzo,VALIDO,,2026-09-30T07:35:57.791-03:00,2026-09-30T12:10:26.836-03:00,274.48,274.48,,,MIXTO,R7_MIXTO,2
3fe30f2e-2187-4eb1-92c0-d0f2155f23bb,RAW481,R7,Ricardone → San Lorenzo,VALIDO,DEDUCIDO,2026-09-30T07:53:35.935-03:00,2026-09-30T08:21:37.917-03:00,28.03,28.03,,,MIXTO,R7_MIXTO,3
241715b7-8aa6-4e66-9b23-dbaa5aed3045,LBI503,R8,Recepción Mercadería Líquida,VALIDO,DEDUCIDO,2026-09-30T07:56:18.556-03:00,2026-09-30T10:37:28.410-03:00,161.16,,,,,,6
15091f09-7cd3-4c5f-874b-142a05f79d8e,KUH403,SL1,Recepción Carga OSL San Lorenzo,VALIDO,DEDUCIDO,2026-09-30T08:18:02.942-03:00,2026-09-30T11:29:11.252-03:00,191.14,,,,,,8
159740a3-5af5-49f5-a50c-52223d1bd0db,UUL425,R7,Ricardone → San Lorenzo,VALIDO,DEDUCIDO,2026-09-30T08:33:01.373-03:00,2026-09-30T08:41:34.305-03:00,8.55,8.55,,,MIXTO,R7_MIXTO,3
1d7a158c-6db3-4045-8bcc-95824d7bdcd5,TPC499,R7,Ricardone → San Lorenzo,VALIDO,DEDUCIDO,2026-09-30T08:42:18.843-03:00,2026-09-30T14:23:16.583-03:00,340.96,340.96,,,MIXTO,R7_MIXTO,4
d4c2a0a6-8c8c-4641-8a34-584cb2571138,AF281CI,R7,Ricardone → San Lorenzo,VALIDO,,2026-09-30T10:17:38.619-03:00,2026-09-30T11:17:29.350-03:00,59.85,59.85,,,MIXTO,R7_MIXTO,2
199cbd55-2098-4cdf-99be-f361813e3b82,PNO784,R7,Ricardone → San Lorenzo,VALIDO,DEDUCIDO,2026-09-30T10:25:08.804-03:00,2026-09-30T12:24:29.127-03:00,119.34,119.34,,,MIXTO,R7_MIXTO,3
7e4a0b50-a25a-483e-8964-a3dfd9414ffc,VHW515,R7,Ricardone → San Lorenzo,VALIDO,,2026-09-30T12:55:51.832-03:00,2026-09-30T17:51:29.676-03:00,295.63,,,211.74,MIXTO,R7_MIXTO,6
a6a9555a-d52f-4dab-adb3-f3c554b2fda4,EPC180,R7,Ricardone → San Lorenzo,VALIDO,DEDUCIDO,2026-09-30T14:43:41.438-03:00,2026-09-30T19:11:51.882-03:00,268.17,268.17,,,MIXTO,R7_MIXTO,3
ede8ef0b-9d14-445f-b16a-a4e47789a5da,LZP121,R8,Recepción Mercadería Líquida,VALIDO,DEDUCIDO,2026-09-30T15:41:23.048-03:00,2026-09-30T16:00:36.225-03:00,19.22,,,,,,5
5b21cdbd-5d5a-4009-b36d-51657d3f5641__cycle_1,UWX998,R7,Ricardone → San Lorenzo,VALIDO,,2026-09-30T16:29:28.128-03:00,2026-09-30T17:52:20.709-03:00,82.88,,,,MIXTO,R7_MIXTO,4
0f8a15a3-db2c-49d5-8142-1e6b735fd338,MYE678,R7,Ricardone → San Lorenzo,VALIDO,,2026-09-30T18:25:09.114-03:00,2026-09-30T23:25:59.961-03:00,300.85,,,175.58,MIXTO,R7_MIXTO,5
f117f5c7-c1c4-4e5b-8acc-c981c39651d2,EYH843,R7,Ricardone → San Lorenzo,VALIDO,,2026-09-30T18:38:56.040-03:00,2026-10-01T00:28:46.443-03:00,349.84,,,188.95,MIXTO,R7_MIXTO,7
4c09661f-e448-400a-b55e-6e25879ac06c__cycle_1,RAW481,R7,Ricardone → San Lorenzo,VALIDO,,2026-09-30T18:54:59.776-03:00,2026-09-30T21:25:52.176-03:00,150.87,,,,MIXTO,R7_MIXTO,3
3859b59c-8e4a-4168-911c-e7eaa8f0b2e3__cycle_2,UUL425,R7,Ricardone → San Lorenzo,VALIDO,,2026-09-30T20:11:24.605-03:00,2026-10-01T12:09:03.151-03:00,957.64,,,585.71,MIXTO,R7_MIXTO,14
fbabfa4d-d81d-449b-b8e1-c36ccb2fffa5,OUR677,R7,Ricardone → San Lorenzo,VALIDO,DEDUCIDO,2026-09-30T20:14:19.736-03:00,2026-09-30T22:58:40.460-03:00,164.35,164.35,,,MIXTO,R7_MIXTO,3
a4a4546f-ab8b-49e7-ac4f-cbb26ba21b2e,RXV065,R7,Ricardone → San Lorenzo,VALIDO,,2026-09-30T20:51:04.848-03:00,2026-10-01T01:36:53.216-03:00,285.81,,,197.29,MIXTO,R7_MIXTO,7
df11114d-a6df-4274-94b1-76b28fe5ec44,AA969XN,R7,Ricardone → San Lorenzo,VALIDO,,2026-09-30T21:59:56.928-03:00,2026-10-01T01:23:01.265-03:00,203.07,,,133.61,MIXTO,R7_MIXTO,5
109facda-72f9-4dcf-8532-3b4b7209879e,ERH210,R7,Ricardone → San Lorenzo,VALIDO,,2026-09-30T22:00:31.172-03:00,2026-10-01T01:36:07.118-03:00,215.60,,,140.37,MIXTO,R7_MIXTO,5
1adcc6e6-4f93-43c8-a0f3-0f8f3c7ef105,GLT396,R7,Ricardone → San Lorenzo,VALIDO,,2026-09-30T22:13:59.297-03:00,2026-10-01T01:40:05.893-03:00,206.11,,,140.26,MIXTO,R7_MIXTO,5
32a77cff-d961-443a-aaea-c9fc4a16443a,EFZ230,R7,Ricardone → San Lorenzo,VALIDO,,2026-09-30T22:14:50.822-03:00,2026-10-01T01:21:39.952-03:00,186.82,,,123.69,MIXTO,R7_MIXTO,4
153f75ff-0530-4ce9-bf6c-81c6ce002484,RGO317,R7,Ricardone → San Lorenzo,VALIDO,,2026-10-01T00:12:15.152-03:00,2026-10-01T04:02:59.961-03:00,230.75,,,151.58,MIXTO,R7_MIXTO,3
9cb313b5-1b14-43be-b20d-8e4afabee1fc,BIE472,R7,Ricardone → San Lorenzo,VALIDO,,2026-10-01T04:07:16.477-03:00,2026-10-01T06:02:03.026-03:00,114.78,,,35.70,MIXTO,R7_MIXTO,6
dc1809b8-b920-42ce-ba39-2a2f80bce271,WJM895,R7,Ricardone → San Lorenzo,VALIDO,DEDUCIDO,2026-10-01T04:08:00.238-03:00,2026-10-01T07:30:08.304-03:00,202.13,,,118.38,MIXTO,R7_MIXTO,4
7f9ec868-d785-41c4-986d-f0c3550c9930__cycle_2,TAO150,R8,Recepción Mercadería Líquida,VALIDO,DEDUCIDO,2026-10-01T04:34:19.930-03:00,2026-10-01T14:05:30.209-03:00,571.17,,,,,,7
1b6504df-4624-4dd2-9700-950774474013,UPW705,R7,Ricardone → San Lorenzo,VALIDO,,2026-10-01T04:46:30.372-03:00,2026-10-01T11:02:13.256-03:00,375.71,,,301.77,MIXTO,R7_MIXTO,5
34857fd1-5ef2-4edf-bc7d-12a4fbfb8440,UKL882,R7,Ricardone → San Lorenzo,VALIDO,,2026-10-01T04:51:50.071-03:00,2026-10-01T11:12:27.822-03:00,380.63,,,294.37,MIXTO,R7_MIXTO,8
1dab556d-c368-452b-80c5-5dd29b89c8dd,FDH917,R7,Ricardone → San Lorenzo,VALIDO,,2026-10-01T05:46:38.505-03:00,2026-10-01T11:57:20.470-03:00,370.70,,,311.09,MIXTO,R7_MIXTO,7
b86d5986-e969-43e2-919d-fcb9691c8117,GES056,R7,Ricardone → San Lorenzo,VALIDO,,2026-10-01T05:47:54.829-03:00,2026-10-01T12:04:29.202-03:00,376.57,,,265.22,MIXTO,R7_MIXTO,7
c4f51cd2-8acd-44f4-a66e-a10dea029c90,DGR440,R7,Ricardone → San Lorenzo,VALIDO,,2026-10-01T07:58:24.827-03:00,2026-10-01T13:51:47.514-03:00,353.38,,,265.68,MIXTO,R7_MIXTO,7
98f7cb22-80d7-42ec-a85f-ca2984add378,FEA810,SL1,Recepción Carga OSL San Lorenzo,VALIDO,DEDUCIDO,2026-10-01T07:59:27.670-03:00,2026-10-01T14:23:11.323-03:00,383.73,,,,,,9
34afe77a-b17d-4c80-86a0-8e91777fda64,AE305VO,R7,Ricardone → San Lorenzo,VALIDO,DEDUCIDO,2026-10-01T08:26:33.407-03:00,2026-10-01T11:00:23.536-03:00,153.84,153.84,,,MIXTO,R7_MIXTO,3
b80083e4-4f69-4946-9b45-00088de328cc,CKG404,R7,Ricardone → San Lorenzo,VALIDO,DEDUCIDO,2026-10-01T08:39:04.889-03:00,2026-10-01T11:03:51.866-03:00,144.78,144.78,,,MIXTO,R7_MIXTO,3
05a03a75-d422-4a3f-9a0f-623b09e34ce4,RNA535,R7,Ricardone → San Lorenzo,VALIDO,DEDUCIDO,2026-10-01T09:02:42.094-03:00,2026-10-01T11:07:44.202-03:00,125.04,125.04,,,MIXTO,R7_MIXTO,3
a56462a2-e7b0-49d7-a553-06274b16bb1f,RLO639,R7,Ricardone → San Lorenzo,VALIDO,DEDUCIDO,2026-10-01T09:21:11.837-03:00,2026-10-01T11:33:11.969-03:00,132.00,132.00,,,MIXTO,R7_MIXTO,3
9ced1aef-9be9-427e-9c39-489c64f60728,AE323YI,R7,Ricardone → San Lorenzo,VALIDO,DEDUCIDO,2026-10-01T09:33:51.643-03:00,2026-10-01T11:10:28.131-03:00,96.61,96.61,,,MIXTO,R7_MIXTO,3
aec56d7b-d371-4e0b-bd57-3268c86b9b0b,AC123OZ,R7,Ricardone → San Lorenzo,VALIDO,,2026-10-01T10:12:46.497-03:00,2026-10-01T10:22:35.404-03:00,9.82,9.82,,,MIXTO,R7_MIXTO,2
dcd8af66-f7a1-4fe1-ad41-e81390b4d2db,CGV979,R7,Ricardone → San Lorenzo,VALIDO,DEDUCIDO,2026-10-01T10:31:03.761-03:00,2026-10-01T10:38:09.539-03:00,7.10,7.10,,,MIXTO,R7_MIXTO,3
be81631f-7cc2-4cca-8624-f84708b52f31,EZL435,R7,Ricardone → San Lorenzo,VALIDO,DEDUCIDO,2026-10-01T10:37:45.467-03:00,2026-10-01T11:31:47.725-03:00,54.04,54.04,,,MIXTO,R7_MIXTO,3
df97449f-d8fc-4117-82ce-e32daf401f32,UPW705,R7,Ricardone → San Lorenzo,VALIDO,,2026-10-01T11:18:32.409-03:00,2026-10-01T11:32:10.127-03:00,13.63,13.63,,,MIXTO,R7_MIXTO,2
d74fcc5a-1230-4cfb-8e80-5f10852167f8,AC293WB,R7,Ricardone → San Lorenzo,VALIDO,,2026-10-01T11:21:50.259-03:00,2026-10-01T13:26:05.753-03:00,124.26,124.26,,,MIXTO,R7_MIXTO,2
39a0f2a5-6fae-4600-a95f-27b7a30344ee,AD841WT,R7,Ricardone → San Lorenzo,VALIDO,DEDUCIDO,2026-10-01T11:23:17.945-03:00,2026-10-01T14:27:27.647-03:00,184.16,184.16,,,MIXTO,R7_MIXTO,3
f3f6cc65-e403-408f-b30f-9d42d7bbdd19,GQE007,R7,Ricardone → San Lorenzo,VALIDO,DEDUCIDO,2026-10-01T11:25:26.648-03:00,2026-10-01T14:26:24.124-03:00,180.96,180.96,,,MIXTO,R7_MIXTO,3
6b470277-a21e-42eb-8413-2ac2210818c7,AD644HW,R7,Ricardone → San Lorenzo,VALIDO,DEDUCIDO,2026-10-01T11:26:08.029-03:00,2026-10-01T13:33:23.618-03:00,127.26,127.26,,,MIXTO,R7_MIXTO,3
471376ba-13d1-4f8c-aa53-457b8a72e035,EPC180,R7,Ricardone → San Lorenzo,VALIDO,DEDUCIDO,2026-10-01T11:29:16.629-03:00,2026-10-01T17:20:00.992-03:00,350.74,350.74,,,MIXTO,R7_MIXTO,3
f76b86e5-3465-450e-966a-032aa8b17897,EYH843,R7,Ricardone → San Lorenzo,VALIDO,,2026-10-01T11:43:33.559-03:00,2026-10-01T11:47:32.741-03:00,3.99,3.99,,,MIXTO,R7_MIXTO,2
f8716ec0-db0c-4c5e-9e76-2b49a26e8328,GXT382,R7,Ricardone → San Lorenzo,VALIDO,,2026-10-01T11:52:21.189-03:00,2026-10-01T11:58:04.217-03:00,5.72,5.72,,,MIXTO,R7_MIXTO,2
c66e39b5-5526-4c70-9fea-6afc1466bb26,RAW481,R7,Ricardone → San Lorenzo,VALIDO,DEDUCIDO,2026-10-01T11:53:58.073-03:00,2026-10-01T12:02:17.912-03:00,8.33,8.33,,,MIXTO,R7_MIXTO,3
c743526a-a4fa-49bc-afcd-bca90e3d90cd,FDH917,R7,Ricardone → San Lorenzo,VALIDO,DEDUCIDO,2026-10-01T12:07:45.321-03:00,2026-10-01T12:13:49.711-03:00,6.07,6.07,,,MIXTO,R7_MIXTO,3
4283a2b2-21a2-4a73-ad84-4c05cb9d4a55,GES056,R7,Ricardone → San Lorenzo,VALIDO,DEDUCIDO,2026-10-01T12:17:34.798-03:00,2026-10-01T12:23:02.305-03:00,5.46,5.46,,,MIXTO,R7_MIXTO,3
f9596f68-5ec5-41a5-8e2d-571d60daed5d,ESF460,R7,Ricardone → San Lorenzo,VALIDO,DEDUCIDO,2026-10-01T12:18:30.639-03:00,2026-10-01T13:34:49.864-03:00,76.32,76.32,,,MIXTO,R7_MIXTO,3
042ca513-dc05-45cd-9508-568416c92624,UUL425,R7,Ricardone → San Lorenzo,VALIDO,DEDUCIDO,2026-10-01T12:19:22.962-03:00,2026-10-01T12:30:13.930-03:00,10.85,10.85,,,MIXTO,R7_MIXTO,3
b7856350-416f-419d-99ab-ea6034a9258d,AC732JF,R7,Ricardone → San Lorenzo,VALIDO,DEDUCIDO,2026-10-01T12:27:52.034-03:00,2026-10-01T13:38:17.636-03:00,70.43,70.43,,,MIXTO,R7_MIXTO,3
4a6d1513-efa0-4ec9-9223-5d80582b39bf,AE341FF,R7,Ricardone → San Lorenzo,VALIDO,DEDUCIDO,2026-10-01T12:48:09.626-03:00,2026-10-01T13:40:08.762-03:00,51.99,51.99,,,MIXTO,R7_MIXTO,3
99d0d987-2831-44b0-8602-1b148004eeed,KLG373,R7,Ricardone → San Lorenzo,VALIDO,,2026-10-01T12:54:14.207-03:00,2026-10-01T13:43:27.894-03:00,49.23,49.23,,,MIXTO,R7_MIXTO,2
4f67925d-5c3a-4350-91b0-0caa2a5c3569,OBD112,R7,Ricardone → San Lorenzo,VALIDO,DEDUCIDO,2026-10-01T12:55:09.967-03:00,2026-10-01T13:43:53.816-03:00,48.73,48.73,,,MIXTO,R7_MIXTO,3
0478927c-d7c3-4b8c-b683-de8ac0c04468,AG746EI,R7,Ricardone → San Lorenzo,VALIDO,DEDUCIDO,2026-10-01T12:56:24.614-03:00,2026-10-01T16:09:57.547-03:00,193.55,193.55,,,MIXTO,R7_MIXTO,4
428ae45b-75e8-4485-bd37-ece2cbbbbba8,AE382XE,R7,Ricardone → San Lorenzo,VALIDO,DEDUCIDO,2026-10-01T12:59:46.545-03:00,2026-10-01T13:48:41.512-03:00,48.92,48.92,,,MIXTO,R7_MIXTO,3
85ea8323-f9d0-4efd-8392-2c3a9d582b78,AH730WC,R7,Ricardone → San Lorenzo,VALIDO,DEDUCIDO,2026-10-01T13:00:32.948-03:00,2026-10-01T13:49:09.113-03:00,48.60,48.60,,,MIXTO,R7_MIXTO,3
d9b11a9b-50c3-44d6-b383-bc23d5ebf9dd,KAD727,R7,Ricardone → San Lorenzo,VALIDO,,2026-10-01T13:01:17.109-03:00,2026-10-01T13:06:26.964-03:00,5.16,5.16,,,MIXTO,R7_MIXTO,2
2e838f05-33a1-4d20-ae16-1b856f557593,SMN846,R7,Ricardone → San Lorenzo,VALIDO,,2026-10-01T13:02:30.875-03:00,2026-10-01T13:08:50.893-03:00,6.33,6.33,,,MIXTO,R7_MIXTO,2
1da2d9a8-a342-4849-8482-aac238ef55f5,RXV065,R7,Ricardone → San Lorenzo,VALIDO,DEDUCIDO,2026-10-01T13:22:50.065-03:00,2026-10-01T13:31:11.131-03:00,8.35,8.35,,,MIXTO,R7_MIXTO,3
5f7ad0d2-5a41-4538-8b12-9fd2e4ac0e07,DFP716,R7,Ricardone → San Lorenzo,VALIDO,DEDUCIDO,2026-10-01T13:40:10.445-03:00,2026-10-01T13:46:56.544-03:00,6.77,6.77,,,MIXTO,R7_MIXTO,3
8a78c943-21a8-4d71-b8d3-1d44bbf08d1e,DGR440,R7,Ricardone → San Lorenzo,VALIDO,DEDUCIDO,2026-10-01T14:03:28.849-03:00,2026-10-01T14:11:56.231-03:00,8.46,8.46,,,MIXTO,R7_MIXTO,3
fe2567d9-a0af-4b21-8a7d-39fb87a4e2ca,OYZ151,R7,Ricardone → San Lorenzo,VALIDO,DEDUCIDO,2026-10-01T14:13:56.725-03:00,2026-10-01T16:58:19.316-03:00,164.38,164.38,,,MIXTO,R7_MIXTO,3
2d2e64ee-cf86-4141-930b-873cafda663d,FEA810,R7,Ricardone → San Lorenzo,VALIDO,,2026-10-01T14:33:18.953-03:00,2026-10-01T14:39:02.968-03:00,5.73,5.73,,,MIXTO,R7_MIXTO,2
56c0540c-63ef-4b7f-8688-d265c87d3dad,AF550CI,R7,Ricardone → San Lorenzo,VALIDO,,2026-10-01T14:50:24.533-03:00,2026-10-01T14:59:06.639-03:00,8.70,8.70,,,MIXTO,R7_MIXTO,2
23b6dbd9-64ab-48df-93da-6d595e6837b2,IYR725,R7,Ricardone → San Lorenzo,VALIDO,DEDUCIDO,2026-10-01T14:51:28.936-03:00,2026-10-01T16:45:54.473-03:00,114.43,114.43,,,MIXTO,R7_MIXTO,3
5f5ae2f5-612a-41a6-983e-1fec2d47012d,BKP136,R7,Ricardone → San Lorenzo,VALIDO,DEDUCIDO,2026-10-01T15:11:29.827-03:00,2026-10-01T16:56:53.473-03:00,105.39,105.39,,,MIXTO,R7_MIXTO,3
ede65a00-9eba-46dd-8605-b739a83fbb69,GJU523,R7,Ricardone → San Lorenzo,VALIDO,DEDUCIDO,2026-10-01T15:14:25.355-03:00,2026-10-01T17:01:00.048-03:00,106.58,106.58,,,MIXTO,R7_MIXTO,3
848b775d-0dbc-467f-9c82-0d39b422d0a9,AAE877,R7,Ricardone → San Lorenzo,VALIDO,DEDUCIDO,2026-10-01T15:20:58.820-03:00,2026-10-01T15:31:27.710-03:00,10.48,10.48,,,MIXTO,R7_MIXTO,3
595885d6-b29f-4753-b5ac-e3706c7142fb,GYW157,R7,Ricardone → San Lorenzo,VALIDO,,2026-10-01T15:27:06.599-03:00,2026-10-01T15:32:24.195-03:00,5.29,5.29,,,MIXTO,R7_MIXTO,2
cf21e7b9-3500-4a25-bc46-ca8ddbc0fefe,BVS300,R7,Ricardone → San Lorenzo,VALIDO,,2026-10-01T15:29:51.809-03:00,2026-10-01T22:35:35.494-03:00,425.73,,,342.05,MIXTO,R7_MIXTO,7
79438bd1-90c6-48c2-8785-0fca6b558e4e,LOF032,R7,Ricardone → San Lorenzo,VALIDO,DEDUCIDO,2026-10-01T15:32:28.539-03:00,2026-10-01T16:59:43.243-03:00,87.25,87.25,,,MIXTO,R7_MIXTO,3
c3a821bf-0274-4365-95de-e789183cf21d,EEW075,R7,Ricardone → San Lorenzo,VALIDO,,2026-10-01T15:34:11.666-03:00,2026-10-01T22:50:47.779-03:00,436.60,,,338.33,MIXTO,R7_MIXTO,7
3fb2cb26-9153-4d2c-83e2-79d0a38bf6f0,RSF463,R7,Ricardone → San Lorenzo,VALIDO,DEDUCIDO,2026-10-01T16:00:43.199-03:00,2026-10-01T17:09:58.957-03:00,69.26,69.26,,,MIXTO,R7_MIXTO,3
aaedd761-f2c3-4f72-9854-eb5e26d4c758,AI494DO,R7,Ricardone → San Lorenzo,VALIDO,DEDUCIDO,2026-10-01T16:02:07.922-03:00,2026-10-01T17:00:16.123-03:00,58.14,58.14,,,MIXTO,R7_MIXTO,3
1accb96b-7bfb-4684-89e5-319766576c56,JVH604,R7,Ricardone → San Lorenzo,VALIDO,DEDUCIDO,2026-10-01T16:03:17.527-03:00,2026-10-01T19:57:37.408-03:00,234.33,234.33,,,MIXTO,R7_MIXTO,3
c4fe0715-cff4-410f-900f-41b704db20e1,RWD252,R7,Ricardone → San Lorenzo,VALIDO,DEDUCIDO,2026-10-01T16:11:30.837-03:00,2026-10-01T17:04:33.421-03:00,53.04,53.04,,,MIXTO,R7_MIXTO,3
bb127ba0-4f26-4955-b1ad-dec71a29c3f1,AA037JX,R7,Ricardone → San Lorenzo,VALIDO,DEDUCIDO,2026-10-01T16:19:31.025-03:00,2026-10-01T17:08:53.435-03:00,49.37,49.37,,,MIXTO,R7_MIXTO,3
f1bf4e88-c804-42a0-aa39-76eb70565829,CIE516,R7,Ricardone → San Lorenzo,VALIDO,DEDUCIDO,2026-10-01T16:23:12.796-03:00,2026-10-01T17:51:29.178-03:00,88.27,,,,MIXTO,R7_MIXTO,5
3f881238-d732-4d9d-97d0-0a390fcdd505,UKL882,R7,Ricardone → San Lorenzo,VALIDO,,2026-10-01T16:40:38.618-03:00,2026-10-01T23:58:24.539-03:00,437.77,,,344.17,MIXTO,R7_MIXTO,8
9da687da-660b-40e0-91e4-7391ce89c642__cycle_1,CGV979,R7,Ricardone → San Lorenzo,VALIDO,DEDUCIDO,2026-10-01T16:41:06.220-03:00,2026-10-01T18:17:05.429-03:00,95.99,,,,MIXTO,R7_MIXTO,5
2182b583-7cf8-4abb-a19b-34b00c96c235,AH573VD,R7,Ricardone → San Lorenzo,VALIDO,DEDUCIDO,2026-10-01T17:22:53.967-03:00,2026-10-01T20:10:08.171-03:00,167.24,167.24,,,MIXTO,R7_MIXTO,3
705fcc29-a01d-4039-b341-ade69576a744,MRM512,R7,Ricardone → San Lorenzo,VALIDO,,2026-10-01T17:29:16.789-03:00,2026-10-01T17:43:29.875-03:00,14.22,14.22,,,MIXTO,R7_MIXTO,2
ac1ec907-e03d-454d-bd16-ecf13bbf5c5c,BHL749,R7,Ricardone → San Lorenzo,VALIDO,,2026-10-01T17:36:24.813-03:00,2026-10-02T00:34:51.853-03:00,418.45,,,282.79,MIXTO,R7_MIXTO,5
ac8b6f1c-dc69-4f8c-9038-a324a09be606,FDH917,R7,Ricardone → San Lorenzo,VALIDO,DEDUCIDO,2026-10-01T17:45:40.527-03:00,2026-10-02T01:08:42.205-03:00,443.03,,,,MIXTO,R7_MIXTO,6
f36b9454-0ecc-4940-9f46-520547cac9b1,GES056,R7,Ricardone → San Lorenzo,VALIDO,,2026-10-01T17:50:42.544-03:00,2026-10-02T01:38:45.206-03:00,468.04,,,310.64,MIXTO,R7_MIXTO,7
1d2c188b-ef64-4923-848b-d3754d8ebeeb,BWJ665,R7,Ricardone → San Lorenzo,VALIDO,DEDUCIDO,2026-10-01T18:16:14.897-03:00,2026-10-01T20:24:26.939-03:00,128.20,128.20,,,MIXTO,R7_MIXTO,3
9c6f8bc9-4235-40e4-8056-2dae88ca5c49,RXV065,R7,Ricardone → San Lorenzo,VALIDO,,2026-10-01T19:47:15.779-03:00,2026-10-02T02:50:09.733-03:00,422.90,,,322.40,MIXTO,R7_MIXTO,7
bde972c5-ccd5-48b7-ac5c-313bdf4b7b23,OJD684,R7,Ricardone → San Lorenzo,VALIDO,DEDUCIDO,2026-10-01T20:31:06.171-03:00,2026-10-01T22:53:30.503-03:00,142.41,142.41,,,MIXTO,R7_MIXTO,3
a449d272-459d-43c1-9192-ba7af212e3f5,GNI051,R7,Ricardone → San Lorenzo,VALIDO,DEDUCIDO,2026-10-01T20:40:52.287-03:00,2026-10-01T22:57:11.556-03:00,136.32,136.32,,,MIXTO,R7_MIXTO,3
19645669-ef08-4662-b304-bb82950e173f,AB393SF,R7,Ricardone → San Lorenzo,VALIDO,DEDUCIDO,2026-10-01T20:41:45.409-03:00,2026-10-01T22:57:45.638-03:00,136.00,136.00,,,MIXTO,R7_MIXTO,3
8e6e76f8-e5b4-457d-83d2-edf7b9168f6c,NLC566,R6,Recepción Volcable 2,VALIDO,DEDUCIDO,2026-10-01T20:42:33.173-03:00,2026-10-02T01:16:39.784-03:00,274.11,,,,,,4
ff0a4237-9e26-43ad-b452-8bf70770bbfc,DFP716,R7,Ricardone → San Lorenzo,VALIDO,,2026-10-01T20:45:24.221-03:00,2026-10-02T03:11:59.057-03:00,386.58,,,328.89,MIXTO,R7_MIXTO,8
1d06c35d-b09f-4b46-a2b5-322ece975f85,AH056AH,R7,Ricardone → San Lorenzo,VALIDO,DEDUCIDO,2026-10-01T20:52:58.331-03:00,2026-10-01T22:54:39.547-03:00,121.69,121.69,,,MIXTO,R7_MIXTO,3
dc4c7cbe-2632-422a-acb7-76831565f091,PMP414,R7,Ricardone → San Lorenzo,VALIDO,DEDUCIDO,2026-10-01T21:08:47.186-03:00,2026-10-01T23:00:58.049-03:00,112.18,112.18,,,MIXTO,R7_MIXTO,3
1d315218-08ae-45d2-8a95-07ac2e2d615a,LYC065,R7,Ricardone → San Lorenzo,VALIDO,DEDUCIDO,2026-10-01T21:37:20.486-03:00,2026-10-01T23:02:00.533-03:00,84.67,84.67,,,MIXTO,R7_MIXTO,3
6dbd3165-ff75-4af2-a961-dee4fd1d1694,DTG181,R7,Ricardone → San Lorenzo,VALIDO,,2026-10-01T21:39:25.692-03:00,2026-10-01T23:15:58.986-03:00,96.55,96.55,,,MIXTO,R7_MIXTO,2
aa3ed0da-41d1-48d2-9526-a71cbf65e30f,AA957UO,R7,Ricardone → San Lorenzo,VALIDO,,2026-10-01T21:43:11.865-03:00,2026-10-01T21:50:42.282-03:00,7.51,7.51,,,MIXTO,R7_MIXTO,2
332e544c-edb8-41c0-a848-33b5857dd992,AG053KG,R7,Ricardone → San Lorenzo,VALIDO,DEDUCIDO,2026-10-01T21:44:29.870-03:00,2026-10-01T22:59:14.603-03:00,74.75,74.75,,,MIXTO,R7_MIXTO,3
c257cdf2-8f44-4eb6-9c80-a0007adee9f2,FEV676,R7,Ricardone → San Lorenzo,VALIDO,,2026-10-01T21:58:05.918-03:00,2026-10-02T01:23:00.308-03:00,204.91,,,129.53,MIXTO,R7_MIXTO,3
ec8fb2d8-fe7b-44a8-8f6b-292c6725bd0e,AC310RN,R7,Ricardone → San Lorenzo,VALIDO,DEDUCIDO,2026-10-01T22:01:40.408-03:00,2026-10-01T23:06:57.030-03:00,65.28,65.28,,,MIXTO,R7_MIXTO,3
656d5746-e37b-43f1-a778-86b42cca3275,AA957UO,R7,Ricardone → San Lorenzo,VALIDO,DEDUCIDO,2026-10-01T22:23:36.565-03:00,2026-10-01T23:12:41.129-03:00,49.08,49.08,,,MIXTO,R7_MIXTO,3
756d330d-f726-4806-a0aa-42bde91029f4,OKH237,R7,Ricardone → San Lorenzo,VALIDO,DEDUCIDO,2026-10-01T22:42:44.552-03:00,2026-10-01T23:13:14.732-03:00,30.50,30.50,,,MIXTO,R7_MIXTO,3
60bd4095-0254-4880-94d9-1fd46e760dcc,FEL118,R7,Ricardone → San Lorenzo,VALIDO,,2026-10-01T22:47:54.092-03:00,2026-10-01T23:39:31.727-03:00,51.63,51.63,,,MIXTO,R7_MIXTO,2
81d98d72-a78c-4fe2-93f2-c7499b454047,AE555WZ,R7,Ricardone → San Lorenzo,VALIDO,DEDUCIDO,2026-10-01T22:56:49.493-03:00,2026-10-01T23:26:31.764-03:00,29.70,29.70,,,MIXTO,R7_MIXTO,3
48b34da6-2d24-432c-beb8-70d6eb1d2c3c,AI494DP,R7,Ricardone → San Lorenzo,VALIDO,DEDUCIDO,2026-10-01T23:08:58.425-03:00,2026-10-01T23:26:05.362-03:00,17.12,17.12,,,MIXTO,R7_MIXTO,3
76b127ee-b286-4ca3-bf95-1bf8624b5cde,IGZ591,R7,Ricardone → San Lorenzo,VALIDO,,2026-10-01T23:17:19.513-03:00,2026-10-02T04:15:54.683-03:00,298.59,90.35,10.05,198.19,MIXTO,R7_MIXTO,7
99d5ccef-07f4-4678-baa4-ac9774b047b3__cycle_2,OOY184,R7,Ricardone → San Lorenzo,VALIDO,,2026-10-01T23:41:21.820-03:00,2026-10-02T06:02:41.142-03:00,381.32,,,302.63,MIXTO,R7_MIXTO,4
794074ac-2be5-4d9a-9731-f3f36e8e130a,AG972CZ,R7,Ricardone → San Lorenzo,VALIDO,,2026-10-01T23:49:11.279-03:00,2026-10-02T05:54:06.256-03:00,364.92,86.43,11.65,266.84,MIXTO,R7_MIXTO,8
353b1edd-ec6d-4e8c-9f48-944fa4c7642c,PAS288,R7,Ricardone → San Lorenzo,VALIDO,DEDUCIDO,2026-10-01T23:49:47.361-03:00,2026-10-02T01:15:02.384-03:00,85.25,85.25,,,MIXTO,R7_MIXTO,3
a4f0acda-5ec5-466d-b8a0-26909699ae6d,HQM403,R7,Ricardone → San Lorenzo,VALIDO,,2026-10-01T23:52:03.369-03:00,2026-10-02T06:03:15.876-03:00,371.21,84.12,11.96,275.12,MIXTO,R7_MIXTO,7
53c6829b-8fc2-445c-8cf9-9adb6805f30a,AE925IC,R7,Ricardone → San Lorenzo,VALIDO,,2026-10-02T00:00:33.556-03:00,2026-10-02T05:32:07.889-03:00,331.57,65.72,9.51,256.34,MIXTO,R7_MIXTO,8
932c00b4-edb7-43ba-89fb-76109051aca9,LLA258,R6,Recepción Volcable 2,VALIDO,DEDUCIDO,2026-10-02T00:35:41.562-03:00,2026-10-02T01:35:49.771-03:00,60.14,,,,,,4
0f852c83-d2af-42ab-938b-9c1d5bd042f8,CDF628,R7,Ricardone → San Lorenzo,VALIDO,,2026-10-02T00:44:42.360-03:00,2026-10-02T07:20:13.377-03:00,395.52,,,347.17,MIXTO,R7_MIXTO,4
4f7224c0-9898-4bc6-a884-41822cd3ba56,RLP943,R7,Ricardone → San Lorenzo,VALIDO,,2026-10-02T00:46:10.927-03:00,2026-10-02T00:51:36.222-03:00,5.42,5.42,,,MIXTO,R7_MIXTO,2
a1ee8d32-6942-4d38-b3be-ae2e63959ca3,OQR626,R6,Recepción Volcable 2,VALIDO,DEDUCIDO,2026-10-02T00:56:24.483-03:00,2026-10-02T05:32:18.918-03:00,275.91,,,,,,4
bf2d7c30-adb3-4a4b-a6f3-ffedf0de0bda,AA619ZB,R7,Ricardone → San Lorenzo,VALIDO,DEDUCIDO,2026-10-02T01:15:15.829-03:00,2026-10-02T05:17:59.336-03:00,242.73,242.73,,,MIXTO,R7_MIXTO,3
d38fe039-7817-48ab-b78f-c0ea960ea133,AH249IB,R7,Ricardone → San Lorenzo,VALIDO,DEDUCIDO,2026-10-02T01:21:19.438-03:00,2026-10-02T07:15:25.825-03:00,354.11,354.11,,,MIXTO,R7_MIXTO,3
5604de22-3a88-4307-9c8a-cdc8947a0325,AH597II,R7,Ricardone → San Lorenzo,VALIDO,COMPLETO,2026-10-02T01:22:31.762-03:00,2026-10-02T05:14:12.601-03:00,231.68,231.68,,,MIXTO,R7_MIXTO,4
bca3d6f6-a0cb-444b-b78a-33fa0be9a103,IRF326,R7,Ricardone → San Lorenzo,VALIDO,,2026-10-02T01:23:07.856-03:00,2026-10-02T07:49:05.882-03:00,385.97,,,139.49,MIXTO,R7_MIXTO,6
bf8bc668-7bbc-4ac4-a2de-3fd10c723c6e,JLB944,R7,Ricardone → San Lorenzo,VALIDO,DEDUCIDO,2026-10-02T01:59:54.943-03:00,2026-10-02T05:31:29.704-03:00,211.58,211.58,,,MIXTO,R7_MIXTO,3
2ec579d0-60ac-48e3-8575-07aefd1fb919,EBO971,R7,Ricardone → San Lorenzo,VALIDO,,2026-10-02T02:06:42.089-03:00,2026-10-02T07:39:25.351-03:00,332.72,332.72,,,MIXTO,R7_MIXTO,2
a569a9e8-157f-4547-8578-9b510cef1dd8,KBX017,R6,Recepción Volcable 2,VALIDO,DEDUCIDO,2026-10-02T02:55:19.617-03:00,2026-10-02T07:58:26.763-03:00,303.12,,,,,,5
c0a451be-3d92-4f18-b797-ed401f18efae,JZN133,R7,Ricardone → San Lorenzo,VALIDO,DEDUCIDO,2026-10-02T02:55:49.861-03:00,2026-10-02T05:36:27.241-03:00,160.62,160.62,,,MIXTO,R7_MIXTO,3
7bac0f2a-7e4a-4e08-9139-919b8890184e,AI198EW,R7,Ricardone → San Lorenzo,VALIDO,DEDUCIDO,2026-10-02T03:49:38.527-03:00,2026-10-02T05:27:42.890-03:00,98.07,98.07,,,MIXTO,R7_MIXTO,3
eb06b0e3-0938-4153-9b5c-b87ca7c157f1,MZN471,R7,Ricardone → San Lorenzo,VALIDO,DEDUCIDO,2026-10-02T04:33:43.081-03:00,2026-10-02T05:29:22.254-03:00,55.65,55.65,,,MIXTO,R7_MIXTO,3
1a5a18d3-43fc-4d59-86d9-269ae076d612,FBT093,R6,Recepción Volcable 2,VALIDO,DEDUCIDO,2026-10-02T04:55:07.791-03:00,2026-10-02T07:24:12.723-03:00,149.08,,,,,,3
a2a554ab-7ff6-4f8a-bd50-9406128f94ac,KXS693,R6,Recepción Volcable 2,VALIDO,DEDUCIDO,2026-10-02T04:56:52.928-03:00,2026-10-02T07:25:39.690-03:00,148.78,,,,,,4
2da4c05b-c6fc-4a8c-8796-43f440e47f60,JBN715,R7,Ricardone → San Lorenzo,VALIDO,,2026-10-02T05:42:20.465-03:00,2026-10-02T07:03:55.307-03:00,81.58,81.58,,,MIXTO,R7_MIXTO,2
741df27d-6e43-44bc-9463-f7a2e8a78da1,AB466FD,R7,Ricardone → San Lorenzo,VALIDO,,2026-10-02T06:00:09.967-03:00,2026-10-02T07:11:02.852-03:00,70.88,70.88,,,MIXTO,R7_MIXTO,2
b0439aca-d87a-42f3-9b0e-cd5b8c384d3c,JYH013,R7,Ricardone → San Lorenzo,VALIDO,DEDUCIDO,2026-10-02T06:09:38.961-03:00,2026-10-02T08:18:05.244-03:00,128.44,128.44,,,MIXTO,R7_MIXTO,3
b4d04cb6-03e3-4d83-a8bf-7de76a03bb34,SCG152,SL1,Recepción Carga OSL San Lorenzo,VALIDO,DEDUCIDO,2026-10-02T06:11:11.862-03:00,2026-10-02T10:39:48.094-03:00,268.60,,,,,,6
75e9ac3a-4497-40c5-b3da-4f9aed7f0095,FFR574,R6,Recepción Volcable 2,VALIDO,DEDUCIDO,2026-10-02T06:42:06.433-03:00,2026-10-02T10:05:20.887-03:00,203.24,,,,,,5
7b2fb55f-3ff7-4d59-a08a-369973df9a4d,PMK919,R7,Ricardone → San Lorenzo,VALIDO,,2026-10-02T07:04:36.353-03:00,2026-10-02T07:16:30.470-03:00,11.90,11.90,,,MIXTO,R7_MIXTO,2
139773b2-36b5-40bf-8ef6-a522f1523c8b,KAP262,R7,Ricardone → San Lorenzo,VALIDO,,2026-10-02T07:16:59.597-03:00,2026-10-02T07:23:04.252-03:00,6.08,6.08,,,MIXTO,R7_MIXTO,2
e2ecce07-2aa0-4e30-9692-71aeac5aa0b5,AI182JP,R7,Ricardone → San Lorenzo,VALIDO,DEDUCIDO,2026-10-02T07:21:01.849-03:00,2026-10-02T08:26:12.155-03:00,65.17,65.17,,,MIXTO,R7_MIXTO,3
fb26f0d2-31d7-42fa-8052-b98b330b3a1d,AE821PH,R7,Ricardone → San Lorenzo,VALIDO,DEDUCIDO,2026-10-02T07:34:10.377-03:00,2026-10-02T08:25:54.072-03:00,51.73,51.73,,,MIXTO,R7_MIXTO,3
06566a22-09d9-4a1e-a963-cc66589a07c5,AD001TD,R9,Despacho Celda 16,VALIDO,DEDUCIDO,2026-10-02T07:54:01.805-03:00,2026-10-02T13:51:41.622-03:00,357.66,,,,,,5
12593f18-28be-4018-8be1-d1a8b6967e53,KAP262,R8,Recepción Mercadería Líquida,VALIDO,DEDUCIDO,2026-10-02T07:55:38.115-03:00,2026-10-02T08:19:58.213-03:00,24.33,,,,,,4
95cf8504-07a7-4be5-8ffc-e8039b2dac24__cycle_2,EAW743,R7,Ricardone → San Lorenzo,VALIDO,DEDUCIDO,2026-10-02T08:17:39.809-03:00,2026-10-02T10:37:42.798-03:00,140.05,140.05,,,MIXTO,R7_MIXTO,3
cf73eaa8-d90e-4a1f-a1bc-48a2815333af,AD086JX,R7,Ricardone → San Lorenzo,VALIDO,DEDUCIDO,2026-10-02T08:18:18.612-03:00,2026-10-02T10:56:10.782-03:00,157.87,157.87,,,MIXTO,R7_MIXTO,3
98746942-4b3b-4b13-bf83-6f2bc157355b,JEM906,R7,Ricardone → San Lorenzo,VALIDO,DEDUCIDO,2026-10-02T08:25:42.237-03:00,2026-10-02T11:01:26.960-03:00,155.75,155.75,,,MIXTO,R7_MIXTO,4
ce4dd214-7f2e-4cbc-9104-1e918bc868d1,LZP122,SL1,Recepción Carga OSL San Lorenzo,VALIDO,DEDUCIDO,2026-10-02T08:41:43.830-03:00,2026-10-02T13:27:43.351-03:00,285.99,,,,,,8
b7e280c4-a04b-4f3b-8c85-c6543360750a,AI451SC,R7,Ricardone → San Lorenzo,VALIDO,DEDUCIDO,2026-10-02T08:42:39.498-03:00,2026-10-02T10:50:38.524-03:00,127.98,127.98,,,MIXTO,R7_MIXTO,3
19f9c80a-75d8-4d49-91d6-a2cd5615d77b,DAO236,R7,Ricardone → San Lorenzo,VALIDO,DEDUCIDO,2026-10-02T08:57:40.029-03:00,2026-10-02T11:04:39.130-03:00,126.99,126.99,,,MIXTO,R7_MIXTO,3
c0e645b2-1838-41b0-b717-4eed92eee60c,UUA161,R7,Ricardone → San Lorenzo,VALIDO,DEDUCIDO,2026-10-02T08:58:20.431-03:00,2026-10-02T11:05:09.854-03:00,126.82,126.82,,,MIXTO,R7_MIXTO,3
e63a2aae-229b-4256-ba2f-70172ca16736,LXG917,R7,Ricardone → San Lorenzo,VALIDO,,2026-10-02T08:59:13.554-03:00,2026-10-02T11:03:20.008-03:00,124.11,124.11,,,MIXTO,R7_MIXTO,2
85734c39-5f64-4112-84dc-373cd9437ce8,RLL178,R7,Ricardone → San Lorenzo,VALIDO,DEDUCIDO,2026-10-02T08:59:43.794-03:00,2026-10-02T10:39:31.364-03:00,99.79,99.79,,,MIXTO,R7_MIXTO,3
b7fbfb5a-155c-46df-8d7b-1a666da21db2__cycle_2,LFT141,R6,Recepción Volcable 2,VALIDO,DEDUCIDO,2026-10-02T09:12:49.086-03:00,2026-10-02T17:04:11.473-03:00,471.37,,,,,,8
e7b52679-b255-434f-b523-02739ef8fe95__cycle_2,NLR442,R6,Recepción Volcable 2,VALIDO,DEDUCIDO,2026-10-02T09:14:41.131-03:00,2026-10-02T17:01:30.505-03:00,466.82,,,,,,8
3be7d6d1-6a5a-421c-acef-e702c6795431,BTY903,R7,Ricardone → San Lorenzo,VALIDO,DEDUCIDO,2026-10-02T09:26:50.131-03:00,2026-10-02T11:06:29.459-03:00,99.66,99.66,,,MIXTO,R7_MIXTO,3
41dc3076-f760-45f9-944d-a9447fc96192,RNZ709,R7,Ricardone → San Lorenzo,VALIDO,DEDUCIDO,2026-10-02T09:28:27.415-03:00,2026-10-02T10:40:59.209-03:00,72.53,72.53,,,MIXTO,R7_MIXTO,3
5fbf9b4b-c66c-43e2-99e9-b138d7d06017,HFI969,R7,Ricardone → San Lorenzo,VALIDO,DEDUCIDO,2026-10-02T09:39:08.252-03:00,2026-10-02T15:12:12.978-03:00,333.08,333.08,,,MIXTO,R7_MIXTO,3
2ff713aa-ad0a-442b-9192-f39d92ab7d04,AH313SL,R7,Ricardone → San Lorenzo,VALIDO,DEDUCIDO,2026-10-02T09:49:49.736-03:00,2026-10-02T15:13:38.214-03:00,323.81,323.81,,,MIXTO,R7_MIXTO,3
d9b73d59-f0ae-45cc-a787-5bea252b139f,BTS626,R7,Ricardone → San Lorenzo,VALIDO,,2026-10-02T09:50:52.409-03:00,2026-10-02T10:13:41.993-03:00,22.83,22.83,,,MIXTO,R7_MIXTO,2
4e4d30d3-0f0c-4a89-bb2d-b50ecede66de,RHL029,R8,Recepción Mercadería Líquida,VALIDO,DEDUCIDO,2026-10-02T09:54:31.411-03:00,2026-10-02T10:33:24.620-03:00,38.89,,,,,,4
278ae6c8-1419-4d45-8670-deaf8c43cf38,REL854,R7,Ricardone → San Lorenzo,VALIDO,DEDUCIDO,2026-10-02T10:47:53.394-03:00,2026-10-02T13:51:57.257-03:00,184.06,184.06,,,MIXTO,R7_MIXTO,3
7f3acc68-3d70-4648-82b6-a9ae077a9f19__cycle_2,EAA743,R7,Ricardone → San Lorenzo,VALIDO,DEDUCIDO,2026-10-02T10:48:36.838-03:00,2026-10-02T13:52:53.740-03:00,184.28,184.28,,,MIXTO,R7_MIXTO,3
0c335c4d-772b-4926-8b34-3edb71b1b3c6,EFA323,R7,Ricardone → San Lorenzo,VALIDO,,2026-10-02T10:54:32.859-03:00,2026-10-02T11:00:03.756-03:00,5.51,5.51,,,MIXTO,R7_MIXTO,2
24ef9494-5f61-4d82-bbf2-c6f94e2d2a1e,KMJ264,R7,Ricardone → San Lorenzo,VALIDO,DEDUCIDO,2026-10-02T10:57:53.592-03:00,2026-10-02T16:39:37.546-03:00,341.73,341.73,,,MIXTO,R7_MIXTO,3
9d388b33-54c1-48f1-b544-443cdffd2d8a,RLL178,R6,Recepción Volcable 2,VALIDO,DEDUCIDO,2026-10-02T10:58:26.512-03:00,2026-10-02T12:57:31.171-03:00,119.08,,,,,,3
9898b793-8ad3-4741-95af-85a4580d3b9c,FYS632,R7,Ricardone → San Lorenzo,VALIDO,DEDUCIDO,2026-10-02T11:00:49.039-03:00,2026-10-02T13:26:58.690-03:00,146.16,146.16,,,MIXTO,R7_MIXTO,3
b40ed667-e615-45b3-96b8-69b3a39825a5,OXG061,R7,Ricardone → San Lorenzo,VALIDO,DEDUCIDO,2026-10-02T11:01:34.642-03:00,2026-10-02T15:14:03.587-03:00,252.48,252.48,,,MIXTO,R7_MIXTO,3
16899261-70b4-4a1f-b007-3fdba294a125,AYJ768,R7,Ricardone → San Lorenzo,VALIDO,,2026-10-02T11:13:13.083-03:00,2026-10-02T13:32:18.389-03:00,139.09,139.09,,,MIXTO,R7_MIXTO,2
9dbe2f77-d90a-4add-aae3-0519e69b4276,AI315EU,R7,Ricardone → San Lorenzo,VALIDO,DEDUCIDO,2026-10-02T11:14:40.688-03:00,2026-10-02T13:35:41.920-03:00,141.02,141.02,,,MIXTO,R7_MIXTO,3
2a4a5e57-0f8a-4111-a4a4-3e1ace66ef42,IQR538,R7,Ricardone → San Lorenzo,VALIDO,DEDUCIDO,2026-10-02T11:26:54.573-03:00,2026-10-02T13:30:03.900-03:00,123.16,123.16,,,MIXTO,R7_MIXTO,3
95acac46-bdf4-421d-a907-31b7d0e4349a,ICJV457,R7,Ricardone → San Lorenzo,VALIDO,,2026-10-02T11:47:16.002-03:00,2026-10-02T14:03:13.460-03:00,135.96,,,2.11,MIXTO,R7_MIXTO,3
4faabbc1-5c9c-48b5-adfe-5cae76c76786,IAB283,R7,Ricardone → San Lorenzo,VALIDO,,2026-10-02T11:56:08.513-03:00,2026-10-02T13:29:08.297-03:00,93.00,93.00,,,MIXTO,R7_MIXTO,2
7d2613f3-1d60-469d-8fb4-adc3eff1f695__cycle_3,AE260HD,R7,Ricardone → San Lorenzo,VALIDO,,2026-10-02T12:06:46.392-03:00,2026-10-02T14:36:07.093-03:00,149.35,149.35,,,MIXTO,R7_MIXTO,2
376a769d-5ef2-4aa9-bfe2-22c8a9db5a63,BOT263,R7,Ricardone → San Lorenzo,VALIDO,,2026-10-02T12:14:21.219-03:00,2026-10-02T12:23:39.348-03:00,9.30,9.30,,,MIXTO,R7_MIXTO,2
68896815-09a9-4f3c-abba-634fb2cfab18,EUK896,R7,Ricardone → San Lorenzo,VALIDO,DEDUCIDO,2026-10-02T12:33:17.363-03:00,2026-10-02T16:39:14.185-03:00,245.95,245.95,,,MIXTO,R7_MIXTO,3
2a13d080-b97e-41c6-8d87-efcf2947de04,MML510,R7,Ricardone → San Lorenzo,VALIDO,DEDUCIDO,2026-10-02T12:44:23.564-03:00,2026-10-02T13:36:05.603-03:00,51.70,51.70,,,MIXTO,R7_MIXTO,3
90c1a14c-4c25-483d-b3bc-2a186b1b7969,ERZ065,R7,Ricardone → San Lorenzo,VALIDO,,2026-10-02T12:45:33.006-03:00,2026-10-02T16:38:47.784-03:00,233.25,233.25,,,MIXTO,R7_MIXTO,2
f6f01f3e-f8c5-4582-951f-0ef4f53da3d9,GXT382,R7,Ricardone → San Lorenzo,VALIDO,,2026-10-02T12:46:09.889-03:00,2026-10-02T12:51:13.365-03:00,5.06,5.06,,,MIXTO,R7_MIXTO,2
d38c30b9-83fb-45b6-8e7b-a5c27cb422d5,FEV509,R7,Ricardone → San Lorenzo,VALIDO,DEDUCIDO,2026-10-02T14:24:57.699-03:00,2026-10-02T17:59:03.665-03:00,214.10,214.10,,,MIXTO,R7_MIXTO,3
3d6979c1-dd20-46fd-91a8-dabc06d8d147,KWO254,R7,Ricardone → San Lorenzo,VALIDO,DEDUCIDO,2026-10-02T14:35:14.937-03:00,2026-10-02T16:53:25.514-03:00,138.18,138.18,,,MIXTO,R7_MIXTO,3
d3633540-94c8-41df-b8f7-67672ffbf4b0,AE785KB,R7,Ricardone → San Lorenzo,VALIDO,DEDUCIDO,2026-10-02T14:35:59.019-03:00,2026-10-02T16:55:24.402-03:00,139.42,139.42,,,MIXTO,R7_MIXTO,3
f9f425c0-db66-409a-b2f2-ac35d40cd982,CBM551,R7,Ricardone → San Lorenzo,VALIDO,,2026-10-02T14:42:47.121-03:00,2026-10-02T14:47:20.732-03:00,4.56,4.56,,,MIXTO,R7_MIXTO,2
6780976a-e23f-4461-b74e-2261e98c854c,HDT433,R7,Ricardone → San Lorenzo,VALIDO,DEDUCIDO,2026-10-02T14:47:10.579-03:00,2026-10-02T16:58:18.012-03:00,131.12,131.12,,,MIXTO,R7_MIXTO,3
348d28df-1355-4efc-ab4a-35251c1667c2,AD156FB,R7,Ricardone → San Lorenzo,VALIDO,,2026-10-02T15:00:03.023-03:00,2026-10-02T15:08:28.165-03:00,8.42,8.42,,,MIXTO,R7_MIXTO,2
75f852d2-2c87-4ddd-8295-597c40ae942e,WGG348,SL1,Recepción Carga OSL San Lorenzo,VALIDO,DEDUCIDO,2026-10-02T15:10:20.310-03:00,2026-10-02T17:37:01.298-03:00,146.68,,,,,,7
79bb1df3-62dc-4d9b-be36-437c65cf2664,IYF433,R7,Ricardone → San Lorenzo,VALIDO,DEDUCIDO,2026-10-02T15:18:16.126-03:00,2026-10-02T16:59:22.174-03:00,101.10,101.10,,,MIXTO,R7_MIXTO,4
7afe1690-fdd2-4c0a-a653-e36942ad7634,AG741MI,R7,Ricardone → San Lorenzo,VALIDO,DEDUCIDO,2026-10-02T15:30:49.931-03:00,2026-10-02T20:05:07.010-03:00,274.28,274.28,,,MIXTO,R7_MIXTO,3
ca7449e0-481f-4117-b2fa-20443709a7be,AG756MR,R7,Ricardone → San Lorenzo,VALIDO,,2026-10-02T15:32:21.536-03:00,2026-10-02T15:42:26.466-03:00,10.08,10.08,,,MIXTO,R7_MIXTO,2
b8022e92-71d2-4f36-97e9-df95912d72aa,AB274UR,R7,Ricardone → San Lorenzo,VALIDO,DEDUCIDO,2026-10-02T15:40:30.365-03:00,2026-10-02T17:10:49.414-03:00,90.32,90.32,,,MIXTO,R7_MIXTO,3
82b92a6b-8852-4171-abb9-561feb475f34,STG160,R7,Ricardone → San Lorenzo,VALIDO,DEDUCIDO,2026-10-02T15:41:23.249-03:00,2026-10-02T18:00:21.987-03:00,138.98,138.98,,,MIXTO,R7_MIXTO,3
a5fa64b9-d01f-444b-8d1c-15d79c348c72,MBO020,R7,Ricardone → San Lorenzo,VALIDO,DEDUCIDO,2026-10-02T15:57:38.984-03:00,2026-10-02T18:01:43.754-03:00,124.08,124.08,,,MIXTO,R7_MIXTO,3
883b677e-7ae1-4399-bd90-54a749556445,ENW015,R8,Recepción Mercadería Líquida,VALIDO,DEDUCIDO,2026-10-02T16:18:04.357-03:00,2026-10-02T18:19:20.559-03:00,121.27,,,,,,6
60f71011-5e69-4e4f-9b72-1adb0198234c,KPY495,R7,Ricardone → San Lorenzo,VALIDO,DEDUCIDO,2026-10-02T16:27:57.191-03:00,2026-10-02T17:17:13.678-03:00,49.27,49.27,,,MIXTO,R7_MIXTO,3
34312081-6442-4f9d-b394-f45197e547e1,HCW119,R7,Ricardone → San Lorenzo,VALIDO,,2026-10-02T16:38:47.309-03:00,2026-10-02T17:04:18.353-03:00,25.52,25.52,,,MIXTO,R7_MIXTO,2
e1c1ca29-6de5-4e0e-8e93-0fef73d2ed54,KOE138,SL1,Recepción Carga OSL San Lorenzo,VALIDO,DEDUCIDO,2026-10-02T16:41:09.928-03:00,2026-10-02T18:03:35.035-03:00,82.42,,,,,,6
e3ca66ab-cb5a-4064-81ca-9f0b0d2d21db,GKB085,R7,Ricardone → San Lorenzo,VALIDO,DEDUCIDO,2026-10-02T16:48:37.985-03:00,2026-10-02T17:17:51.201-03:00,29.22,29.22,,,MIXTO,R7_MIXTO,3
9fbd9dd5-e040-4fc7-af90-4f82dc6fd3fc,BXA126,R7,Ricardone → San Lorenzo,VALIDO,,2026-10-02T17:17:33.928-03:00,2026-10-02T17:26:06.509-03:00,8.54,8.54,,,MIXTO,R7_MIXTO,2
994aa633-927a-4982-b35a-d9ba98639ed2,KUY671,R7,Ricardone → San Lorenzo,VALIDO,DEDUCIDO,2026-10-02T17:41:32.891-03:00,2026-10-02T21:55:52.060-03:00,254.32,254.32,,,MIXTO,R7_MIXTO,3
5caf9f59-2823-4a52-9f70-b7a21b220538,AE855UA,R7,Ricardone → San Lorenzo,VALIDO,DEDUCIDO,2026-10-02T17:42:29.852-03:00,2026-10-02T21:50:54.123-03:00,248.40,248.40,,,MIXTO,R7_MIXTO,3
3e9395e2-dbb0-4dd7-bd63-35023ee54cb4,AH463CK,R7,Ricardone → San Lorenzo,VALIDO,DEDUCIDO,2026-10-02T17:43:19.535-03:00,2026-10-02T21:54:32.055-03:00,251.21,251.21,,,MIXTO,R7_MIXTO,3
a57b5985-2944-4efc-9a2c-603760b5727e,AI084GG,R7,Ricardone → San Lorenzo,VALIDO,DEDUCIDO,2026-10-02T17:50:04.759-03:00,2026-10-02T20:36:14.798-03:00,166.17,166.17,,,MIXTO,R7_MIXTO,3
1440671f-b6f9-4439-90b3-bc56115b88d5,KOO420,R7,Ricardone → San Lorenzo,VALIDO,DEDUCIDO,2026-10-02T17:53:20.613-03:00,2026-10-02T20:35:49.996-03:00,162.49,162.49,,,MIXTO,R7_MIXTO,3
74f9bfb2-34c1-472e-8a68-c2092808a92b,AE323YI,R7,Ricardone → San Lorenzo,VALIDO,DEDUCIDO,2026-10-02T18:42:20.942-03:00,2026-10-02T20:35:30.556-03:00,113.16,113.16,,,MIXTO,R7_MIXTO,3
a1712603-8186-4e80-987f-d30eb4487b26,FEB737,R7,Ricardone → San Lorenzo,VALIDO,DEDUCIDO,2026-10-02T19:56:05.465-03:00,2026-10-02T20:41:52.417-03:00,45.78,45.78,,,MIXTO,R7_MIXTO,3
1dbf96b5-f9ae-499d-85d4-24745728b560,BBM863,R7,Ricardone → San Lorenzo,VALIDO,,2026-10-02T19:57:19.469-03:00,2026-10-03T03:19:37.318-03:00,442.30,,,242.35,MIXTO,R7_MIXTO,4
5e2aab42-fd5b-4381-8b2f-431aa211a304,VXH533,R7,Ricardone → San Lorenzo,VALIDO,DEDUCIDO,2026-10-02T19:59:16.196-03:00,2026-10-02T20:53:25.178-03:00,54.15,54.15,,,MIXTO,R7_MIXTO,3
cd7ac764-092b-4c35-a822-33e69f2188d0,AH675ME,R6,Recepción Volcable 2,VALIDO,DEDUCIDO,2026-10-02T21:17:37.988-03:00,2026-10-02T23:11:05.157-03:00,113.45,,,,,,5
9937c4c6-c8b5-4e6c-92da-f09d657bbe81,AB596TW,R7,Ricardone → San Lorenzo,VALIDO,DEDUCIDO,2026-10-02T21:41:11.032-03:00,2026-10-02T22:31:08.265-03:00,49.95,49.95,,,MIXTO,R7_MIXTO,3
563e5808-ec71-4b71-b462-ec34b9c882ff,OJD684,R7,Ricardone → San Lorenzo,VALIDO,DEDUCIDO,2026-10-02T22:01:47.104-03:00,2026-10-02T22:38:13.729-03:00,36.44,36.44,,,MIXTO,R7_MIXTO,3
2101ab66-60d0-41ef-8062-99bcbec452f8,CPW551,R7,Ricardone → San Lorenzo,VALIDO,DEDUCIDO,2026-10-02T22:05:07.354-03:00,2026-10-02T22:38:34.530-03:00,33.45,33.45,,,MIXTO,R7_MIXTO,3
5bf0187b-fa8e-476f-b600-9f5ae45ca3da,TVU654,R7,Ricardone → San Lorenzo,VALIDO,DEDUCIDO,2026-10-02T22:08:50.729-03:00,2026-10-02T22:49:00.166-03:00,40.16,40.16,,,MIXTO,R7_MIXTO,3
4f9f3e99-d53f-46b8-aa42-45553abc9adc,BBX199,R7,Ricardone → San Lorenzo,VALIDO,,2026-10-02T22:10:07.453-03:00,2026-10-03T00:50:53.205-03:00,160.76,,,111.93,MIXTO,R7_MIXTO,4
6de3cf55-4275-4e0e-9163-d1bbce8fb9d3,RJI364,R7,Ricardone → San Lorenzo,VALIDO,DEDUCIDO,2026-10-02T22:10:54.017-03:00,2026-10-02T23:07:41.111-03:00,56.78,56.78,,,MIXTO,R7_MIXTO,3
9b9054cb-3780-4420-8160-78f5c3aa2560,AH719QG,R7,Ricardone → San Lorenzo,VALIDO,DEDUCIDO,2026-10-02T22:15:44.191-03:00,2026-10-02T22:58:01.077-03:00,42.28,42.28,,,MIXTO,R7_MIXTO,3
88d99dda-f515-4a70-9a4f-316432c1220e,JSV173,R7,Ricardone → San Lorenzo,VALIDO,DEDUCIDO,2026-10-02T22:16:27.555-03:00,2026-10-02T23:05:18.143-03:00,48.84,48.84,,,MIXTO,R7_MIXTO,3
e35023c5-59e5-400e-a02c-498e0a7a6cc0,LLW835,R7,Ricardone → San Lorenzo,VALIDO,,2026-10-02T22:17:14.996-03:00,2026-10-02T22:58:47.638-03:00,41.54,41.54,,,MIXTO,R7_MIXTO,2
2db22fb2-ab64-45f4-a041-b4e61c56ec94,MSB735,R7,Ricardone → San Lorenzo,VALIDO,DEDUCIDO,2026-10-02T22:25:32.067-03:00,2026-10-02T22:59:14.202-03:00,33.70,33.70,,,MIXTO,R7_MIXTO,3
04f0a702-4121-4887-96ed-27ec7a8cd398,KWZ272,R7,Ricardone → San Lorenzo,VALIDO,DEDUCIDO,2026-10-02T22:35:51.381-03:00,2026-10-02T23:04:00.378-03:00,28.15,28.15,,,MIXTO,R7_MIXTO,3
f3368288-43a6-4a35-acd2-8344b0e4c752,HVC174,R7,Ricardone → San Lorenzo,VALIDO,DEDUCIDO,2026-10-02T22:38:10.989-03:00,2026-10-02T23:04:45.341-03:00,26.57,26.57,,,MIXTO,R7_MIXTO,3
9ab3124b-bf21-4e82-8abe-6f6ba872c08f,LKN268,R7,Ricardone → San Lorenzo,VALIDO,DEDUCIDO,2026-10-02T22:43:34.208-03:00,2026-10-02T23:09:26.798-03:00,25.88,25.88,,,MIXTO,R7_MIXTO,3
dd711aa7-8fe0-4c97-a25f-c9c8f442df32,OAC204,R7,Ricardone → San Lorenzo,VALIDO,DEDUCIDO,2026-10-02T22:52:02-03:00,2026-10-02T23:05:59.826-03:00,13.96,13.96,,,MIXTO,R7_MIXTO,3
c4b87ce4-6fab-4bbf-864c-88cb26bfd65a,ICZ675,R7,Ricardone → San Lorenzo,VALIDO,DEDUCIDO,2026-10-02T22:57:22.978-03:00,2026-10-02T23:22:43.804-03:00,25.35,25.35,,,MIXTO,R7_MIXTO,3
5a19ae3b-66c3-4403-838f-328a2a7c1e02,EXX146,R7,Ricardone → San Lorenzo,VALIDO,DEDUCIDO,2026-10-02T23:10:43.744-03:00,2026-10-02T23:31:22.234-03:00,20.64,20.64,,,MIXTO,R7_MIXTO,3
2db9c6e5-67a7-46a2-9c8f-51151b20a550,OCK385,R7,Ricardone → San Lorenzo,VALIDO,DEDUCIDO,2026-10-02T23:14:53.088-03:00,2026-10-02T23:34:58.888-03:00,20.10,20.10,,,MIXTO,R7_MIXTO,3
c6ab2d3d-7761-4ef9-8455-4ca23afd2550,FKX890,R7,Ricardone → San Lorenzo,VALIDO,DEDUCIDO,2026-10-02T23:16:08.408-03:00,2026-10-02T23:38:12.577-03:00,22.07,22.07,,,MIXTO,R7_MIXTO,3
58e80beb-af46-4f1d-b09d-3b76aa9914a9,AD732JV,R7,Ricardone → San Lorenzo,VALIDO,DEDUCIDO,2026-10-02T23:22:45.808-03:00,2026-10-02T23:38:59.541-03:00,16.23,16.23,,,MIXTO,R7_MIXTO,3
764c5841-6e52-4af1-a9b5-977be1914f75,AG356RU,R7,Ricardone → San Lorenzo,VALIDO,DEDUCIDO,2026-10-02T23:25:02.053-03:00,2026-10-02T23:53:52.713-03:00,28.84,28.84,,,MIXTO,R7_MIXTO,3
d5ef8e30-6c0a-42f3-a80b-4e0c669a7ac4,HHH953,R7,Ricardone → San Lorenzo,VALIDO,DEDUCIDO,2026-10-02T23:26:01.819-03:00,2026-10-02T23:55:38.720-03:00,29.62,29.62,,,MIXTO,R7_MIXTO,3
a563f98f-aa3e-40af-a4a4-b764b46f2cd8,AVM722,R7,Ricardone → San Lorenzo,VALIDO,DEDUCIDO,2026-10-02T23:38:46.502-03:00,2026-10-03T00:03:20.586-03:00,24.57,24.57,,,MIXTO,R7_MIXTO,3
04190173-aa7d-4809-93b4-7a413a7eaae6,MHN993,R7,Ricardone → San Lorenzo,VALIDO,DEDUCIDO,2026-10-02T23:51:49.748-03:00,2026-10-03T00:40:43.517-03:00,48.90,48.90,,,MIXTO,R7_MIXTO,3
351aefa8-bb79-431d-8ac5-7cdbb29931cd,AI117OI,R6,Recepción Volcable 2,VALIDO,DEDUCIDO,2026-10-02T23:55:21.521-03:00,2026-10-03T01:05:16.518-03:00,69.92,,,,,,5
de4450bd-ca31-4a69-be86-8712df4eb34f,AF894QK,R7,Ricardone → San Lorenzo,VALIDO,DEDUCIDO,2026-10-03T00:07:11.243-03:00,2026-10-03T00:38:56.311-03:00,31.75,31.75,,,MIXTO,R7_MIXTO,3
71e3afbe-b78a-4878-b016-8e7a7c66eb49,NXU721,R7,Ricardone → San Lorenzo,VALIDO,DEDUCIDO,2026-10-03T00:42:25.766-03:00,2026-10-03T00:59:16.703-03:00,16.85,16.85,,,MIXTO,R7_MIXTO,3
9db67f62-76e3-4997-9b14-229f02595180,AG288BL,R7,Ricardone → San Lorenzo,VALIDO,DEDUCIDO,2026-10-03T00:45:41.216-03:00,2026-10-03T01:07:01.530-03:00,21.34,21.34,,,MIXTO,R7_MIXTO,3
a611b7c4-0c95-4f42-b2b6-09f7f03dac82,AB436BP,R7,Ricardone → San Lorenzo,VALIDO,DEDUCIDO,2026-10-03T00:56:54.137-03:00,2026-10-03T01:13:01.230-03:00,16.12,16.12,,,MIXTO,R7_MIXTO,3
e4498b4c-f5e2-442b-8ee7-4c1235447caf,AB362FR,R7,Ricardone → San Lorenzo,VALIDO,DEDUCIDO,2026-10-03T01:01:52.392-03:00,2026-10-03T01:14:11.875-03:00,12.32,12.32,,,MIXTO,R7_MIXTO,3
26a46e72-07d7-4956-8dd3-b2dba6ff4295,AI523IB,R7,Ricardone → San Lorenzo,VALIDO,DEDUCIDO,2026-10-03T01:17:24.288-03:00,2026-10-03T01:34:38.506-03:00,17.24,17.24,,,MIXTO,R7_MIXTO,3
5a949227-96ae-4ba7-8ab7-2475012c616b,GHN584,R7,Ricardone → San Lorenzo,VALIDO,,2026-10-03T01:19:56.456-03:00,2026-10-03T08:50:05.054-03:00,450.14,,,422.19,MIXTO,R7_MIXTO,6
5b076524-77b0-42cf-9576-49c7e9b6a86a,GUV884,R7,Ricardone → San Lorenzo,VALIDO,DEDUCIDO,2026-10-03T01:21:10.301-03:00,2026-10-03T01:47:27.216-03:00,26.28,26.28,,,MIXTO,R7_MIXTO,3
6c9f5df4-8a25-4538-8932-9e70a9663a1b,AF291RP,R7,Ricardone → San Lorenzo,VALIDO,DEDUCIDO,2026-10-03T01:41:46.054-03:00,2026-10-03T02:03:30.152-03:00,21.73,21.73,,,MIXTO,R7_MIXTO,3
037a2085-562c-4339-9d33-98648e1d8975,MXD863,R7,Ricardone → San Lorenzo,VALIDO,,2026-10-03T01:51:45.848-03:00,2026-10-03T05:10:50.327-03:00,199.07,199.07,,,MIXTO,R7_MIXTO,2
e1536670-98f2-4e31-987d-f2e439f668e3,AE656OF,R7,Ricardone → San Lorenzo,VALIDO,DEDUCIDO,2026-10-03T01:55:14.742-03:00,2026-10-03T05:03:46.383-03:00,188.53,188.53,,,MIXTO,R7_MIXTO,3
e8bc4d7d-8b89-4941-b20e-8804f9e9bfe2,AE229IC,R7,Ricardone → San Lorenzo,VALIDO,DEDUCIDO,2026-10-03T01:56:11.862-03:00,2026-10-03T05:04:36.224-03:00,188.41,188.41,,,MIXTO,R7_MIXTO,3
ff696ba5-4e7f-4d66-8737-f5ff0dab21a3,AE308PZ,R7,Ricardone → San Lorenzo,VALIDO,,2026-10-03T01:57:43.388-03:00,2026-10-03T09:26:14.082-03:00,448.51,,,256.24,MIXTO,R7_MIXTO,6
81b91483-8a1d-48bb-be22-f1778f0bd417,OKH237,R7,Ricardone → San Lorenzo,VALIDO,DEDUCIDO,2026-10-03T01:58:46.191-03:00,2026-10-03T05:02:58.619-03:00,184.21,184.21,,,MIXTO,R7_MIXTO,3
59b313e3-b99a-41cb-9d17-1afc72dce133,AE322PY,R7,Ricardone → San Lorenzo,VALIDO,DEDUCIDO,2026-10-03T02:20:31.711-03:00,2026-10-03T05:07:12.315-03:00,166.68,166.68,,,MIXTO,R7_MIXTO,3
efa8803a-65f8-42ef-8eeb-8f36eadd4544,GTO498,R7,Ricardone → San Lorenzo,VALIDO,,2026-10-03T02:30:03.981-03:00,2026-10-03T05:15:53.063-03:00,165.82,165.82,,,MIXTO,R7_MIXTO,2
aa6796fc-6c02-44ef-8e94-ce7d0b4416a2,EMA564,R7,Ricardone → San Lorenzo,VALIDO,,2026-10-03T02:32:01.270-03:00,2026-10-03T02:39:24.197-03:00,7.38,7.38,,,MIXTO,R7_MIXTO,2
15da2c4b-9d1a-4afe-be53-fa0d929b2a0f,AH597II,R7,Ricardone → San Lorenzo,VALIDO,DEDUCIDO,2026-10-03T02:33:31.675-03:00,2026-10-03T05:11:43.530-03:00,158.20,158.20,,,MIXTO,R7_MIXTO,3
dc130d89-012d-4b62-8048-b5db44ffe113,AA771EY,R7,Ricardone → San Lorenzo,VALIDO,DEDUCIDO,2026-10-03T02:45:23.235-03:00,2026-10-03T05:16:40.588-03:00,151.29,151.29,,,MIXTO,R7_MIXTO,3
b7d8cf91-fbde-4cc9-9f65-28ed37a12985,PDJ671,R7,Ricardone → San Lorenzo,VALIDO,,2026-10-03T02:57:02.557-03:00,2026-10-03T05:33:32.107-03:00,156.49,156.49,,,MIXTO,R7_MIXTO,2
e880d2b1-dd17-470c-9a52-420fd2731e09,NEI832,R6,Recepción Volcable 2,VALIDO,DEDUCIDO,2026-10-03T03:59:56.240-03:00,2026-10-03T06:08:25.098-03:00,128.48,,,,,,5
bdfd81c8-09a6-42df-864e-9636cbe132a2,JVA446,R7,Ricardone → San Lorenzo,VALIDO,DEDUCIDO,2026-10-03T05:11:41.611-03:00,2026-10-03T05:28:50.409-03:00,17.15,17.15,,,MIXTO,R7_MIXTO,3
5d5bb6b7-7283-44c6-bf19-904ccfd621f0,KQI412,R7,Ricardone → San Lorenzo,VALIDO,,2026-10-03T05:30:55.759-03:00,2026-10-03T11:56:08.470-03:00,385.21,,,343.73,MIXTO,R7_MIXTO,6
d743834e-7eec-4379-8545-ec90c7f2429e,AF549QX,R7,Ricardone → San Lorenzo,VALIDO,DEDUCIDO,2026-10-03T05:46:54.055-03:00,2026-10-03T06:19:54.830-03:00,33.01,33.01,,,MIXTO,R7_MIXTO,3
88ec0071-47f0-40b5-b2a1-8f4493fd34a2,AH466PL,R7,Ricardone → San Lorenzo,VALIDO,,2026-10-03T07:01:11.274-03:00,2026-10-03T08:33:13.136-03:00,92.03,92.03,,,MIXTO,R7_MIXTO,2
08119780-b1a0-41c8-8ab5-cc82dc3dcc92,AA124FH,R7,Ricardone → San Lorenzo,VALIDO,DEDUCIDO,2026-10-03T07:27:26.086-03:00,2026-10-03T11:38:00.446-03:00,250.57,250.57,,,MIXTO,R7_MIXTO,3
cefa37cd-5d96-4756-9fc5-71b03c312d3d,AG720PS,R7,Ricardone → San Lorenzo,VALIDO,DEDUCIDO,2026-10-03T07:54:57.463-03:00,2026-10-03T08:29:06.962-03:00,34.16,34.16,,,MIXTO,R7_MIXTO,3
fef4862d-33b7-4fe9-b8c0-f28c6a9232da,PGL849,R7,Ricardone → San Lorenzo,VALIDO,DEDUCIDO,2026-10-03T08:01:05.324-03:00,2026-10-03T08:37:54.113-03:00,36.81,36.81,,,MIXTO,R7_MIXTO,3
c2c71c7e-d21d-48d4-8533-c8a220da8438,KKV964,R7,Ricardone → San Lorenzo,VALIDO,DEDUCIDO,2026-10-03T08:15:19.134-03:00,2026-10-03T09:13:42.396-03:00,58.39,58.39,,,MIXTO,R7_MIXTO,3
13015f74-45c9-4c71-b5f4-b1ad423c5180,ERC226,R6,Recepción Volcable 2,VALIDO,DEDUCIDO,2026-10-03T08:30:01.288-03:00,2026-10-03T10:34:37.950-03:00,124.61,,,,,,5
635563b8-567c-4876-8225-bf4205f876ad,OTF911,R7,Ricardone → San Lorenzo,VALIDO,DEDUCIDO,2026-10-03T08:31:29.613-03:00,2026-10-03T09:24:05.074-03:00,52.59,52.59,,,MIXTO,R7_MIXTO,3
b6aeda2d-1e54-4595-9385-24385bdf8aa9,SKT848,R7,Ricardone → San Lorenzo,VALIDO,DEDUCIDO,2026-10-03T09:10:00.229-03:00,2026-10-03T09:50:21.349-03:00,40.35,40.35,,,MIXTO,R7_MIXTO,3
eaa21f62-24af-4463-ae70-ad51a1d43da6,EKT110,R7,Ricardone → San Lorenzo,VALIDO,DEDUCIDO,2026-10-03T11:32:10.566-03:00,2026-10-03T15:50:54.152-03:00,258.73,258.73,,,MIXTO,R7_MIXTO,3
c00a45a7-bef3-45ca-88b3-64fa0cd33a3f,JXN652,R7,Ricardone → San Lorenzo,VALIDO,DEDUCIDO,2026-10-03T11:32:58.649-03:00,2026-10-03T15:52:46.639-03:00,259.80,259.80,,,MIXTO,R7_MIXTO,3
27d244ac-f1d9-4328-a77e-e66d8088cc81,KLM297,R7,Ricardone → San Lorenzo,VALIDO,DEDUCIDO,2026-10-03T11:34:46.736-03:00,2026-10-03T17:24:19.540-03:00,349.55,349.55,,,MIXTO,R7_MIXTO,3
c7cfb953-b4d2-401f-915c-753dd5856f18,AI023GR,R6,Recepción Volcable 2,VALIDO,DEDUCIDO,2026-10-03T11:47:17.657-03:00,2026-10-03T14:24:41.554-03:00,157.40,,,,,,5
2e0c508a-839b-4231-a1d6-12da817e9df2,OUJ026,R6,Recepción Volcable 2,VALIDO,DEDUCIDO,2026-10-03T13:46:36.741-03:00,2026-10-03T16:41:53.557-03:00,175.28,,,,,,5
3df7e4db-9a2c-4aab-b6bb-6bf297602812,VVH227,R7,Ricardone → San Lorenzo,VALIDO,DEDUCIDO,2026-10-03T13:52:12.840-03:00,2026-10-03T16:23:52.129-03:00,151.65,151.65,,,MIXTO,R7_MIXTO,3
09320892-5d62-4da8-aad2-6af1c54c9a66,ERR537,R7,Ricardone → San Lorenzo,VALIDO,DEDUCIDO,2026-10-03T13:59:03.022-03:00,2026-10-03T16:24:37.571-03:00,145.58,145.58,,,MIXTO,R7_MIXTO,3
af8d42de-c5a2-4534-8637-7dbba4c39f30,LKV198,R6,Recepción Volcable 2,VALIDO,DEDUCIDO,2026-10-03T14:08:15.535-03:00,2026-10-03T16:58:17.614-03:00,170.03,,,,,,5
e4256d6c-6ab5-4f75-bf12-7d180243b4cf,AG591MX,R7,Ricardone → San Lorenzo,VALIDO,DEDUCIDO,2026-10-03T14:11:04.186-03:00,2026-10-03T16:29:06.067-03:00,138.03,138.03,,,MIXTO,R7_MIXTO,3
fa9f4f13-a5d3-4b34-bf35-eaa3f0d3fae5,CHH410,R7,Ricardone → San Lorenzo,VALIDO,DEDUCIDO,2026-10-03T15:08:31.188-03:00,2026-10-03T16:25:45.813-03:00,77.24,77.24,,,MIXTO,R7_MIXTO,3
08b69d47-97fc-4643-bc84-2e37132f2ea5,AE827TK,R7,Ricardone → San Lorenzo,VALIDO,DEDUCIDO,2026-10-03T15:49:32.556-03:00,2026-10-03T17:35:44.700-03:00,106.20,106.20,,,MIXTO,R7_MIXTO,4
f7316dad-5be6-42ce-8bf4-ff77f9d89cd3,WTV292,R7,Ricardone → San Lorenzo,VALIDO,DEDUCIDO,2026-10-03T15:53:10.007-03:00,2026-10-03T17:31:08.443-03:00,97.97,97.97,,,MIXTO,R7_MIXTO,4
57bf2646-2133-47f2-bf97-08e87b5f94f8,AF546AE,R7,Ricardone → San Lorenzo,VALIDO,DEDUCIDO,2026-10-03T15:54:36.012-03:00,2026-10-03T17:31:37.244-03:00,97.02,97.02,,,MIXTO,R7_MIXTO,4
0f0de074-0704-4d0f-9abe-236f98b51d71,THE665,R7,Ricardone → San Lorenzo,VALIDO,DEDUCIDO,2026-10-03T16:02:46.203-03:00,2026-10-03T20:20:13.859-03:00,257.46,257.46,,,MIXTO,R7_MIXTO,3
2bf327b6-b0cf-4b51-ac20-a20167d5c67f,AI494DP,R7,Ricardone → San Lorenzo,VALIDO,DEDUCIDO,2026-10-03T17:03:51.455-03:00,2026-10-03T17:37:17.506-03:00,33.43,33.43,,,MIXTO,R7_MIXTO,3
b4e4802d-feda-48b9-8056-c5bbf905e00e,AI494DO,R7,Ricardone → San Lorenzo,VALIDO,DEDUCIDO,2026-10-03T17:04:50.178-03:00,2026-10-03T17:39:34.954-03:00,34.75,34.75,,,MIXTO,R7_MIXTO,4
de03480a-a123-4e6f-807d-e989dbc01d71,TIV888,R7,Ricardone → San Lorenzo,VALIDO,DEDUCIDO,2026-10-03T17:22:35.763-03:00,2026-10-03T18:04:04.799-03:00,41.48,41.48,,,MIXTO,R7_MIXTO,3
8ac39bf4-35de-4bd1-88e4-6c56407fc6e2,IZX624,R6,Recepción Volcable 2,VALIDO,DEDUCIDO,2026-10-03T17:58:13.487-03:00,2026-10-03T20:45:46.810-03:00,167.56,,,,,,4
6b5356cf-c639-4919-92e7-815192be0143,AA425FJ,R7,Ricardone → San Lorenzo,VALIDO,DEDUCIDO,2026-10-03T18:00:48.136-03:00,2026-10-03T20:26:47.722-03:00,145.99,145.99,,,MIXTO,R7_MIXTO,3
c313310a-828b-4926-9d00-4405ee831fe7,AA294QF,R7,Ricardone → San Lorenzo,VALIDO,DEDUCIDO,2026-10-03T18:02:02.058-03:00,2026-10-03T20:24:31.952-03:00,142.50,142.50,,,MIXTO,R7_MIXTO,3
de896fcc-ebdb-4ba2-a1fe-bc0d69f495cb,AI203AF,R7,Ricardone → San Lorenzo,VALIDO,DEDUCIDO,2026-10-03T19:54:00.551-03:00,2026-10-03T20:42:35.615-03:00,48.58,48.58,,,MIXTO,R7_MIXTO,3
5e570a49-89b8-447d-9504-e29540195914,NYF932,R7,Ricardone → San Lorenzo,VALIDO,DEDUCIDO,2026-10-03T19:55:07.838-03:00,2026-10-03T20:32:26.861-03:00,37.32,37.32,,,MIXTO,R7_MIXTO,3
973899bd-8e58-4abd-a1b2-f617d1c1004f,SHS882,R7,Ricardone → San Lorenzo,VALIDO,DEDUCIDO,2026-10-03T19:56:08.720-03:00,2026-10-03T20:31:14.617-03:00,35.10,35.10,,,MIXTO,R7_MIXTO,3
ceeef6e0-0d9c-4cb9-815d-af9aac838829,AE458GA,R7,Ricardone → San Lorenzo,VALIDO,DEDUCIDO,2026-10-03T20:08:05.642-03:00,2026-10-03T20:33:29.183-03:00,25.39,25.39,,,MIXTO,R7_MIXTO,3
39cb9ce3-1c34-4e9e-83d0-163ac0fb5ee0,EMA564,R7,Ricardone → San Lorenzo,VALIDO,DEDUCIDO,2026-10-03T22:00:34.296-03:00,2026-10-04T00:15:29.025-03:00,134.91,134.91,,,MIXTO,R7_MIXTO,3
6d629eb1-9268-48d3-bb61-7c0bb362d389,AFJ835,R7,Ricardone → San Lorenzo,VALIDO,DEDUCIDO,2026-10-03T22:04:27.270-03:00,2026-10-04T00:17:47.672-03:00,133.34,133.34,,,MIXTO,R7_MIXTO,3
7e49ea7e-8ff5-43ea-b4d4-dadfbcdc215e,UJF597,R7,Ricardone → San Lorenzo,VALIDO,DEDUCIDO,2026-10-03T22:05:05.193-03:00,2026-10-04T00:17:05.591-03:00,132.01,132.01,,,MIXTO,R7_MIXTO,3
c4f477e4-ceab-43a7-a6a6-68d889ac62c0,AI467SL,R7,Ricardone → San Lorenzo,VALIDO,DEDUCIDO,2026-10-03T22:05:43.756-03:00,2026-10-04T00:18:12.315-03:00,132.48,132.48,,,MIXTO,R7_MIXTO,3
d249ffce-03fa-4577-8f67-95c4c6b77144,AA323QQ,R7,Ricardone → San Lorenzo,VALIDO,DEDUCIDO,2026-10-03T22:06:56.880-03:00,2026-10-04T00:23:40.175-03:00,136.72,136.72,,,MIXTO,R7_MIXTO,3
b2639974-9675-46ca-b013-e9b9bc22118c,AG818PJ,R7,Ricardone → San Lorenzo,VALIDO,DEDUCIDO,2026-10-03T22:19:10.681-03:00,2026-10-04T00:20:44.481-03:00,121.56,121.56,,,MIXTO,R7_MIXTO,3
a1b85761-095c-4d78-967f-95657a28fd7a,OOY184,R7,Ricardone → San Lorenzo,VALIDO,,2026-10-03T22:42:16.842-03:00,2026-10-04T00:24:06.815-03:00,101.83,101.83,,,MIXTO,R7_MIXTO,2
a53be200-7f2a-4506-85a9-e6f26b70f489,OZH665,R7,Ricardone → San Lorenzo,VALIDO,DEDUCIDO,2026-10-03T22:45:40.374-03:00,2026-10-04T00:27:57.949-03:00,102.29,102.29,,,MIXTO,R7_MIXTO,3
a6162d33-80c7-4783-a249-ec4fbfc6943d,RER595,R7,Ricardone → San Lorenzo,VALIDO,DEDUCIDO,2026-10-03T22:54:43.927-03:00,2026-10-04T00:44:46.565-03:00,110.04,110.04,,,MIXTO,R7_MIXTO,3
2cb83e3c-71ca-46b1-8796-37e20bcafd6c,AB651EW,R7,Ricardone → San Lorenzo,VALIDO,DEDUCIDO,2026-10-03T22:57:39.937-03:00,2026-10-04T00:45:17.130-03:00,107.62,107.62,,,MIXTO,R7_MIXTO,3
a3e5cbba-8342-4591-a7ae-e82e1f169c55,AI523IB,R7,Ricardone → San Lorenzo,VALIDO,DEDUCIDO,2026-10-03T22:58:45.941-03:00,2026-10-04T00:31:58.843-03:00,93.22,93.22,,,MIXTO,R7_MIXTO,3
646c1d19-de1e-44b0-be2f-522b15ba7720,IRP303,R7,Ricardone → San Lorenzo,VALIDO,DEDUCIDO,2026-10-03T23:11:46.787-03:00,2026-10-04T00:37:30.782-03:00,85.73,85.73,,,MIXTO,R7_MIXTO,3
ff71544d-62c3-467d-9a26-5c596bac1414,AH118GQ,R7,Ricardone → San Lorenzo,VALIDO,DEDUCIDO,2026-10-03T23:13:11.670-03:00,2026-10-04T00:39:19.269-03:00,86.13,86.13,,,MIXTO,R7_MIXTO,3
ea1c5c9a-8f86-4a72-acbe-86fc26f7c22c,END934,R7,Ricardone → San Lorenzo,VALIDO,DEDUCIDO,2026-10-03T23:24:02.988-03:00,2026-10-04T00:49:51.705-03:00,85.81,85.81,,,MIXTO,R7_MIXTO,3
552c7b12-d5ea-4729-a367-bb0a8895f6f6,AC126UC,R7,Ricardone → San Lorenzo,VALIDO,DEDUCIDO,2026-10-03T23:48:15.154-03:00,2026-10-04T00:40:39.351-03:00,52.40,52.40,,,MIXTO,R7_MIXTO,3
ab1a3bca-d001-412c-b01a-060076995a57,AC177GM,R7,Ricardone → San Lorenzo,VALIDO,DEDUCIDO,2026-10-03T23:58:49.672-03:00,2026-10-04T01:01:45.987-03:00,62.94,62.94,,,MIXTO,R7_MIXTO,3
301aede7-461a-42b6-af08-f993caa15ec8,MUA915,R7,Ricardone → San Lorenzo,VALIDO,DEDUCIDO,2026-10-04T00:02:11.683-03:00,2026-10-04T00:47:49.538-03:00,45.63,45.63,,,MIXTO,R7_MIXTO,3
f6c05d1b-0426-420a-8180-68497a8e42e0,EQK330,R7,Ricardone → San Lorenzo,VALIDO,DEDUCIDO,2026-10-04T00:04:37.930-03:00,2026-10-04T00:48:41.542-03:00,44.06,44.06,,,MIXTO,R7_MIXTO,3
49a1cb95-7d2a-4c79-80bb-c0f20e1d8594,AD799JD,R7,Ricardone → San Lorenzo,VALIDO,DEDUCIDO,2026-10-04T00:07:04.820-03:00,2026-10-04T00:48:07.060-03:00,41.04,41.04,,,MIXTO,R7_MIXTO,3
09540e19-8750-4cf3-a325-f902bb78aee5,AA624AH,R7,Ricardone → San Lorenzo,VALIDO,DEDUCIDO,2026-10-04T00:10:55.552-03:00,2026-10-04T01:02:40.390-03:00,51.75,51.75,,,MIXTO,R7_MIXTO,3
ced143b9-786d-48e1-8c7e-1f838bcae00a,AH927OU,R7,Ricardone → San Lorenzo,VALIDO,DEDUCIDO,2026-10-04T00:36:44.762-03:00,2026-10-04T00:59:24.699-03:00,22.67,22.67,,,MIXTO,R7_MIXTO,3
8e450736-8e0a-41f7-a92b-ad02aa800885,PIA647,R7,Ricardone → San Lorenzo,VALIDO,DEDUCIDO,2026-10-04T01:14:53.538-03:00,2026-10-04T05:39:47.863-03:00,264.91,264.91,,,MIXTO,R7_MIXTO,3
5ac2aaed-91e7-4d3f-aa0d-ae71fba30cd4,AF047OT,R7,Ricardone → San Lorenzo,VALIDO,DEDUCIDO,2026-10-04T07:11:40.172-03:00,2026-10-04T11:03:07.202-03:00,231.45,231.45,,,MIXTO,R7_MIXTO,3
d38202a6-9c77-4a8f-a0b9-132d222ba419,AC339NP,R7,Ricardone → San Lorenzo,VALIDO,DEDUCIDO,2026-10-04T08:17:27.680-03:00,2026-10-04T11:04:58.010-03:00,167.51,167.51,,,MIXTO,R7_MIXTO,3
a2c895bb-8508-4d58-b17f-4daf1f45c496,FXR146,R7,Ricardone → San Lorenzo,VALIDO,DEDUCIDO,2026-10-04T08:29:57.004-03:00,2026-10-04T13:39:04.628-03:00,309.13,309.13,,,MIXTO,R7_MIXTO,3
e75b88a3-4027-4032-963e-205041d37caf,AH942OD,R7,Ricardone → San Lorenzo,VALIDO,,2026-10-04T08:40:16.023-03:00,2026-10-04T08:44:27.013-03:00,4.18,4.18,,,MIXTO,R7_MIXTO,2
98f15a3e-e722-4fc1-852a-238e29e580eb,AB081ES,R7,Ricardone → San Lorenzo,VALIDO,DEDUCIDO,2026-10-04T09:44:08.327-03:00,2026-10-04T13:38:32.867-03:00,234.41,234.41,,,MIXTO,R7_MIXTO,3
ffa52548-1d61-4592-bba0-dd1f3bd88c3a,PAF816,R7,Ricardone → San Lorenzo,VALIDO,,2026-10-04T09:50:33.307-03:00,2026-10-04T12:44:16.866-03:00,173.73,,,80.21,MIXTO,R7_MIXTO,4
5ae6f2ae-e642-401b-8bdf-a7bba66bb598,AA037JX,R7,Ricardone → San Lorenzo,VALIDO,DEDUCIDO,2026-10-04T10:21:24.776-03:00,2026-10-04T11:09:00.823-03:00,47.60,47.60,,,MIXTO,R7_MIXTO,3
f39581e1-b8b4-4a27-b497-7fcfc754ea4c,GGR714,R7,Ricardone → San Lorenzo,VALIDO,DEDUCIDO,2026-10-04T10:39:09.639-03:00,2026-10-04T11:02:28.880-03:00,23.32,23.32,,,MIXTO,R7_MIXTO,3
9730c774-9f8e-444d-9120-b31f5c102a0c,IUL281,R7,Ricardone → San Lorenzo,VALIDO,DEDUCIDO,2026-10-04T11:03:40.203-03:00,2026-10-04T14:28:42.022-03:00,205.03,205.03,,,MIXTO,R7_MIXTO,3
60dc39fd-00d0-4930-8b8c-9d1bc4b1a529,JRM231,R7,Ricardone → San Lorenzo,VALIDO,DEDUCIDO,2026-10-04T11:05:19.010-03:00,2026-10-04T16:56:56.567-03:00,351.63,351.63,,,MIXTO,R7_MIXTO,3
fb58a054-a81c-438c-86e5-cb2b3b1cb7ad,AZL453,R7,Ricardone → San Lorenzo,VALIDO,,2026-10-04T11:09:03.181-03:00,2026-10-04T14:27:48.099-03:00,198.75,198.75,,,MIXTO,R7_MIXTO,2
bc02dedc-62d6-43cc-a42f-260e4ae86ac4,EIO943,R7,Ricardone → San Lorenzo,VALIDO,DEDUCIDO,2026-10-04T11:10:16.148-03:00,2026-10-04T14:29:24.905-03:00,199.15,199.15,,,MIXTO,R7_MIXTO,3
1b226005-2d25-49ee-8672-c2e6cdcbe6e5,LFB955,R7,Ricardone → San Lorenzo,VALIDO,DEDUCIDO,2026-10-04T12:26:38.521-03:00,2026-10-04T14:30:13.947-03:00,123.59,123.59,,,MIXTO,R7_MIXTO,3
5b498517-b827-4826-b84b-add04079d031,FMR246,R7,Ricardone → San Lorenzo,VALIDO,,2026-10-04T13:03:20.810-03:00,2026-10-04T17:36:00.260-03:00,272.66,,,27.24,MIXTO,R7_MIXTO,5
952a5ab0-7a60-4960-9911-2ff33488b5ca,JWM071,R7,Ricardone → San Lorenzo,VALIDO,DEDUCIDO,2026-10-04T13:12:04.518-03:00,2026-10-04T14:39:50.462-03:00,87.77,87.77,,,MIXTO,R7_MIXTO,3
e0d588e6-3f4e-435d-83ad-548107e83f6b,OVM720,R7,Ricardone → San Lorenzo,VALIDO,DEDUCIDO,2026-10-04T13:13:47.486-03:00,2026-10-04T14:41:09.827-03:00,87.37,87.37,,,MIXTO,R7_MIXTO,3
170e1496-ab05-4bbc-9c11-890fe369c24d,AE861LS,R7,Ricardone → San Lorenzo,VALIDO,DEDUCIDO,2026-10-04T13:14:38.369-03:00,2026-10-04T14:41:57.669-03:00,87.32,87.32,,,MIXTO,R7_MIXTO,3
5e2dfcc3-82d2-4e45-8eba-0cf79a89ff77,AH313SL,R7,Ricardone → San Lorenzo,VALIDO,DEDUCIDO,2026-10-04T13:18:25.020-03:00,2026-10-04T14:48:03.210-03:00,89.64,89.64,,,MIXTO,R7_MIXTO,4
213ba6fd-71bc-44fe-87f2-a8c29a2de43a,OAO481,R7,Ricardone → San Lorenzo,VALIDO,DEDUCIDO,2026-10-04T14:17:43.227-03:00,2026-10-04T17:31:35.168-03:00,193.87,193.87,,,MIXTO,R7_MIXTO,4
45a079ae-2915-4774-a4ec-b33c71c6cd72,GJU523,R7,Ricardone → San Lorenzo,VALIDO,DEDUCIDO,2026-10-04T14:50:18.783-03:00,2026-10-04T17:28:31.557-03:00,158.21,158.21,,,MIXTO,R7_MIXTO,3
4b18e6ec-269d-4e0f-af37-7bbe3c94a235,AH629ZR,R7,Ricardone → San Lorenzo,VALIDO,DEDUCIDO,2026-10-04T15:16:14.418-03:00,2026-10-04T17:15:33.832-03:00,119.32,119.32,,,MIXTO,R7_MIXTO,3
7767af06-0b98-4900-9633-5ac37874a843,AE102YN,R7,Ricardone → San Lorenzo,VALIDO,DEDUCIDO,2026-10-04T15:30:03.344-03:00,2026-10-04T17:20:11.128-03:00,110.13,110.13,,,MIXTO,R7_MIXTO,3
d34ecc86-9aca-4888-9844-a905969c623a,AI112IQ,R7,Ricardone → San Lorenzo,VALIDO,DEDUCIDO,2026-10-04T15:34:54.401-03:00,2026-10-04T17:15:07.431-03:00,100.22,100.22,,,MIXTO,R7_MIXTO,3
4cf0b445-91b6-43ca-8c32-8afe6c60cb33,AH166MH,R7,Ricardone → San Lorenzo,VALIDO,DEDUCIDO,2026-10-04T15:38:52.334-03:00,2026-10-04T17:29:22.361-03:00,110.50,110.50,,,MIXTO,R7_MIXTO,3
9cd12307-96c4-4f85-ae84-fdea3638ef6d,JET000,R7,Ricardone → San Lorenzo,VALIDO,DEDUCIDO,2026-10-04T15:42:01.788-03:00,2026-10-04T17:23:00.898-03:00,100.99,100.99,,,MIXTO,R7_MIXTO,3
689ebbc1-7fe2-4e1f-a5b2-1c302c567b61,AA824GX,R7,Ricardone → San Lorenzo,VALIDO,,2026-10-04T15:48:49.249-03:00,2026-10-04T18:22:43.701-03:00,153.91,,,47.73,MIXTO,R7_MIXTO,6
33634c26-1c41-4eeb-9748-2185f14c7482,LXX090,R7,Ricardone → San Lorenzo,VALIDO,DEDUCIDO,2026-10-04T15:55:22.872-03:00,2026-10-04T17:34:47.979-03:00,99.42,99.42,,,MIXTO,R7_MIXTO,3
69ed4e1c-c073-4cee-a3aa-05fd59fe1329,AD969HB,R7,Ricardone → San Lorenzo,VALIDO,DEDUCIDO,2026-10-04T16:10:40.288-03:00,2026-10-04T17:24:58.183-03:00,74.30,74.30,,,MIXTO,R7_MIXTO,3
8582d9c7-58fc-48d0-9a5e-6dbe75e4b3ec,AH163LV,R7,Ricardone → San Lorenzo,VALIDO,,2026-10-04T16:20:40.803-03:00,2026-10-04T16:26:53.474-03:00,6.21,6.21,,,MIXTO,R7_MIXTO,2
7c29ea54-f5ac-4683-8275-826a0de22899,AA697HO,R7,Ricardone → San Lorenzo,VALIDO,DEDUCIDO,2026-10-04T16:38:34.223-03:00,2026-10-04T17:33:04.373-03:00,54.50,54.50,,,MIXTO,R7_MIXTO,3
c4dccfcc-6977-4ced-894a-05e9cd6cf4f6,BIT440,R7,Ricardone → San Lorenzo,VALIDO,DEDUCIDO,2026-10-04T17:12:48.105-03:00,2026-10-04T17:30:51.165-03:00,18.05,18.05,,,MIXTO,R7_MIXTO,3
348ab8bb-b2e4-44d4-bb79-4ab2d8b2ea2c,SJY378,R7,Ricardone → San Lorenzo,VALIDO,DEDUCIDO,2026-10-04T17:45:31.124-03:00,2026-10-04T22:15:37.703-03:00,270.11,270.11,,,MIXTO,R7_MIXTO,3
9af4f2f7-3976-4ad9-b2c0-ad6d3122056d,AE236NN,R7,Ricardone → San Lorenzo,VALIDO,DEDUCIDO,2026-10-04T17:57:46.525-03:00,2026-10-04T20:49:48.283-03:00,172.03,172.03,,,MIXTO,R7_MIXTO,3
eba31872-d533-43d1-8953-8d06d3a715d0,GPZ202,R7,Ricardone → San Lorenzo,VALIDO,,2026-10-04T18:42:03.081-03:00,2026-10-04T21:40:50.053-03:00,178.78,,,45.31,MIXTO,R7_MIXTO,5
e39541d2-4f27-44c7-9e86-6396cbe46b3f,AH278RX,R7,Ricardone → San Lorenzo,VALIDO,DEDUCIDO,2026-10-04T19:31:31.734-03:00,2026-10-04T20:54:45.901-03:00,83.24,83.24,,,MIXTO,R7_MIXTO,3
d49af1a0-ed02-4070-abd7-3138fe1986d6,OIX640,R7,Ricardone → San Lorenzo,VALIDO,DEDUCIDO,2026-10-04T19:38:08.557-03:00,2026-10-04T20:56:34.387-03:00,78.43,78.43,,,MIXTO,R7_MIXTO,3
efe74429-420b-40ea-833e-573a28667d15,AXS846,R7,Ricardone → San Lorenzo,VALIDO,,2026-10-04T20:22:49.216-03:00,2026-10-04T22:18:51.395-03:00,116.04,116.04,,,MIXTO,R7_MIXTO,2
ef0dfac0-3558-4078-a5ba-5edc1acfa942,NEN431,R7,Ricardone → San Lorenzo,VALIDO,,2026-10-04T21:00:33.830-03:00,2026-10-04T22:38:05.391-03:00,97.53,,,76.71,MIXTO,R7_MIXTO,4
56e795e6-4026-4141-adc8-586b250f684d,HNZ246,R7,Ricardone → San Lorenzo,VALIDO,DEDUCIDO,2026-10-04T21:07:09.691-03:00,2026-10-04T22:31:40.401-03:00,84.51,84.51,,,MIXTO,R7_MIXTO,3
3e1ceb34-8f71-4cb7-bdb9-f41feeb950c2,RIN374,R7,Ricardone → San Lorenzo,VALIDO,DEDUCIDO,2026-10-04T21:30:48.095-03:00,2026-10-04T22:30:21.353-03:00,59.55,59.55,,,MIXTO,R7_MIXTO,3
caa1ce6e-2b0d-459c-8c99-9ca6c350ab15,MMV961,R7,Ricardone → San Lorenzo,VALIDO,DEDUCIDO,2026-10-04T21:50:54.644-03:00,2026-10-04T22:36:58.900-03:00,46.07,46.07,,,MIXTO,R7_MIXTO,3
3780935b-9010-4cd6-8155-85061abbed2b,LZA381,R7,Ricardone → San Lorenzo,VALIDO,DEDUCIDO,2026-10-04T21:52:21.691-03:00,2026-10-04T22:33:18.406-03:00,40.95,40.95,,,MIXTO,R7_MIXTO,3
254f822c-6bad-44b2-a46f-1e3efc84344d,IAB283,R7,Ricardone → San Lorenzo,VALIDO,,2026-10-04T21:57:11.308-03:00,2026-10-04T22:37:53.942-03:00,40.71,40.71,,,MIXTO,R7_MIXTO,2
ca72460a-d1c9-4d24-a522-5ea491ddcff6,AE782HG,R7,Ricardone → San Lorenzo,VALIDO,DEDUCIDO,2026-10-04T21:58:26.433-03:00,2026-10-04T22:35:45.695-03:00,37.32,37.32,,,MIXTO,R7_MIXTO,3
77af6f2e-a3a2-4367-80ef-b816c748ec7c,CEI975,R7,Ricardone → San Lorenzo,VALIDO,DEDUCIDO,2026-10-04T21:59:13.795-03:00,2026-10-04T22:39:03.331-03:00,39.83,39.83,,,MIXTO,R7_MIXTO,3
1904a123-ec70-4de8-9182-a0e8e487145b,AC195QD,R7,Ricardone → San Lorenzo,VALIDO,DEDUCIDO,2026-10-04T22:00:12.918-03:00,2026-10-04T22:46:10.072-03:00,45.95,45.95,,,MIXTO,R7_MIXTO,3
f1f6d598-4365-457b-8abf-5c8b9d13ea3b,CRK690,R7,Ricardone → San Lorenzo,VALIDO,DEDUCIDO,2026-10-04T22:01:02.679-03:00,2026-10-04T22:43:30.063-03:00,42.46,42.46,,,MIXTO,R7_MIXTO,3
8983460f-f8f1-47e2-91da-749e989c747e,JZY051,R7,Ricardone → San Lorenzo,VALIDO,DEDUCIDO,2026-10-04T22:01:47.483-03:00,2026-10-04T22:49:43.285-03:00,47.93,47.93,,,MIXTO,R7_MIXTO,3
08828c01-b670-4381-b866-2ca64c5e7706,AE003HC,R7,Ricardone → San Lorenzo,VALIDO,DEDUCIDO,2026-10-04T22:04:26.771-03:00,2026-10-04T22:57:09.149-03:00,52.71,52.71,,,MIXTO,R7_MIXTO,3
9bbcd260-1ab3-458f-ae8c-25abde5478d9,AEE773,R6,Recepción Volcable 2,VALIDO,DEDUCIDO,2026-10-04T22:11:53.679-03:00,2026-10-05T00:28:38.735-03:00,136.75,,,,,,5
94b99095-2e80-4e9a-a211-653914140770,HTA874,R7,Ricardone → San Lorenzo,VALIDO,DEDUCIDO,2026-10-04T22:13:26.645-03:00,2026-10-04T23:01:43.807-03:00,48.29,48.29,,,MIXTO,R7_MIXTO,3
03e09c42-a8b5-414d-afe9-6a5249a4ad66,AH772MA,R7,Ricardone → San Lorenzo,VALIDO,DEDUCIDO,2026-10-04T22:14:23.926-03:00,2026-10-04T22:57:42.992-03:00,43.32,43.32,,,MIXTO,R7_MIXTO,3
fcf91a6a-2fab-4e6e-adb7-8079b44544e2,AG790WY,R7,Ricardone → San Lorenzo,VALIDO,DEDUCIDO,2026-10-04T22:40:35.059-03:00,2026-10-04T23:02:25.090-03:00,21.83,21.83,,,MIXTO,R7_MIXTO,3
91c2a7ba-4ce9-4747-bc85-566ac7146337,EKA070,R7,Ricardone → San Lorenzo,VALIDO,DEDUCIDO,2026-10-04T22:42:54.906-03:00,2026-10-04T23:11:34.399-03:00,28.66,28.66,,,MIXTO,R7_MIXTO,3
50d0210f-67c8-46fd-b569-7a96e982a9a5,ORN981,R7,Ricardone → San Lorenzo,VALIDO,DEDUCIDO,2026-10-04T22:47:38.285-03:00,2026-10-04T23:18:34.666-03:00,30.94,30.94,,,MIXTO,R7_MIXTO,3
60a4f96f-38e4-46fc-a104-912aa751a08d,AA493CV,R7,Ricardone → San Lorenzo,VALIDO,,2026-10-04T22:48:38.846-03:00,2026-10-05T00:59:20.557-03:00,130.70,,,89.70,MIXTO,R7_MIXTO,3
fe7751d6-126a-43e6-ad4f-d6737fabb80e,AC521ED,R7,Ricardone → San Lorenzo,VALIDO,DEDUCIDO,2026-10-04T22:50:46.534-03:00,2026-10-04T23:21:12.915-03:00,30.44,30.44,,,MIXTO,R7_MIXTO,3
b4e1441c-c120-4d2e-80a7-73bf246edd5f,EQM827,R7,Ricardone → San Lorenzo,VALIDO,DEDUCIDO,2026-10-04T22:54:40.389-03:00,2026-10-04T23:21:48.676-03:00,27.14,27.14,,,MIXTO,R7_MIXTO,3
b6f71c6b-51f2-4635-a5f1-c84d9eeee58e,AA919HA,R7,Ricardone → San Lorenzo,VALIDO,DEDUCIDO,2026-10-04T22:57:56.001-03:00,2026-10-04T23:22:38.120-03:00,24.70,24.70,,,MIXTO,R7_MIXTO,3
cffd0e3b-be5c-49c9-a356-87f0583049f3,AH278RX,SL1,Recepción Carga OSL San Lorenzo,VALIDO,DEDUCIDO,2026-10-04T22:59:07.201-03:00,2026-10-05T01:12:54.167-03:00,133.78,,,,,,5
9e29462f-2690-4960-9731-d67e6ec51aa7,AH694QH,R7,Ricardone → San Lorenzo,VALIDO,DEDUCIDO,2026-10-04T23:13:18.375-03:00,2026-10-04T23:50:10.456-03:00,36.87,36.87,,,MIXTO,R7_MIXTO,3
3912b3e5-d8fd-44bd-b8a3-b2d196387c0b,GJU550,R7,Ricardone → San Lorenzo,VALIDO,DEDUCIDO,2026-10-04T23:15:05.180-03:00,2026-10-04T23:52:45.986-03:00,37.68,37.68,,,MIXTO,R7_MIXTO,3
fd13cfeb-095b-48dc-a0f0-c80851578466,MTM756,R7,Ricardone → San Lorenzo,VALIDO,DEDUCIDO,2026-10-04T23:16:03.022-03:00,2026-10-04T23:42:01.468-03:00,25.97,25.97,,,MIXTO,R7_MIXTO,3
43914f6a-c479-4aff-90bc-eaaf2c5c03cd,AE857EN,R7,Ricardone → San Lorenzo,VALIDO,DEDUCIDO,2026-10-04T23:26:09.057-03:00,2026-10-04T23:43:14.672-03:00,17.09,17.09,,,MIXTO,R7_MIXTO,3
a250d7c1-6c0c-4255-885f-f11b748f7def,AF745FV,R7,Ricardone → San Lorenzo,VALIDO,,2026-10-04T23:29:28.722-03:00,2026-10-05T03:02:16.220-03:00,212.79,24.16,10.37,178.27,MIXTO,R7_MIXTO,6
4119f6c5-ea99-431b-a562-085d910ec6b3,AE332ID,R7,Ricardone → San Lorenzo,VALIDO,COMPLETO,2026-10-04T23:30:56.168-03:00,2026-10-04T23:58:08.608-03:00,27.21,18.36,8.85,,MIXTO,R7_MIXTO,5
38c10230-2c02-4127-8007-4d145f3d6366,FKZ178,R7,Ricardone → San Lorenzo,VALIDO,,2026-10-04T23:31:34.569-03:00,2026-10-05T02:55:16.170-03:00,203.69,33.19,8.55,161.95,MIXTO,R7_MIXTO,7
033f2179-41ef-415b-80a2-2445b5205340,IWJ952,R7,Ricardone → San Lorenzo,VALIDO,,2026-10-04T23:37:28.990-03:00,2026-10-05T03:03:46.657-03:00,206.29,18.10,9.25,178.94,MIXTO,R7_MIXTO,6
94347240-b52d-4a6b-b1b4-d7def9a71b5b,LZH220,R7,Ricardone → San Lorenzo,VALIDO,COMPLETO,2026-10-04T23:38:03.711-03:00,2026-10-05T00:14:18.107-03:00,36.24,27.45,8.79,,MIXTO,R7_MIXTO,5
e2820d26-d2c3-4049-8e2b-41d673babca1,EVJ486,R7,Ricardone → San Lorenzo,VALIDO,DEDUCIDO,2026-10-05T00:08:15.030-03:00,2026-10-05T00:45:50.137-03:00,37.59,,,,MIXTO,R7_MIXTO,3
c9141479-1af2-409f-91d7-29c6c5eb0942,AF427ML,R7,Ricardone → San Lorenzo,VALIDO,DEDUCIDO,2026-10-05T00:09:38.753-03:00,2026-10-05T01:00:07.741-03:00,50.48,50.48,,,MIXTO,R7_MIXTO,3
a303c360-35fa-4bc0-a54b-8ba738a983ce,OWP182,R7,Ricardone → San Lorenzo,VALIDO,DEDUCIDO,2026-10-05T00:21:58.554-03:00,2026-10-05T00:44:12.885-03:00,22.24,22.24,,,MIXTO,R7_MIXTO,3
c9481ace-a7ae-4451-a183-096004112fba,AH415RM,R7,Ricardone → San Lorenzo,VALIDO,DEDUCIDO,2026-10-05T00:23:18.241-03:00,2026-10-05T00:43:46.005-03:00,20.46,20.46,,,MIXTO,R7_MIXTO,3
01985250-5052-4dd9-bed9-dd02e188c697,OSL239,R7,Ricardone → San Lorenzo,VALIDO,DEDUCIDO,2026-10-05T00:31:32.587-03:00,2026-10-05T01:06:27.284-03:00,34.91,34.91,,,MIXTO,R7_MIXTO,3