product_normalized,platform_normalized,resolved_circuit_family,total_excel_operations,with_truckflow_evidence,ready_for_scatter,ready_for_full_route_kpi,no_truckflow_evidence,avg_truckflow_duration_min
SOJA,VOLCABLE_PTO_2,SAN_LORENZO_VOLCABLE,1229,0,0,0,1229,0
SOJA,VOLCABLE_PTO_1,SAN_LORENZO_VOLCABLE,328,0,0,0,328,0
SOJA,VOLCABLE_PTO_3,SAN_LORENZO_VOLCABLE,860,0,0,0,860,0
SOJA,VOLCABLE_PTO_5,SAN_LORENZO_VOLCABLE,1022,0,0,0,1022,0
CHIP DE PINO,PLAYA_LEÑA_Y_CHIP,,30,0,0,0,30,0
GIRASOL,VOLCABLE_1,VOLCABLE,213,0,213,0,213,0
MAIZ,CELDA_171_-_CENTRO,CELDA16,260,0,0,0,260,0
CHIP DE EUCALIPTUS,PLAYA_LEÑA_Y_CHIP,,35,0,0,0,35,0
DDG BURLANDA SECA DE MAIZ SIN SOLUBLES,DEPOSITO_BURLANDAS,,23,0,0,0,23,0
PRODUCTOS VARIOS,VARIOS,,53,0,0,0,53,0
ACEITE SOJA NEUTRO,,LIQUIDO,3,0,0,0,3,0
TIERRA DESC FILTROS,,,29,0,0,0,29,0
CHIP EN ORIGEN,PLAYA_LEÑA_Y_CHIP,,18,0,0,0,18,0
AGUA POTABLE,ACEITE_OSL,LIQUIDO,6,0,0,0,6,0
PRODUCTOS VARIOS,SECCION_4,,1,0,0,0,1,0
BORRA DE ACSOJA REFINADO,,,12,0,0,0,12,0
PRODUCTOS VARIOS,,,44,0,0,0,44,0
RESIDUOS ASIMILABLES A DOMICILIARIOS,SIN_ESPECIFICAR,,6,0,0,0,6,0
BURLANDA HUMEDA,DEPOSITO_BURLANDAS,,17,0,0,0,17,0
THIN STILLAGE DE MAIZ,,,8,0,0,0,8,0
ALCOHOL ETILICO ANHIDRO P/ BIOCOMB ORIG CEREAL,T1002,,43,0,0,0,43,0
RESIDUOS ORG,,,25,0,0,0,25,0
RESIDUOS ASIMILABLES A DOMICILIARIOS,,,15,0,0,0,15,0
AC GIRASOL OLEICO REFINADO,ACEITE_OSL,LIQUIDO,61,0,0,0,61,0
BARRIDO DE MERCADERIA,,,1,0,0,0,1,0
LEÑA CORTA SELECC,PLAYA_LEÑA_Y_CHIP,,37,0,0,0,37,0
ALCOHOL ETILICO DESNATURALIZADO OTROS USOS,,,1,0,0,0,1,0
SOLVENTE HEXANO,,,4,0,0,0,4,0
ACEITE GIRASOL PARA REFINAR,ACEITE_PTO,LIQUIDO,152,0,0,0,152,0
ACEITE SOJA CRUDO DESGOMADO,,LIQUIDO,76,0,0,0,76,0
BORRA ACEITE GIRASOL REFINADO,ACEITE_OSL,LIQUIDO,12,0,0,0,12,0
LEÑA CORTA,PLAYA_LEÑA_Y_CHIP,,15,0,0,0,15,0
FUEL-OIL,SIN_ESPECIFICAR,,2,0,0,0,2,0
CASCARA DE SOJA PELLETEADA,,,1,0,0,0,1,0
GIRASOL,VOLCABLE_2,VOLCABLE,75,0,75,0,75,0
GLICERINA REFINADA,,,18,0,0,0,18,0
ACEITE SOJA CRUDO DESGOMADO,ACEITE_PTO,LIQUIDO,1,0,0,0,1,0
NITROGENO LIQUIDO,,,2,0,0,0,2,0
DESPERDICIO DE BALANCEADO,DEPOSITO_BALANCEADO,,1,0,0,0,1,0
FUEL-OIL,,,29,0,0,0,29,0
HARINA DE SOJA ESPECIAL,ACEITE_OSL,LIQUIDO,2,0,0,0,2,0
ACEITE GIRASOL REFINADO,ACEITE_OSL,LIQUIDO,123,0,0,0,123,0
ACEITE GIRASOL REFINADO,,LIQUIDO,13,0,0,0,13,0
SOJA,CELDA_16,CELDA16,158,0,0,0,158,0
CARTON-PAPEL,,,2,0,0,0,2,0
FUEL-OIL,ACEITE_OSL,LIQUIDO,2,0,0,0,2,0
MAIZ,,,6,0,0,0,6,0
PELLETS GIRASOL,,,238,0,0,0,238,0
PELLETS GIRASOL,VOLCABLE_PTO_4,SAN_LORENZO_VOLCABLE,340,0,0,0,340,0
BORRA DE ACSOJA REFINADO,ACEITE_OSL,LIQUIDO,1,0,0,0,1,0
HARINA DE SOJA ESPECIAL,,,2,0,0,0,2,0
PELLETS GIRASOL,CARGA_SILO_11,,152,0,0,0,152,0
CHIP DE PINO,DEPOSITO_BURLANDAS,,1,0,0,0,1,0
PRODUCTOS VARIOS,CALADITO,,1,0,0,0,1,0
LEÑA CORTA,CELDA_171_-_CENTRO,CELDA16,1,0,0,0,1,0
GLICERINA,ACEITE,LIQUIDO,2,0,0,0,2,0
ALCOHOL ETILICO BUEN GUSTO/POTABLE DE CEREAL,T1005,,1,0,0,0,1,0
MAIZ,CELDA_171_-_BUENO,CELDA16,1,0,0,0,1,0
GAS OIL,,,1,0,0,0,1,0
SEMILLA CON AGUA/BARRO,VARIOS,,2,0,0,0,2,0
SEMILLA CON AGUA/BARRO,,,1,0,0,0,1,0
PRODUCTOS VARIOS,CARGA_SILO_11,,4,0,0,0,4,0
FUEL-OIL,TANQUE_AEREO_TK-19K_(PLAYA_DE_TANQUE),,1,0,0,0,1,0
GAS OIL,SIN_ESPECIFICAR,,1,0,0,0,1,0
HARINA DE SOJA ESPECIAL,CALADITO,,1,0,0,0,1,0
ACEITE GIRASOL ENVASADO,,LIQUIDO,6,0,0,0,6,0
ACEITE SOJA ENVASADO,,LIQUIDO,8,0,0,0,8,0
TARIMAS MADERA,,,2,0,0,0,2,0
LEÑA EUCALIPTUS,PLAYA_LEÑA_Y_CHIP,,1,0,0,0,1,0
HIPOCLORITO DE SODIO,,,1,0,0,0,1,0
SODA CAUSTICA LIQUIDA,,,1,0,0,0,1,0
SOJA,VAGONES,,51,0,0,0,51,0
MERMA DE ZARANDA,,,1,0,0,0,1,0
ACEITE GIRASOL PARA REFINAR,,LIQUIDO,2,0,0,0,2,0
ACIDO CITRICO ANHIDRO,,,1,0,0,0,1,0
AGUA INDUSTRIAL,ACEITE_OSL,LIQUIDO,6,0,0,0,6,0
ACEITE GIRASOL CRUDO,,LIQUIDO,1,0,0,0,1,0