external_operation_id,plate_normalized,excel_planta,source_date,circuit,excel_platform,audit_site,required_camera,riccalliq_captured,s10_captured,s10_devices_hit,s10_roles,unified_slot_gap,expected_sl_role,truckflow_match_quality,excel_in_truckflow_window,matched_journey_uids,analysis_ready_for_scatter,camera_best_instant
COMPROB_000400418855,BTS626,TERMINAL_EMBARQUE,2026-06-26,SL1,ACEITE_OSL,san_lorenzo_s10,S10_descarga,false,false,,,neither,descarga,NO_TRUCKFLOW_EVIDENCE,false,,false,
COMPROB_000400418859,MKA348,TERMINAL_EMBARQUE,2026-06-26,SL1,ACEITE_OSL,san_lorenzo_s10,S10_descarga,false,false,,,raw_outside_window_only,descarga,NO_TRUCKFLOW_EVIDENCE,false,,false,
COMPROB_000400418861,FDX990,TERMINAL_EMBARQUE,2026-06-26,SL1,ACEITE_OSL,san_lorenzo_s10,S10_descarga,false,false,,,raw_no_pipeline,descarga,NO_TRUCKFLOW_EVIDENCE,false,,false,
COMPROB_000400418864,OFG785,TERMINAL_EMBARQUE,2026-06-26,SL1,ACEITE_OSL,san_lorenzo_s10,S10_descarga,false,false,,,raw_outside_window_only,descarga,NO_TRUCKFLOW_EVIDENCE,false,,false,
COMPROB_000400418865,AGR963,TERMINAL_EMBARQUE,2026-06-26,SL1,ACEITE_OSL,san_lorenzo_s10,S10_descarga,false,false,,,neither,descarga,NO_TRUCKFLOW_EVIDENCE,false,,false,
COMPROB_000400418866,AD887XZ,TERMINAL_EMBARQUE,2026-06-26,SL1,ACEITE_OSL,san_lorenzo_s10,S10_descarga,false,false,,,raw_no_pipeline,descarga,NO_TRUCKFLOW_EVIDENCE,false,,false,
COMPROB_000400418868,UUH077,TERMINAL_EMBARQUE,2026-06-26,SL1,ACEITE_OSL,san_lorenzo_s10,S10_descarga,false,false,,,raw_no_pipeline,descarga,NO_TRUCKFLOW_EVIDENCE,false,,false,
COMPROB_000400418871,KWO040,TERMINAL_EMBARQUE,2026-06-26,SL1,ACEITE_OSL,san_lorenzo_s10,S10_descarga,false,false,,,raw_no_pipeline,descarga,NO_TRUCKFLOW_EVIDENCE,false,,false,
COMPROB_000400418872,CDF727,TERMINAL_EMBARQUE,2026-06-26,SL1,ACEITE_OSL,san_lorenzo_s10,S10_descarga,false,false,,,raw_no_pipeline,descarga,NO_TRUCKFLOW_EVIDENCE,false,,false,
COMPROB_000400418874,LKJ248,TERMINAL_EMBARQUE,2026-06-26,SL1,ACEITE_OSL,san_lorenzo_s10,S10_descarga,false,false,,,neither,descarga,NO_TRUCKFLOW_EVIDENCE,false,,false,
CTG_30033138713,EXR046,TERMINAL_EMBARQUE,2026-06-26,SL2,ACEITE_PTO,san_lorenzo_s10,S10_cualquiera,true,false,,,neither,cualquiera,NO_TRUCKFLOW_EVIDENCE,false,,false,
CTG_30033140921,SPI351,TERMINAL_EMBARQUE,2026-06-26,SL2,ACEITE_PTO,san_lorenzo_s10,S10_cualquiera,true,false,,,neither,cualquiera,NO_TRUCKFLOW_EVIDENCE,false,,false,
COMPROB_000400418875,CAA384,TERMINAL_EMBARQUE,2026-06-26,SL1,ACEITE_OSL,san_lorenzo_s10,S10_descarga,false,false,,,raw_outside_window_only,descarga,NO_TRUCKFLOW_EVIDENCE,false,,false,
CTG_30033141090,ENA722,TERMINAL_EMBARQUE,2026-06-26,SL2,ACEITE_PTO,san_lorenzo_s10,S10_cualquiera,true,false,,,neither,cualquiera,NO_TRUCKFLOW_EVIDENCE,false,,false,
CTG_30033140983,AA463TD,TERMINAL_EMBARQUE,2026-06-26,SL2,ACEITE_PTO,san_lorenzo_s10,S10_cualquiera,true,false,,,neither,cualquiera,NO_TRUCKFLOW_EVIDENCE,false,,false,
CTG_30033141239,JTT879,TERMINAL_EMBARQUE,2026-06-26,SL2,ACEITE_PTO,san_lorenzo_s10,S10_cualquiera,true,false,,,neither,cualquiera,NO_TRUCKFLOW_EVIDENCE,false,,false,
CTG_30033141613,RPL435,TERMINAL_EMBARQUE,2026-06-26,SL2,ACEITE_PTO,san_lorenzo_s10,S10_cualquiera,true,false,,,neither,cualquiera,NO_TRUCKFLOW_EVIDENCE,false,,false,
CTG_30033143383,GVJ645,TERMINAL_EMBARQUE,2026-06-26,SL2,ACEITE_PTO,san_lorenzo_s10,S10_cualquiera,true,false,,,neither,cualquiera,NO_TRUCKFLOW_EVIDENCE,false,,false,
CTG_30033138441,UUU110,TERMINAL_EMBARQUE,2026-06-26,SL2,ACEITE_PTO,san_lorenzo_s10,S10_cualquiera,false,false,,,neither,cualquiera,NO_TRUCKFLOW_EVIDENCE,false,,false,
COMPROB_000400418881,AE999OW,TERMINAL_EMBARQUE,2026-06-26,SL1,ACEITE_OSL,san_lorenzo_s10,S10_descarga,false,false,,,neither,descarga,NO_TRUCKFLOW_EVIDENCE,false,,false,
CTG_30033144441,GAV905,TERMINAL_EMBARQUE,2026-06-26,SL2,ACEITE_PTO,san_lorenzo_s10,S10_cualquiera,true,false,,,neither,cualquiera,NO_TRUCKFLOW_EVIDENCE,false,,false,
CTG_30033143797,TKS227,TERMINAL_EMBARQUE,2026-06-26,SL2,ACEITE_PTO,san_lorenzo_s10,S10_cualquiera,true,false,,,neither,cualquiera,NO_TRUCKFLOW_EVIDENCE,false,,false,
CTG_30033145400,NBK156,TERMINAL_EMBARQUE,2026-06-26,SL2,ACEITE_PTO,san_lorenzo_s10,S10_cualquiera,true,false,,,neither,cualquiera,NO_TRUCKFLOW_EVIDENCE,false,,false,
COMPROB_000400418884,MKA348,TERMINAL_EMBARQUE,2026-06-26,SL1,ACEITE_OSL,san_lorenzo_s10,S10_descarga,false,false,,,raw_no_pipeline,descarga,NO_TRUCKFLOW_EVIDENCE,false,,false,
CTG_30033146403,FAF492,TERMINAL_EMBARQUE,2026-06-26,SL2,ACEITE_PTO,san_lorenzo_s10,S10_cualquiera,true,false,,,neither,cualquiera,NO_TRUCKFLOW_EVIDENCE,false,,false,
COMPROB_000400418885,FDX990,TERMINAL_EMBARQUE,2026-06-26,SL1,ACEITE_OSL,san_lorenzo_s10,S10_descarga,false,false,,,raw_no_pipeline,descarga,NO_TRUCKFLOW_EVIDENCE,false,,false,
CTG_30033148526,JUP399,TERMINAL_EMBARQUE,2026-06-26,SL2,ACEITE_PTO,san_lorenzo_s10,S10_cualquiera,true,false,,,neither,cualquiera,NO_TRUCKFLOW_EVIDENCE,false,,false,
CTG_30033147518,JPS813,TERMINAL_EMBARQUE,2026-06-26,SL2,ACEITE_PTO,san_lorenzo_s10,S10_cualquiera,true,false,,,neither,cualquiera,NO_TRUCKFLOW_EVIDENCE,false,,false,
CTG_30033149673,AJV928,TERMINAL_EMBARQUE,2026-06-26,SL2,ACEITE_PTO,san_lorenzo_s10,S10_cualquiera,true,false,,,neither,cualquiera,NO_TRUCKFLOW_EVIDENCE,false,,false,
COMPROB_000400418886,OFG785,TERMINAL_EMBARQUE,2026-06-26,SL1,ACEITE_OSL,san_lorenzo_s10,S10_descarga,false,false,,,raw_outside_window_only,descarga,NO_TRUCKFLOW_EVIDENCE,false,,false,
CTG_30033153388,KZO646,TERMINAL_EMBARQUE,2026-06-26,SL2,ACEITE_PTO,san_lorenzo_s10,S10_cualquiera,true,false,,,neither,cualquiera,NO_TRUCKFLOW_EVIDENCE,false,,false,
COMPROB_000400418887,EMU873,TERMINAL_EMBARQUE,2026-06-26,SL1,ACEITE_OSL,san_lorenzo_s10,S10_descarga,false,false,,,neither,descarga,NO_TRUCKFLOW_EVIDENCE,false,,false,
CTG_30033157243,FOZ297,TERMINAL_EMBARQUE,2026-06-26,SL2,ACEITE_PTO,san_lorenzo_s10,S10_cualquiera,true,false,,,neither,cualquiera,NO_TRUCKFLOW_EVIDENCE,false,,false,
CTG_30033150700,AKJ611,TERMINAL_EMBARQUE,2026-06-26,SL2,ACEITE_PTO,san_lorenzo_s10,S10_cualquiera,true,false,,,neither,cualquiera,NO_TRUCKFLOW_EVIDENCE,false,,false,
CTG_30033164895,SPI351,TERMINAL_EMBARQUE,2026-06-26,SL2,ACEITE_PTO,san_lorenzo_s10,S10_cualquiera,true,false,,,neither,cualquiera,NO_TRUCKFLOW_EVIDENCE,false,,false,
COMPROB_000400418888,OGA047,TERMINAL_EMBARQUE,2026-06-26,SL1,ACEITE_OSL,san_lorenzo_s10,S10_descarga,false,false,,,raw_outside_window_only,descarga,NO_TRUCKFLOW_EVIDENCE,false,,false,
COMPROB_000400418889,AD887XZ,TERMINAL_EMBARQUE,2026-06-26,SL1,ACEITE_OSL,san_lorenzo_s10,S10_descarga,false,false,,,raw_no_pipeline,descarga,NO_TRUCKFLOW_EVIDENCE,false,,false,
CTG_30033164967,EXR046,TERMINAL_EMBARQUE,2026-06-26,SL2,ACEITE_PTO,san_lorenzo_s10,S10_cualquiera,true,false,,,neither,cualquiera,NO_TRUCKFLOW_EVIDENCE,false,,false,
CTG_30033167511,ENA722,TERMINAL_EMBARQUE,2026-06-26,SL2,ACEITE_PTO,san_lorenzo_s10,S10_cualquiera,true,false,,,neither,cualquiera,NO_TRUCKFLOW_EVIDENCE,false,,false,
COMPROB_000400418890,KWO040,TERMINAL_EMBARQUE,2026-06-26,SL1,ACEITE_OSL,san_lorenzo_s10,S10_descarga,false,false,,,raw_no_pipeline,descarga,NO_TRUCKFLOW_EVIDENCE,false,,false,
CTG_30033166743,AA463TD,TERMINAL_EMBARQUE,2026-06-26,SL2,ACEITE_PTO,san_lorenzo_s10,S10_cualquiera,true,false,,,neither,cualquiera,NO_TRUCKFLOW_EVIDENCE,false,,false,
CTG_30033168909,JTT879,TERMINAL_EMBARQUE,2026-06-26,SL2,ACEITE_PTO,san_lorenzo_s10,S10_cualquiera,true,false,,,neither,cualquiera,NO_TRUCKFLOW_EVIDENCE,false,,false,
CTG_30033156424,JDH880,TERMINAL_EMBARQUE,2026-06-26,SL2,ACEITE_PTO,san_lorenzo_s10,S10_cualquiera,true,false,,,neither,cualquiera,NO_TRUCKFLOW_EVIDENCE,false,,false,
COMPROB_000400418893,OFG785,TERMINAL_EMBARQUE,2026-06-27,SL1,ACEITE_OSL,san_lorenzo_s10,S10_descarga,false,false,,,raw_outside_window_only,descarga,NO_TRUCKFLOW_EVIDENCE,false,,false,
COMPROB_000400418894,MKA348,TERMINAL_EMBARQUE,2026-06-27,SL1,ACEITE_OSL,san_lorenzo_s10,S10_descarga,false,false,,,raw_no_pipeline,descarga,NO_TRUCKFLOW_EVIDENCE,false,,false,
COMPROB_000400418895,OGA047,TERMINAL_EMBARQUE,2026-06-27,SL1,ACEITE_OSL,san_lorenzo_s10,S10_descarga,false,false,,,raw_outside_window_only,descarga,NO_TRUCKFLOW_EVIDENCE,false,,false,
COMPROB_000400418897,AD887XZ,TERMINAL_EMBARQUE,2026-06-27,SL1,ACEITE_OSL,san_lorenzo_s10,S10_descarga,false,false,,,raw_no_pipeline,descarga,NO_TRUCKFLOW_EVIDENCE,false,,false,
COMPROB_000400418898,FDX990,TERMINAL_EMBARQUE,2026-06-27,SL1,ACEITE_OSL,san_lorenzo_s10,S10_descarga,false,false,,,raw_outside_window_only,descarga,NO_TRUCKFLOW_EVIDENCE,false,,false,
COMPROB_000400418899,KWO040,TERMINAL_EMBARQUE,2026-06-27,SL1,ACEITE_OSL,san_lorenzo_s10,S10_descarga,false,false,,,raw_no_pipeline,descarga,NO_TRUCKFLOW_EVIDENCE,false,,false,
COMPROB_000400418900,EMU873,TERMINAL_EMBARQUE,2026-06-27,SL1,ACEITE_OSL,san_lorenzo_s10,S10_descarga,false,false,,,neither,descarga,NO_TRUCKFLOW_EVIDENCE,false,,false,
COMPROB_000400418902,KOQ228,TERMINAL_EMBARQUE,2026-06-27,SL1,ACEITE_OSL,san_lorenzo_s10,S10_descarga,false,false,,,neither,descarga,NO_TRUCKFLOW_EVIDENCE,false,,false,
COMPROB_000400418903,AGR963,TERMINAL_EMBARQUE,2026-06-27,SL1,ACEITE_OSL,san_lorenzo_s10,S10_descarga,false,false,,,neither,descarga,NO_TRUCKFLOW_EVIDENCE,false,,false,
COMPROB_000400418904,CAA384,TERMINAL_EMBARQUE,2026-06-27,SL1,ACEITE_OSL,san_lorenzo_s10,S10_descarga,false,false,,,raw_no_pipeline,descarga,NO_TRUCKFLOW_EVIDENCE,false,,false,
CTG_30033172338,EXR046,TERMINAL_EMBARQUE,2026-06-27,SL2,ACEITE_PTO,san_lorenzo_s10,S10_cualquiera,true,false,,,neither,cualquiera,NO_TRUCKFLOW_EVIDENCE,false,,false,
CTG_30033172190,FOZ297,TERMINAL_EMBARQUE,2026-06-27,SL2,ACEITE_PTO,san_lorenzo_s10,S10_cualquiera,true,false,,,neither,cualquiera,NO_TRUCKFLOW_EVIDENCE,false,,false,
COMPROB_000400418905,EVD342,TERMINAL_EMBARQUE,2026-06-27,SL1,ACEITE_OSL,san_lorenzo_s10,S10_descarga,false,false,,,neither,descarga,NO_TRUCKFLOW_EVIDENCE,false,,false,
CTG_30033172621,ENA722,TERMINAL_EMBARQUE,2026-06-27,SL2,ACEITE_PTO,san_lorenzo_s10,S10_cualquiera,true,false,,,neither,cualquiera,NO_TRUCKFLOW_EVIDENCE,false,,false,
CTG_30033173115,AA463TD,TERMINAL_EMBARQUE,2026-06-27,SL2,ACEITE_PTO,san_lorenzo_s10,S10_cualquiera,true,false,,,neither,cualquiera,NO_TRUCKFLOW_EVIDENCE,false,,false,
CTG_30033173743,JTT879,TERMINAL_EMBARQUE,2026-06-27,SL2,ACEITE_PTO,san_lorenzo_s10,S10_cualquiera,true,false,,,neither,cualquiera,NO_TRUCKFLOW_EVIDENCE,false,,false,
CTG_30033175499,NBK156,TERMINAL_EMBARQUE,2026-06-27,SL2,ACEITE_PTO,san_lorenzo_s10,S10_cualquiera,true,false,,,neither,cualquiera,NO_TRUCKFLOW_EVIDENCE,false,,false,
CTG_30033174677,JDH880,TERMINAL_EMBARQUE,2026-06-27,SL2,ACEITE_PTO,san_lorenzo_s10,S10_cualquiera,true,false,,,neither,cualquiera,NO_TRUCKFLOW_EVIDENCE,false,,false,
COMPROB_000400418908,CDF727,TERMINAL_EMBARQUE,2026-06-27,SL1,ACEITE_OSL,san_lorenzo_s10,S10_descarga,false,false,,,raw_no_pipeline,descarga,NO_TRUCKFLOW_EVIDENCE,false,,false,
COMPROB_000400418909,FDX990,TERMINAL_EMBARQUE,2026-06-27,SL1,ACEITE_OSL,san_lorenzo_s10,S10_descarga,false,false,,,raw_outside_window_only,descarga,NO_TRUCKFLOW_EVIDENCE,false,,false,
COMPROB_000400418910,AE999OW,TERMINAL_EMBARQUE,2026-06-27,SL1,ACEITE_OSL,san_lorenzo_s10,S10_descarga,false,false,,,neither,descarga,NO_TRUCKFLOW_EVIDENCE,false,,false,
COMPROB_000400418911,OFG785,TERMINAL_EMBARQUE,2026-06-27,SL1,ACEITE_OSL,san_lorenzo_s10,S10_descarga,false,false,,,raw_outside_window_only,descarga,NO_TRUCKFLOW_EVIDENCE,false,,false,
COMPROB_000400418912,KOE138,TERMINAL_EMBARQUE,2026-06-27,SL1,ACEITE_OSL,san_lorenzo_s10,S10_descarga,false,false,,,neither,descarga,NO_TRUCKFLOW_EVIDENCE,false,,false,
COMPROB_000400418913,EMU873,TERMINAL_EMBARQUE,2026-06-27,SL1,ACEITE_OSL,san_lorenzo_s10,S10_descarga,false,false,,,neither,descarga,NO_TRUCKFLOW_EVIDENCE,false,,false,
COMPROB_000400418914,KOQ228,TERMINAL_EMBARQUE,2026-06-27,SL1,ACEITE_OSL,san_lorenzo_s10,S10_descarga,false,false,,,neither,descarga,NO_TRUCKFLOW_EVIDENCE,false,,false,
COMPROB_000400418915,FDX990,TERMINAL_EMBARQUE,2026-06-27,SL1,ACEITE_OSL,san_lorenzo_s10,S10_descarga,false,false,,,raw_outside_window_only,descarga,NO_TRUCKFLOW_EVIDENCE,false,,false,
COMPROB_000400418918,KWO040,TERMINAL_EMBARQUE,2026-06-28,SL1,ACEITE_OSL,san_lorenzo_s10,S10_descarga,false,false,,,raw_no_pipeline,descarga,NO_TRUCKFLOW_EVIDENCE,false,,false,
COMPROB_000400418919,UUH077,TERMINAL_EMBARQUE,2026-06-28,SL1,ACEITE_OSL,san_lorenzo_s10,S10_descarga,false,false,,,raw_no_pipeline,descarga,NO_TRUCKFLOW_EVIDENCE,false,,false,
COMPROB_000400418920,EVD342,TERMINAL_EMBARQUE,2026-06-28,SL1,ACEITE_OSL,san_lorenzo_s10,S10_descarga,false,false,,,neither,descarga,NO_TRUCKFLOW_EVIDENCE,false,,false,
COMPROB_000400418921,OFG785,TERMINAL_EMBARQUE,2026-06-28,SL1,ACEITE_OSL,san_lorenzo_s10,S10_descarga,false,false,,,raw_outside_window_only,descarga,NO_TRUCKFLOW_EVIDENCE,false,,false,
COMPROB_000400418922,AGR963,TERMINAL_EMBARQUE,2026-06-28,SL1,ACEITE_OSL,san_lorenzo_s10,S10_descarga,false,false,,,neither,descarga,NO_TRUCKFLOW_EVIDENCE,false,,false,
COMPROB_000400418924,KOQ228,TERMINAL_EMBARQUE,2026-06-28,SL1,ACEITE_OSL,san_lorenzo_s10,S10_descarga,false,false,,,neither,descarga,NO_TRUCKFLOW_EVIDENCE,false,,false,
COMPROB_000400418925,AD887XZ,TERMINAL_EMBARQUE,2026-06-28,SL1,ACEITE_OSL,san_lorenzo_s10,S10_descarga,false,false,,,raw_no_pipeline,descarga,NO_TRUCKFLOW_EVIDENCE,false,,false,
COMPROB_000400418926,FDX990,TERMINAL_EMBARQUE,2026-06-28,SL1,ACEITE_OSL,san_lorenzo_s10,S10_descarga,false,false,,,raw_no_pipeline,descarga,NO_TRUCKFLOW_EVIDENCE,false,,false,
COMPROB_000400418927,KOE138,TERMINAL_EMBARQUE,2026-06-28,SL1,ACEITE_OSL,san_lorenzo_s10,S10_descarga,false,false,,,neither,descarga,NO_TRUCKFLOW_EVIDENCE,false,,false,
COMPROB_000400418929,KWO040,TERMINAL_EMBARQUE,2026-06-28,SL1,ACEITE_OSL,san_lorenzo_s10,S10_descarga,false,false,,,raw_no_pipeline,descarga,NO_TRUCKFLOW_EVIDENCE,false,,false,
COMPROB_000400418930,UUH077,TERMINAL_EMBARQUE,2026-06-28,SL1,ACEITE_OSL,san_lorenzo_s10,S10_descarga,false,false,,,raw_no_pipeline,descarga,NO_TRUCKFLOW_EVIDENCE,false,,false,
COMPROB_000400418931,OFG785,TERMINAL_EMBARQUE,2026-06-28,SL1,ACEITE_OSL,san_lorenzo_s10,S10_descarga,false,false,,,raw_outside_window_only,descarga,NO_TRUCKFLOW_EVIDENCE,false,,false,
COMPROB_000400418932,AGR963,TERMINAL_EMBARQUE,2026-06-28,SL1,ACEITE_OSL,san_lorenzo_s10,S10_descarga,false,false,,,neither,descarga,NO_TRUCKFLOW_EVIDENCE,false,,false,
COMPROB_000400418933,FDX990,TERMINAL_EMBARQUE,2026-06-28,SL1,ACEITE_OSL,san_lorenzo_s10,S10_descarga,false,false,,,raw_no_pipeline,descarga,NO_TRUCKFLOW_EVIDENCE,false,,false,
COMPROB_000400418934,PAR121,TERMINAL_EMBARQUE,2026-06-29,SL1,ACEITE_OSL,san_lorenzo_s10,S10_descarga,false,false,,,neither,descarga,NO_TRUCKFLOW_EVIDENCE,false,,false,
COMPROB_000400418944,UUH077,TERMINAL_EMBARQUE,2026-06-29,SL1,ACEITE_OSL,san_lorenzo_s10,S10_descarga,false,false,,,raw_no_pipeline,descarga,NO_TRUCKFLOW_EVIDENCE,false,,false,
COMPROB_000400418946,BTS626,TERMINAL_EMBARQUE,2026-06-29,SL1,ACEITE_OSL,san_lorenzo_s10,S10_descarga,false,false,,,neither,descarga,NO_TRUCKFLOW_EVIDENCE,false,,false,
COMPROB_000400418947,OFG785,TERMINAL_EMBARQUE,2026-06-29,SL1,ACEITE_OSL,san_lorenzo_s10,S10_descarga,false,false,,,raw_outside_window_only,descarga,NO_TRUCKFLOW_EVIDENCE,false,,false,
COMPROB_000400418950,AD887XZ,TERMINAL_EMBARQUE,2026-06-29,SL1,ACEITE_OSL,san_lorenzo_s10,S10_descarga,false,false,,,raw_outside_window_only,descarga,NO_TRUCKFLOW_EVIDENCE,false,,false,
COMPROB_000400418956,WRM886,TERMINAL_EMBARQUE,2026-06-29,SL1,ACEITE_OSL,san_lorenzo_s10,S10_descarga,false,false,,,raw_no_pipeline,descarga,NO_TRUCKFLOW_EVIDENCE,false,,false,
COMPROB_000400418965,AGR963,TERMINAL_EMBARQUE,2026-06-29,SL1,ACEITE_OSL,san_lorenzo_s10,S10_descarga,false,false,,,neither,descarga,NO_TRUCKFLOW_EVIDENCE,false,,false,
COMPROB_000400418968,EVD342,TERMINAL_EMBARQUE,2026-06-29,SL1,ACEITE_OSL,san_lorenzo_s10,S10_descarga,false,false,,,neither,descarga,NO_TRUCKFLOW_EVIDENCE,false,,false,
COMPROB_000400418969,MFS439,TERMINAL_EMBARQUE,2026-06-29,SL2,ACEITE_PTO,san_lorenzo_s10,S10_cualquiera,false,false,,,neither,cualquiera,NO_TRUCKFLOW_EVIDENCE,false,,false,
COMPROB_000400418970,EGV380,TERMINAL_EMBARQUE,2026-06-29,SL1,ACEITE_OSL,san_lorenzo_s10,S10_descarga,false,false,,,raw_no_pipeline,descarga,NO_TRUCKFLOW_EVIDENCE,false,,false,
COMPROB_000400418974,CDF727,TERMINAL_EMBARQUE,2026-06-29,SL1,ACEITE_OSL,san_lorenzo_s10,S10_descarga,false,false,,,raw_no_pipeline,descarga,NO_TRUCKFLOW_EVIDENCE,false,,false,
COMPROB_000400418975,BXR841,TERMINAL_EMBARQUE,2026-06-29,SL1,ACEITE_OSL,san_lorenzo_s10,S10_descarga,false,false,,,raw_no_pipeline,descarga,NO_TRUCKFLOW_EVIDENCE,false,,false,
CTG_30033202947,AKJ611,TERMINAL_EMBARQUE,2026-06-29,SL2,ACEITE_PTO,san_lorenzo_s10,S10_cualquiera,true,false,,,neither,cualquiera,NO_TRUCKFLOW_EVIDENCE,false,,false,
CTG_30033203249,AJV928,TERMINAL_EMBARQUE,2026-06-29,SL2,ACEITE_PTO,san_lorenzo_s10,S10_cualquiera,true,false,,,neither,cualquiera,NO_TRUCKFLOW_EVIDENCE,false,,false,
COMPROB_000400418977,HNO035,TERMINAL_EMBARQUE,2026-06-29,SL1,ACEITE_OSL,san_lorenzo_s10,S10_descarga,false,false,,,raw_no_pipeline,descarga,NO_TRUCKFLOW_EVIDENCE,false,,false,
CTG_30033210531,EXR046,TERMINAL_EMBARQUE,2026-06-29,SL2,ACEITE_PTO,san_lorenzo_s10,S10_cualquiera,true,false,,,neither,cualquiera,NO_TRUCKFLOW_EVIDENCE,false,,false,
CTG_30033213488,NBK156,TERMINAL_EMBARQUE,2026-06-29,SL2,ACEITE_PTO,san_lorenzo_s10,S10_cualquiera,true,false,,,neither,cualquiera,NO_TRUCKFLOW_EVIDENCE,false,,false,
COMPROB_000400418980,MKA348,TERMINAL_EMBARQUE,2026-06-29,SL1,ACEITE_OSL,san_lorenzo_s10,S10_descarga,false,false,,,raw_no_pipeline,descarga,NO_TRUCKFLOW_EVIDENCE,false,,false,
COMPROB_000400418981,HAQ820,TERMINAL_EMBARQUE,2026-06-29,SL1,ACEITE_OSL,san_lorenzo_s10,S10_descarga,false,false,,,raw_outside_window_only,descarga,NO_TRUCKFLOW_EVIDENCE,false,,false,
CTG_30033221147,SPI351,TERMINAL_EMBARQUE,2026-06-29,SL2,ACEITE_PTO,san_lorenzo_s10,S10_cualquiera,true,false,,,neither,cualquiera,NO_TRUCKFLOW_EVIDENCE,false,,false,
COMPROB_000400418982,AB495QJ,TERMINAL_EMBARQUE,2026-06-29,SL1,ACEITE_OSL,san_lorenzo_s10,S10_descarga,false,false,,,neither,descarga,NO_TRUCKFLOW_EVIDENCE,false,,false,
CTG_30033217087,AA463TD,TERMINAL_EMBARQUE,2026-06-29,SL2,ACEITE_PTO,san_lorenzo_s10,S10_cualquiera,true,false,,,neither,cualquiera,NO_TRUCKFLOW_EVIDENCE,false,,false,
COMPROB_000400418986,AE131BA,TERMINAL_EMBARQUE,2026-06-29,SL1,ACEITE_OSL,san_lorenzo_s10,S10_descarga,false,false,,,neither,descarga,NO_TRUCKFLOW_EVIDENCE,false,,false,
CTG_30033222428,JPS813,TERMINAL_EMBARQUE,2026-06-29,SL2,ACEITE_PTO,san_lorenzo_s10,S10_cualquiera,true,false,,,neither,cualquiera,NO_TRUCKFLOW_EVIDENCE,false,,false,
CTG_30033223416,ENA722,TERMINAL_EMBARQUE,2026-06-29,SL2,ACEITE_PTO,san_lorenzo_s10,S10_cualquiera,true,false,,,neither,cualquiera,NO_TRUCKFLOW_EVIDENCE,false,,false,
COMPROB_000400418987,EAO104,TERMINAL_EMBARQUE,2026-06-29,SL1,ACEITE_OSL,san_lorenzo_s10,S10_descarga,false,false,,,neither,descarga,NO_TRUCKFLOW_EVIDENCE,false,,false,
CTG_30033226517,FAF492,TERMINAL_EMBARQUE,2026-06-29,SL2,ACEITE_PTO,san_lorenzo_s10,S10_cualquiera,true,false,,,neither,cualquiera,NO_TRUCKFLOW_EVIDENCE,false,,false,
CTG_30033226835,JUP399,TERMINAL_EMBARQUE,2026-06-29,SL2,ACEITE_PTO,san_lorenzo_s10,S10_cualquiera,true,false,,,neither,cualquiera,NO_TRUCKFLOW_EVIDENCE,false,,false,
COMPROB_000400418988,MWH059,TERMINAL_EMBARQUE,2026-06-29,SL1,ACEITE_OSL,san_lorenzo_s10,S10_descarga,false,false,,,raw_outside_window_only,descarga,NO_TRUCKFLOW_EVIDENCE,false,,false,
COMPROB_000400418989,DQQ926,TERMINAL_EMBARQUE,2026-06-29,SL1,ACEITE_OSL,san_lorenzo_s10,S10_descarga,false,false,,,neither,descarga,NO_TRUCKFLOW_EVIDENCE,false,,false,
COMPROB_000400418990,LGZ704,TERMINAL_EMBARQUE,2026-06-29,SL1,ACEITE_OSL,san_lorenzo_s10,S10_descarga,false,false,,,raw_outside_window_only,descarga,NO_TRUCKFLOW_EVIDENCE,false,,false,
CTG_30033230469,AKJ611,TERMINAL_EMBARQUE,2026-06-29,SL2,ACEITE_PTO,san_lorenzo_s10,S10_cualquiera,true,false,,,neither,cualquiera,NO_TRUCKFLOW_EVIDENCE,false,,false,
CTG_30033229831,UUU110,TERMINAL_EMBARQUE,2026-06-29,SL2,ACEITE_PTO,san_lorenzo_s10,S10_cualquiera,true,false,,,neither,cualquiera,NO_TRUCKFLOW_EVIDENCE,false,,false,
COMPROB_000400418991,OVT999,TERMINAL_EMBARQUE,2026-06-29,SL1,ACEITE_OSL,san_lorenzo_s10,S10_descarga,false,false,,,neither,descarga,NO_TRUCKFLOW_EVIDENCE,false,,false,
CTG_30033230974,AJV928,TERMINAL_EMBARQUE,2026-06-29,SL2,ACEITE_PTO,san_lorenzo_s10,S10_cualquiera,true,false,,,neither,cualquiera,NO_TRUCKFLOW_EVIDENCE,false,,false,
CTG_30033231489,EXR046,TERMINAL_EMBARQUE,2026-06-29,SL2,ACEITE_PTO,san_lorenzo_s10,S10_cualquiera,true,false,,,neither,cualquiera,NO_TRUCKFLOW_EVIDENCE,false,,false,
COMPROB_000400418993,LPE712,TERMINAL_EMBARQUE,2026-06-29,SL1,ACEITE_OSL,san_lorenzo_s10,S10_descarga,false,false,,,neither,descarga,NO_TRUCKFLOW_EVIDENCE,false,,false,
COMPROB_000400418994,OIG256,TERMINAL_EMBARQUE,2026-06-30,SL1,ACEITE_OSL,san_lorenzo_s10,S10_descarga,false,false,,,neither,descarga,NO_TRUCKFLOW_EVIDENCE,false,,false,
CTG_30033233620,KZO646,TERMINAL_EMBARQUE,2026-06-30,SL2,ACEITE_PTO,san_lorenzo_s10,S10_cualquiera,true,false,,,neither,cualquiera,NO_TRUCKFLOW_EVIDENCE,false,,false,
CTG_30033233681,NBK156,TERMINAL_EMBARQUE,2026-06-30,SL2,ACEITE_PTO,san_lorenzo_s10,S10_cualquiera,true,false,,,neither,cualquiera,NO_TRUCKFLOW_EVIDENCE,false,,false,
CTG_30033233786,SPI351,TERMINAL_EMBARQUE,2026-06-30,SL2,ACEITE_PTO,san_lorenzo_s10,S10_cualquiera,true,false,,,neither,cualquiera,NO_TRUCKFLOW_EVIDENCE,false,,false,
CTG_30033233812,AA463TD,TERMINAL_EMBARQUE,2026-06-30,SL2,ACEITE_PTO,san_lorenzo_s10,S10_cualquiera,true,false,,,neither,cualquiera,NO_TRUCKFLOW_EVIDENCE,false,,false,
CTG_30033233844,JPS813,TERMINAL_EMBARQUE,2026-06-30,SL2,ACEITE_PTO,san_lorenzo_s10,S10_cualquiera,true,false,,,neither,cualquiera,NO_TRUCKFLOW_EVIDENCE,false,,false,
CTG_30033233867,ENA722,TERMINAL_EMBARQUE,2026-06-30,SL2,ACEITE_PTO,san_lorenzo_s10,S10_cualquiera,true,false,,,neither,cualquiera,NO_TRUCKFLOW_EVIDENCE,false,,false,
CTG_30033233892,JDH880,TERMINAL_EMBARQUE,2026-06-30,SL2,ACEITE_PTO,san_lorenzo_s10,S10_cualquiera,true,false,,,neither,cualquiera,NO_TRUCKFLOW_EVIDENCE,false,,false,
CTG_30033233920,FAF492,TERMINAL_EMBARQUE,2026-06-30,SL2,ACEITE_PTO,san_lorenzo_s10,S10_cualquiera,true,false,,,neither,cualquiera,NO_TRUCKFLOW_EVIDENCE,false,,false,
COMPROB_000400418995,UUH077,TERMINAL_EMBARQUE,2026-06-30,SL1,ACEITE_OSL,san_lorenzo_s10,S10_descarga,false,false,,,raw_no_pipeline,descarga,NO_TRUCKFLOW_EVIDENCE,false,,false,
CTG_30033234004,JUP399,TERMINAL_EMBARQUE,2026-06-30,SL2,ACEITE_PTO,san_lorenzo_s10,S10_cualquiera,true,false,,,neither,cualquiera,NO_TRUCKFLOW_EVIDENCE,false,,false,
CTG_30033234014,UUU110,TERMINAL_EMBARQUE,2026-06-30,SL2,ACEITE_PTO,san_lorenzo_s10,S10_cualquiera,true,false,,,neither,cualquiera,NO_TRUCKFLOW_EVIDENCE,false,,false,
CTG_30033234021,AKJ611,TERMINAL_EMBARQUE,2026-06-30,SL2,ACEITE_PTO,san_lorenzo_s10,S10_cualquiera,true,false,,,neither,cualquiera,NO_TRUCKFLOW_EVIDENCE,false,,false,
CTG_30033234030,AJV928,TERMINAL_EMBARQUE,2026-06-30,SL2,ACEITE_PTO,san_lorenzo_s10,S10_cualquiera,true,false,,,neither,cualquiera,NO_TRUCKFLOW_EVIDENCE,false,,false,
COMPROB_000400418996,AGR963,TERMINAL_EMBARQUE,2026-06-30,SL1,ACEITE_OSL,san_lorenzo_s10,S10_descarga,false,false,,,neither,descarga,NO_TRUCKFLOW_EVIDENCE,false,,false,
CTG_30033234035,EXR046,TERMINAL_EMBARQUE,2026-06-30,SL2,ACEITE_PTO,san_lorenzo_s10,S10_cualquiera,true,false,,,neither,cualquiera,NO_TRUCKFLOW_EVIDENCE,false,,false,
CTG_30033234045,KZO646,TERMINAL_EMBARQUE,2026-06-30,SL2,ACEITE_PTO,san_lorenzo_s10,S10_cualquiera,true,false,,,neither,cualquiera,NO_TRUCKFLOW_EVIDENCE,false,,false,
CTG_30033234071,NBK156,TERMINAL_EMBARQUE,2026-06-30,SL2,ACEITE_PTO,san_lorenzo_s10,S10_cualquiera,true,false,,,neither,cualquiera,NO_TRUCKFLOW_EVIDENCE,false,,false,
COMPROB_000400419000,OFG785,TERMINAL_EMBARQUE,2026-06-30,SL1,ACEITE_OSL,san_lorenzo_s10,S10_descarga,false,false,,,raw_outside_window_only,descarga,NO_TRUCKFLOW_EVIDENCE,false,,false,
COMPROB_000400419001,BTS626,TERMINAL_EMBARQUE,2026-06-30,SL1,ACEITE_OSL,san_lorenzo_s10,S10_descarga,false,false,,,neither,descarga,NO_TRUCKFLOW_EVIDENCE,false,,false,
COMPROB_000400419002,LKJ248,TERMINAL_EMBARQUE,2026-06-30,SL1,ACEITE_OSL,san_lorenzo_s10,S10_descarga,false,false,,,neither,descarga,NO_TRUCKFLOW_EVIDENCE,false,,false,
COMPROB_000400419004,OVP323,TERMINAL_EMBARQUE,2026-06-30,SL1,ACEITE_OSL,san_lorenzo_s10,S10_descarga,false,false,,,neither,descarga,NO_TRUCKFLOW_EVIDENCE,false,,false,
COMPROB_000400419005,WRM886,TERMINAL_EMBARQUE,2026-06-30,SL1,ACEITE_OSL,san_lorenzo_s10,S10_descarga,false,false,,,raw_no_pipeline,descarga,NO_TRUCKFLOW_EVIDENCE,false,,false,
COMPROB_000400419007,OGA047,TERMINAL_EMBARQUE,2026-06-30,SL1,ACEITE_OSL,san_lorenzo_s10,S10_descarga,false,false,,,raw_no_pipeline,descarga,NO_TRUCKFLOW_EVIDENCE,false,,false,
CTG_30033234369,JPS813,TERMINAL_EMBARQUE,2026-06-30,SL2,ACEITE_PTO,san_lorenzo_s10,S10_cualquiera,true,false,,,neither,cualquiera,NO_TRUCKFLOW_EVIDENCE,false,,false,
CTG_30033234560,FAF492,TERMINAL_EMBARQUE,2026-06-30,SL2,ACEITE_PTO,san_lorenzo_s10,S10_cualquiera,true,false,,,neither,cualquiera,NO_TRUCKFLOW_EVIDENCE,false,,false,
COMPROB_000400419010,KWO040,TERMINAL_EMBARQUE,2026-06-30,SL1,ACEITE_OSL,san_lorenzo_s10,S10_descarga,false,false,,,raw_no_pipeline,descarga,NO_TRUCKFLOW_EVIDENCE,false,,false,
CTG_30033234871,JDH880,TERMINAL_EMBARQUE,2026-06-30,SL2,ACEITE_PTO,san_lorenzo_s10,S10_cualquiera,true,false,,,neither,cualquiera,NO_TRUCKFLOW_EVIDENCE,false,,false,
CTG_30033235361,JUP399,TERMINAL_EMBARQUE,2026-06-30,SL2,ACEITE_PTO,san_lorenzo_s10,S10_cualquiera,true,false,,,neither,cualquiera,NO_TRUCKFLOW_EVIDENCE,false,,false,
COMPROB_000400419011,EAO104,TERMINAL_EMBARQUE,2026-06-30,SL1,ACEITE_OSL,san_lorenzo_s10,S10_descarga,false,false,,,neither,descarga,NO_TRUCKFLOW_EVIDENCE,false,,false,
COMPROB_000400419013,KOQ228,TERMINAL_EMBARQUE,2026-06-30,SL1,ACEITE_OSL,san_lorenzo_s10,S10_descarga,false,false,,,neither,descarga,NO_TRUCKFLOW_EVIDENCE,false,,false,
CTG_30033237138,AKJ611,TERMINAL_EMBARQUE,2026-06-30,SL2,ACEITE_PTO,san_lorenzo_s10,S10_cualquiera,true,false,,,neither,cualquiera,NO_TRUCKFLOW_EVIDENCE,false,,false,
COMPROB_000400419014,MWH059,TERMINAL_EMBARQUE,2026-06-30,SL1,ACEITE_OSL,san_lorenzo_s10,S10_descarga,false,false,,,raw_no_pipeline,descarga,NO_TRUCKFLOW_EVIDENCE,false,,false,
CTG_30033236131,UUU110,TERMINAL_EMBARQUE,2026-06-30,SL2,ACEITE_PTO,san_lorenzo_s10,S10_cualquiera,true,false,,,neither,cualquiera,NO_TRUCKFLOW_EVIDENCE,false,,false,
COMPROB_000400419015,AD887XZ,TERMINAL_EMBARQUE,2026-06-30,SL1,ACEITE_OSL,san_lorenzo_s10,S10_descarga,false,false,,,raw_no_pipeline,descarga,NO_TRUCKFLOW_EVIDENCE,false,,false,
COMPROB_000400419017,DQQ926,TERMINAL_EMBARQUE,2026-06-30,SL1,ACEITE_OSL,san_lorenzo_s10,S10_descarga,false,false,,,neither,descarga,NO_TRUCKFLOW_EVIDENCE,false,,false,
COMPROB_000400419018,LGZ704,TERMINAL_EMBARQUE,2026-06-30,SL1,ACEITE_OSL,san_lorenzo_s10,S10_descarga,false,false,,,raw_no_pipeline,descarga,NO_TRUCKFLOW_EVIDENCE,false,,false,
COMPROB_000400419019,EGV380,TERMINAL_EMBARQUE,2026-06-30,SL1,ACEITE_OSL,san_lorenzo_s10,S10_descarga,false,false,,,raw_no_pipeline,descarga,NO_TRUCKFLOW_EVIDENCE,false,,false,
CTG_30033239225,EXR046,TERMINAL_EMBARQUE,2026-06-30,SL2,ACEITE_PTO,san_lorenzo_s10,S10_cualquiera,true,false,,,neither,cualquiera,NO_TRUCKFLOW_EVIDENCE,false,,false,
CTG_30033238167,AJV928,TERMINAL_EMBARQUE,2026-06-30,SL2,ACEITE_PTO,san_lorenzo_s10,S10_cualquiera,true,false,,,neither,cualquiera,NO_TRUCKFLOW_EVIDENCE,false,,false,
COMPROB_000400419020,CDF727,TERMINAL_EMBARQUE,2026-06-30,SL1,ACEITE_OSL,san_lorenzo_s10,S10_descarga,false,false,,,raw_no_pipeline,descarga,NO_TRUCKFLOW_EVIDENCE,false,,false,
CTG_30033240463,KZO646,TERMINAL_EMBARQUE,2026-06-30,SL2,ACEITE_PTO,san_lorenzo_s10,S10_cualquiera,true,false,,,neither,cualquiera,NO_TRUCKFLOW_EVIDENCE,false,,false,
COMPROB_000400419021,EVD342,TERMINAL_EMBARQUE,2026-06-30,SL1,ACEITE_OSL,san_lorenzo_s10,S10_descarga,false,false,,,neither,descarga,NO_TRUCKFLOW_EVIDENCE,false,,false,
CTG_30033241779,NBK156,TERMINAL_EMBARQUE,2026-06-30,SL2,ACEITE_PTO,san_lorenzo_s10,S10_cualquiera,true,false,,,neither,cualquiera,NO_TRUCKFLOW_EVIDENCE,false,,false,
COMPROB_000400419022,BXR841,TERMINAL_EMBARQUE,2026-06-30,SL1,ACEITE_OSL,san_lorenzo_s10,S10_descarga,false,false,,,raw_no_pipeline,descarga,NO_TRUCKFLOW_EVIDENCE,false,,false,
CTG_30033243157,SPI351,TERMINAL_EMBARQUE,2026-06-30,SL2,ACEITE_PTO,san_lorenzo_s10,S10_cualquiera,true,false,,,neither,cualquiera,NO_TRUCKFLOW_EVIDENCE,false,,false,
COMPROB_000400419023,OIG256,TERMINAL_EMBARQUE,2026-06-30,SL1,ACEITE_OSL,san_lorenzo_s10,S10_descarga,false,false,,,neither,descarga,NO_TRUCKFLOW_EVIDENCE,false,,false,
COMPROB_000400419024,HNO035,TERMINAL_EMBARQUE,2026-06-30,SL1,ACEITE_OSL,san_lorenzo_s10,S10_descarga,false,false,,,raw_no_pipeline,descarga,NO_TRUCKFLOW_EVIDENCE,false,,false,
COMPROB_000400419026,OFG785,TERMINAL_EMBARQUE,2026-06-30,SL1,ACEITE_OSL,san_lorenzo_s10,S10_descarga,false,false,,,raw_outside_window_only,descarga,NO_TRUCKFLOW_EVIDENCE,false,,false,
COMPROB_000400419027,FDX990,TERMINAL_EMBARQUE,2026-06-30,SL1,ACEITE_OSL,san_lorenzo_s10,S10_descarga,false,false,,,raw_outside_window_only,descarga,NO_TRUCKFLOW_EVIDENCE,false,,false,
COMPROB_000400419029,KOE138,TERMINAL_EMBARQUE,2026-06-30,SL1,ACEITE_OSL,san_lorenzo_s10,S10_descarga,false,false,,,neither,descarga,NO_TRUCKFLOW_EVIDENCE,false,,false,
COMPROB_000400419030,WRM886,TERMINAL_EMBARQUE,2026-06-30,SL1,ACEITE_OSL,san_lorenzo_s10,S10_descarga,false,false,,,raw_no_pipeline,descarga,NO_TRUCKFLOW_EVIDENCE,false,,false,
COMPROB_000400419031,MKA348,TERMINAL_EMBARQUE,2026-06-30,SL1,ACEITE_OSL,san_lorenzo_s10,S10_descarga,false,false,,,raw_outside_window_only,descarga,NO_TRUCKFLOW_EVIDENCE,false,,false,
COMPROB_000400419032,EAO104,TERMINAL_EMBARQUE,2026-06-30,SL1,ACEITE_OSL,san_lorenzo_s10,S10_descarga,false,false,,,neither,descarga,NO_TRUCKFLOW_EVIDENCE,false,,false,
COMPROB_000400419033,OGA047,TERMINAL_EMBARQUE,2026-06-30,SL1,ACEITE_OSL,san_lorenzo_s10,S10_descarga,false,false,,,raw_no_pipeline,descarga,NO_TRUCKFLOW_EVIDENCE,false,,false,
COMPROB_000400419034,MWH059,TERMINAL_EMBARQUE,2026-06-30,SL1,ACEITE_OSL,san_lorenzo_s10,S10_descarga,false,false,,,raw_no_pipeline,descarga,NO_TRUCKFLOW_EVIDENCE,false,,false,
COMPROB_000400419035,UUH077,TERMINAL_EMBARQUE,2026-06-30,SL1,ACEITE_OSL,san_lorenzo_s10,S10_descarga,false,false,,,raw_outside_window_only,descarga,NO_TRUCKFLOW_EVIDENCE,false,,false,
COMPROB_000400419036,DQQ926,TERMINAL_EMBARQUE,2026-06-30,SL1,ACEITE_OSL,san_lorenzo_s10,S10_descarga,false,false,,,neither,descarga,NO_TRUCKFLOW_EVIDENCE,false,,false,
COMPROB_000400419038,OIG256,TERMINAL_EMBARQUE,2026-06-30,SL1,ACEITE_OSL,san_lorenzo_s10,S10_descarga,false,false,,,neither,descarga,NO_TRUCKFLOW_EVIDENCE,false,,false,
COMPROB_000400419043,EGV380,TERMINAL_EMBARQUE,2026-07-01,SL1,ACEITE_OSL,san_lorenzo_s10,S10_descarga,false,false,,,raw_no_pipeline,descarga,NO_TRUCKFLOW_EVIDENCE,false,,false,
COMPROB_000400419045,MKA348,TERMINAL_EMBARQUE,2026-07-01,SL1,ACEITE_OSL,san_lorenzo_s10,S10_descarga,false,false,,,raw_outside_window_only,descarga,NO_TRUCKFLOW_EVIDENCE,false,,false,
COMPROB_000301457562,JOZ498,RICARDONE,2026-07-01,R8,ACEITE,ricardone_calada,RicCalLiq,false,false,,,raw_outside_window_only,ric_calada,NO_TRUCKFLOW_EVIDENCE,false,,false,
COMPROB_000400419055,LKJ248,TERMINAL_EMBARQUE,2026-07-01,SL1,ACEITE_OSL,san_lorenzo_s10,S10_descarga,false,false,,,neither,descarga,NO_TRUCKFLOW_EVIDENCE,false,,false,
COMPROB_000400419058,BTS626,TERMINAL_EMBARQUE,2026-07-01,SL1,ACEITE_OSL,san_lorenzo_s10,S10_descarga,false,false,,,neither,descarga,NO_TRUCKFLOW_EVIDENCE,false,,false,
COMPROB_000400419059,LGZ704,TERMINAL_EMBARQUE,2026-07-01,SL1,ACEITE_OSL,san_lorenzo_s10,S10_descarga,false,false,,,raw_outside_window_only,descarga,NO_TRUCKFLOW_EVIDENCE,false,,false,
COMPROB_000400419061,AGR963,TERMINAL_EMBARQUE,2026-07-01,SL1,ACEITE_OSL,san_lorenzo_s10,S10_descarga,false,false,,,neither,descarga,NO_TRUCKFLOW_EVIDENCE,false,,false,
COMPROB_000400419062,HAQ820,TERMINAL_EMBARQUE,2026-07-01,SL1,ACEITE_OSL,san_lorenzo_s10,S10_descarga,false,false,,,raw_outside_window_only,descarga,NO_TRUCKFLOW_EVIDENCE,false,,false,
COMPROB_000400419065,AD887XZ,TERMINAL_EMBARQUE,2026-07-01,SL1,ACEITE_OSL,san_lorenzo_s10,S10_descarga,false,false,,,raw_no_pipeline,descarga,NO_TRUCKFLOW_EVIDENCE,false,,false,
COMPROB_000400419066,OFG785,TERMINAL_EMBARQUE,2026-07-01,SL1,ACEITE_OSL,san_lorenzo_s10,S10_descarga,false,false,,,raw_outside_window_only,descarga,NO_TRUCKFLOW_EVIDENCE,false,,false,
COMPROB_000400419069,BXR841,TERMINAL_EMBARQUE,2026-07-01,SL1,ACEITE_OSL,san_lorenzo_s10,S10_descarga,false,false,,,raw_no_pipeline,descarga,NO_TRUCKFLOW_EVIDENCE,false,,false,
COMPROB_000400419071,HNO035,TERMINAL_EMBARQUE,2026-07-01,SL1,ACEITE_OSL,san_lorenzo_s10,S10_descarga,false,false,,,raw_no_pipeline,descarga,NO_TRUCKFLOW_EVIDENCE,false,,false,
COMPROB_000400419073,KOQ228,TERMINAL_EMBARQUE,2026-07-01,SL1,ACEITE_OSL,san_lorenzo_s10,S10_descarga,false,false,,,neither,descarga,NO_TRUCKFLOW_EVIDENCE,false,,false,
COMPROB_000400419075,HAL844,TERMINAL_EMBARQUE,2026-07-01,SL1,ACEITE_OSL,san_lorenzo_s10,S10_descarga,false,false,,,raw_outside_window_only,descarga,NO_TRUCKFLOW_EVIDENCE,false,,false,
COMPROB_000400419078,FDX990,TERMINAL_EMBARQUE,2026-07-01,SL1,ACEITE_OSL,san_lorenzo_s10,S10_descarga,false,false,,,raw_outside_window_only,descarga,NO_TRUCKFLOW_EVIDENCE,false,,false,
COMPROB_000400419079,GDE552,TERMINAL_EMBARQUE,2026-07-01,SL1,ACEITE_OSL,san_lorenzo_s10,S10_descarga,false,false,,,raw_no_pipeline,descarga,NO_TRUCKFLOW_EVIDENCE,false,,false,
COMPROB_000400419082,KOE138,TERMINAL_EMBARQUE,2026-07-01,SL1,ACEITE_OSL,san_lorenzo_s10,S10_descarga,false,false,,,neither,descarga,NO_TRUCKFLOW_EVIDENCE,false,,false,
COMPROB_000400419083,EAO104,TERMINAL_EMBARQUE,2026-07-01,SL1,ACEITE_OSL,san_lorenzo_s10,S10_descarga,false,false,,,neither,descarga,NO_TRUCKFLOW_EVIDENCE,false,,false,
COMPROB_000400419086,EVD342,TERMINAL_EMBARQUE,2026-07-01,SL1,ACEITE_OSL,san_lorenzo_s10,S10_descarga,false,false,,,neither,descarga,NO_TRUCKFLOW_EVIDENCE,false,,false,
COMPROB_000400419087,LNO705,TERMINAL_EMBARQUE,2026-07-01,SL1,ACEITE_OSL,san_lorenzo_s10,S10_descarga,false,false,,,neither,descarga,NO_TRUCKFLOW_EVIDENCE,false,,false,
COMPROB_000400419089,MWH059,TERMINAL_EMBARQUE,2026-07-01,SL1,ACEITE_OSL,san_lorenzo_s10,S10_descarga,false,false,,,raw_no_pipeline,descarga,NO_TRUCKFLOW_EVIDENCE,false,,false,
COMPROB_000400419090,PAR121,TERMINAL_EMBARQUE,2026-07-01,SL1,ACEITE_OSL,san_lorenzo_s10,S10_descarga,false,false,,,neither,descarga,NO_TRUCKFLOW_EVIDENCE,false,,false,
COMPROB_000400419091,KWO040,TERMINAL_EMBARQUE,2026-07-01,SL1,ACEITE_OSL,san_lorenzo_s10,S10_descarga,false,false,,,raw_no_pipeline,descarga,NO_TRUCKFLOW_EVIDENCE,false,,false,
COMPROB_000400419092,OVT999,TERMINAL_EMBARQUE,2026-07-01,SL1,ACEITE_OSL,san_lorenzo_s10,S10_descarga,false,false,,,neither,descarga,NO_TRUCKFLOW_EVIDENCE,false,,false,
CTG_30033287190,ENA722,TERMINAL_EMBARQUE,2026-07-01,SL2,ACEITE_PTO,san_lorenzo_s10,S10_cualquiera,true,false,,,neither,cualquiera,NO_TRUCKFLOW_EVIDENCE,false,,false,
COMPROB_000400419093,DQQ926,TERMINAL_EMBARQUE,2026-07-01,SL1,ACEITE_OSL,san_lorenzo_s10,S10_descarga,false,false,,,neither,descarga,NO_TRUCKFLOW_EVIDENCE,false,,false,
CTG_30033286310,AA463TD,TERMINAL_EMBARQUE,2026-07-01,SL2,ACEITE_PTO,san_lorenzo_s10,S10_cualquiera,true,false,,,neither,cualquiera,NO_TRUCKFLOW_EVIDENCE,false,,false,
COMPROB_000400419094,WRM886,TERMINAL_EMBARQUE,2026-07-01,SL1,ACEITE_OSL,san_lorenzo_s10,S10_descarga,false,false,,,raw_no_pipeline,descarga,NO_TRUCKFLOW_EVIDENCE,false,,false,
CTG_30033288445,NBK156,TERMINAL_EMBARQUE,2026-07-01,SL2,ACEITE_PTO,san_lorenzo_s10,S10_cualquiera,true,false,,,neither,cualquiera,NO_TRUCKFLOW_EVIDENCE,false,,false,
COMPROB_000400419096,OGA047,TERMINAL_EMBARQUE,2026-07-01,SL1,ACEITE_OSL,san_lorenzo_s10,S10_descarga,false,false,,,raw_outside_window_only,descarga,NO_TRUCKFLOW_EVIDENCE,false,,false,
CTG_30033290671,JUP399,TERMINAL_EMBARQUE,2026-07-01,SL2,ACEITE_PTO,san_lorenzo_s10,S10_cualquiera,true,false,,,neither,cualquiera,NO_TRUCKFLOW_EVIDENCE,false,,false,
CTG_30033289284,UUU110,TERMINAL_EMBARQUE,2026-07-01,SL2,ACEITE_PTO,san_lorenzo_s10,S10_cualquiera,true,false,,,neither,cualquiera,NO_TRUCKFLOW_EVIDENCE,false,,false,
COMPROB_000400419097,UUH077,TERMINAL_EMBARQUE,2026-07-01,SL1,ACEITE_OSL,san_lorenzo_s10,S10_descarga,false,false,,,raw_outside_window_only,descarga,NO_TRUCKFLOW_EVIDENCE,false,,false,
COMPROB_000400419098,LGZ704,TERMINAL_EMBARQUE,2026-07-01,SL1,ACEITE_OSL,san_lorenzo_s10,S10_descarga,false,false,,,raw_outside_window_only,descarga,NO_TRUCKFLOW_EVIDENCE,false,,false,
CTG_30033293179,TKS227,TERMINAL_EMBARQUE,2026-07-01,SL2,ACEITE_PTO,san_lorenzo_s10,S10_cualquiera,true,false,,,neither,cualquiera,NO_TRUCKFLOW_EVIDENCE,false,,false,
CTG_30033291655,EXR046,TERMINAL_EMBARQUE,2026-07-01,SL2,ACEITE_PTO,san_lorenzo_s10,S10_cualquiera,true,false,,,neither,cualquiera,NO_TRUCKFLOW_EVIDENCE,false,,false,
COMPROB_000400419099,CDF727,TERMINAL_EMBARQUE,2026-07-01,SL1,ACEITE_OSL,san_lorenzo_s10,S10_descarga,false,false,,,raw_outside_window_only,descarga,NO_TRUCKFLOW_EVIDENCE,false,,false,
CTG_30033296425,GVJ645,TERMINAL_EMBARQUE,2026-07-01,SL2,ACEITE_PTO,san_lorenzo_s10,S10_cualquiera,true,false,,,neither,cualquiera,NO_TRUCKFLOW_EVIDENCE,false,,false,
CTG_30033296195,IYR089,TERMINAL_EMBARQUE,2026-07-01,SL2,ACEITE_PTO,san_lorenzo_s10,S10_cualquiera,true,false,,,neither,cualquiera,NO_TRUCKFLOW_EVIDENCE,false,,false,
CTG_30033299102,SPI351,TERMINAL_EMBARQUE,2026-07-01,SL2,ACEITE_PTO,san_lorenzo_s10,S10_cualquiera,false,false,,,neither,cualquiera,NO_TRUCKFLOW_EVIDENCE,false,,false,
CTG_30033295750,AB334RQ,TERMINAL_EMBARQUE,2026-07-01,SL2,ACEITE_PTO,san_lorenzo_s10,S10_cualquiera,true,false,,,neither,cualquiera,NO_TRUCKFLOW_EVIDENCE,false,,false,
COMPROB_000400419101,AD887XZ,TERMINAL_EMBARQUE,2026-07-01,SL1,ACEITE_OSL,san_lorenzo_s10,S10_descarga,false,false,,,raw_no_pipeline,descarga,NO_TRUCKFLOW_EVIDENCE,false,,false,
COMPROB_000400419103,EGV380,TERMINAL_EMBARQUE,2026-07-01,SL1,ACEITE_OSL,san_lorenzo_s10,S10_descarga,false,false,,,raw_no_pipeline,descarga,NO_TRUCKFLOW_EVIDENCE,false,,false,
COMPROB_000400419104,LKJ248,TERMINAL_EMBARQUE,2026-07-01,SL1,ACEITE_OSL,san_lorenzo_s10,S10_descarga,false,false,,,neither,descarga,NO_TRUCKFLOW_EVIDENCE,false,,false,
CTG_30033299742,AJV928,TERMINAL_EMBARQUE,2026-07-01,SL2,ACEITE_PTO,san_lorenzo_s10,S10_cualquiera,true,false,,,neither,cualquiera,NO_TRUCKFLOW_EVIDENCE,false,,false,
CTG_30033300197,AKJ611,TERMINAL_EMBARQUE,2026-07-01,SL2,ACEITE_PTO,san_lorenzo_s10,S10_cualquiera,true,false,,,neither,cualquiera,NO_TRUCKFLOW_EVIDENCE,false,,false,
CTG_30033300880,ENA722,TERMINAL_EMBARQUE,2026-07-01,SL2,ACEITE_PTO,san_lorenzo_s10,S10_cualquiera,true,false,,,neither,cualquiera,NO_TRUCKFLOW_EVIDENCE,false,,false,
CTG_30033300570,AA463TD,TERMINAL_EMBARQUE,2026-07-01,SL2,ACEITE_PTO,san_lorenzo_s10,S10_cualquiera,true,false,,,neither,cualquiera,NO_TRUCKFLOW_EVIDENCE,false,,false,
CTG_30033301214,JDH880,TERMINAL_EMBARQUE,2026-07-02,SL2,ACEITE_PTO,san_lorenzo_s10,S10_cualquiera,false,false,,,neither,cualquiera,NO_TRUCKFLOW_EVIDENCE,false,,false,
COMPROB_000400419110,HAL844,TERMINAL_EMBARQUE,2026-07-02,SL1,ACEITE_OSL,san_lorenzo_s10,S10_descarga,false,false,,,raw_outside_window_only,descarga,NO_TRUCKFLOW_EVIDENCE,false,,false,
CTG_30033301637,NBK156,TERMINAL_EMBARQUE,2026-07-02,SL2,ACEITE_PTO,san_lorenzo_s10,S10_cualquiera,true,false,,,neither,cualquiera,NO_TRUCKFLOW_EVIDENCE,false,,false,
CTG_30033301435,DOE150,TERMINAL_EMBARQUE,2026-07-02,SL2,ACEITE_PTO,san_lorenzo_s10,S10_cualquiera,true,false,,,neither,cualquiera,NO_TRUCKFLOW_EVIDENCE,false,,false,
COMPROB_000400419111,OFG785,TERMINAL_EMBARQUE,2026-07-02,SL1,ACEITE_OSL,san_lorenzo_s10,S10_descarga,false,false,,,raw_outside_window_only,descarga,NO_TRUCKFLOW_EVIDENCE,false,,false,
CTG_30033302455,RPL435,TERMINAL_EMBARQUE,2026-07-02,SL2,ACEITE_PTO,san_lorenzo_s10,S10_cualquiera,true,false,,,neither,cualquiera,NO_TRUCKFLOW_EVIDENCE,false,,false,
CTG_30033302619,GVJ645,TERMINAL_EMBARQUE,2026-07-02,SL2,ACEITE_PTO,san_lorenzo_s10,S10_cualquiera,true,false,,,neither,cualquiera,NO_TRUCKFLOW_EVIDENCE,false,,false,
CTG_30033302588,EXR046,TERMINAL_EMBARQUE,2026-07-02,SL2,ACEITE_PTO,san_lorenzo_s10,S10_cualquiera,true,false,,,neither,cualquiera,NO_TRUCKFLOW_EVIDENCE,false,,false,
CTG_30033302666,SPI351,TERMINAL_EMBARQUE,2026-07-02,SL2,ACEITE_PTO,san_lorenzo_s10,S10_cualquiera,false,false,,,neither,cualquiera,NO_TRUCKFLOW_EVIDENCE,false,,false,
CTG_30033302690,AJV928,TERMINAL_EMBARQUE,2026-07-02,SL2,ACEITE_PTO,san_lorenzo_s10,S10_cualquiera,true,false,,,neither,cualquiera,NO_TRUCKFLOW_EVIDENCE,false,,false,
CTG_30033302701,AKJ611,TERMINAL_EMBARQUE,2026-07-02,SL2,ACEITE_PTO,san_lorenzo_s10,S10_cualquiera,true,false,,,neither,cualquiera,NO_TRUCKFLOW_EVIDENCE,false,,false,
COMPROB_000400419123,BTS626,TERMINAL_EMBARQUE,2026-07-02,SL1,ACEITE_OSL,san_lorenzo_s10,S10_descarga,false,false,,,neither,descarga,NO_TRUCKFLOW_EVIDENCE,false,,false,
COMPROB_000400419124,FDX990,TERMINAL_EMBARQUE,2026-07-02,SL1,ACEITE_OSL,san_lorenzo_s10,S10_descarga,false,false,,,raw_no_pipeline,descarga,NO_TRUCKFLOW_EVIDENCE,false,,false,
COMPROB_000400419126,BXR841,TERMINAL_EMBARQUE,2026-07-02,SL1,ACEITE_OSL,san_lorenzo_s10,S10_descarga,false,false,,,raw_no_pipeline,descarga,NO_TRUCKFLOW_EVIDENCE,false,,false,
COMPROB_000400419131,HNO035,TERMINAL_EMBARQUE,2026-07-02,SL1,ACEITE_OSL,san_lorenzo_s10,S10_descarga,false,false,,,raw_no_pipeline,descarga,NO_TRUCKFLOW_EVIDENCE,false,,false,
COMPROB_000400419132,EAO104,TERMINAL_EMBARQUE,2026-07-02,SL1,ACEITE_OSL,san_lorenzo_s10,S10_descarga,false,false,,,neither,descarga,NO_TRUCKFLOW_EVIDENCE,false,,false,
CTG_30033302748,NBK156,TERMINAL_EMBARQUE,2026-07-02,SL2,ACEITE_PTO,san_lorenzo_s10,S10_cualquiera,true,false,,,neither,cualquiera,NO_TRUCKFLOW_EVIDENCE,false,,false,
CTG_30033302756,DOE150,TERMINAL_EMBARQUE,2026-07-02,SL2,ACEITE_PTO,san_lorenzo_s10,S10_cualquiera,true,false,,,neither,cualquiera,NO_TRUCKFLOW_EVIDENCE,false,,false,
COMPROB_000400419135,GDE552,TERMINAL_EMBARQUE,2026-07-02,SL1,ACEITE_OSL,san_lorenzo_s10,S10_descarga,false,false,,,raw_outside_window_only,descarga,NO_TRUCKFLOW_EVIDENCE,false,,false,
COMPROB_000400419136,OIG256,TERMINAL_EMBARQUE,2026-07-02,SL1,ACEITE_OSL,san_lorenzo_s10,S10_descarga,false,false,,,neither,descarga,NO_TRUCKFLOW_EVIDENCE,false,,false,
CTG_30033302740,JDH880,TERMINAL_EMBARQUE,2026-07-02,SL2,ACEITE_PTO,san_lorenzo_s10,S10_cualquiera,false,false,,,neither,cualquiera,NO_TRUCKFLOW_EVIDENCE,false,,false,
COMPROB_000400419138,AGR963,TERMINAL_EMBARQUE,2026-07-02,SL1,ACEITE_OSL,san_lorenzo_s10,S10_descarga,false,false,,,neither,descarga,NO_TRUCKFLOW_EVIDENCE,false,,false,
COMPROB_000400419139,MWH059,TERMINAL_EMBARQUE,2026-07-02,SL1,ACEITE_OSL,san_lorenzo_s10,S10_descarga,false,false,,,raw_outside_window_only,descarga,NO_TRUCKFLOW_EVIDENCE,false,,false,
COMPROB_000400419142,HAQ820,TERMINAL_EMBARQUE,2026-07-02,SL1,ACEITE_OSL,san_lorenzo_s10,S10_descarga,false,false,,,raw_no_pipeline,descarga,NO_TRUCKFLOW_EVIDENCE,false,,false,
CTG_30033302723,ENA722,TERMINAL_EMBARQUE,2026-07-02,SL2,ACEITE_PTO,san_lorenzo_s10,S10_cualquiera,true,false,,,neither,cualquiera,NO_TRUCKFLOW_EVIDENCE,false,,false,
COMPROB_000400419144,DQQ926,TERMINAL_EMBARQUE,2026-07-02,SL1,ACEITE_OSL,san_lorenzo_s10,S10_descarga,false,false,,,neither,descarga,NO_TRUCKFLOW_EVIDENCE,false,,false,
CTG_30033302517,UUU110,TERMINAL_EMBARQUE,2026-07-02,SL2,ACEITE_PTO,san_lorenzo_s10,S10_cualquiera,false,false,,,neither,cualquiera,NO_TRUCKFLOW_EVIDENCE,false,,false,
COMPROB_000400419146,KOQ228,TERMINAL_EMBARQUE,2026-07-02,SL1,ACEITE_OSL,san_lorenzo_s10,S10_descarga,false,false,,,neither,descarga,NO_TRUCKFLOW_EVIDENCE,false,,false,
COMPROB_000400419149,LGZ704,TERMINAL_EMBARQUE,2026-07-02,SL1,ACEITE_OSL,san_lorenzo_s10,S10_descarga,false,false,,,raw_outside_window_only,descarga,NO_TRUCKFLOW_EVIDENCE,false,,false,
CTG_30033302565,JUP399,TERMINAL_EMBARQUE,2026-07-02,SL2,ACEITE_PTO,san_lorenzo_s10,S10_cualquiera,true,false,,,neither,cualquiera,NO_TRUCKFLOW_EVIDENCE,false,,false,
COMPROB_000400419153,WRM886,TERMINAL_EMBARQUE,2026-07-02,SL1,ACEITE_OSL,san_lorenzo_s10,S10_descarga,false,false,,,raw_no_pipeline,descarga,NO_TRUCKFLOW_EVIDENCE,false,,false,
CTG_30033303016,IYR089,TERMINAL_EMBARQUE,2026-07-02,SL2,ACEITE_PTO,san_lorenzo_s10,S10_cualquiera,true,false,,,neither,cualquiera,NO_TRUCKFLOW_EVIDENCE,false,,false,
COMPROB_000301457691,XXXXXX,RICARDONE,2026-07-02,SL3,,ricardone_calada,RicCalLiq,false,false,,,neither,ric_calada,NO_TRUCKFLOW_EVIDENCE,false,,false,
COMPROB_000301065221,XXXXXX,RICARDONE,2026-07-02,SL3,,ricardone_calada,RicCalLiq,false,false,,,neither,ric_calada,NO_TRUCKFLOW_EVIDENCE,false,,false,
COMPROB_000301457692,XXXXXX,RICARDONE,2026-07-02,SL3,,ricardone_calada,RicCalLiq,false,false,,,neither,ric_calada,NO_TRUCKFLOW_EVIDENCE,false,,false,
COMPROB_000301065222,XXXXXX,RICARDONE,2026-07-02,SL3,,ricardone_calada,RicCalLiq,false,false,,,neither,ric_calada,NO_TRUCKFLOW_EVIDENCE,false,,false,
COMPROB_000301457693,XXXXXX,RICARDONE,2026-07-02,SL3,,ricardone_calada,RicCalLiq,false,false,,,neither,ric_calada,NO_TRUCKFLOW_EVIDENCE,false,,false,
COMPROB_000301065223,XXXXXX,RICARDONE,2026-07-02,SL3,,ricardone_calada,RicCalLiq,false,false,,,neither,ric_calada,NO_TRUCKFLOW_EVIDENCE,false,,false,
COMPROB_000301457694,XXXXXX,RICARDONE,2026-07-02,SL3,,ricardone_calada,RicCalLiq,false,false,,,neither,ric_calada,NO_TRUCKFLOW_EVIDENCE,false,,false,
COMPROB_000301065225,XXXXXX,RICARDONE,2026-07-02,SL3,,ricardone_calada,RicCalLiq,false,false,,,neither,ric_calada,NO_TRUCKFLOW_EVIDENCE,false,,false,
COMPROB_000301457695,XXXXXX,RICARDONE,2026-07-02,SL3,,ricardone_calada,RicCalLiq,false,false,,,neither,ric_calada,NO_TRUCKFLOW_EVIDENCE,false,,false,
COMPROB_000301065226,XXXXXX,RICARDONE,2026-07-02,SL3,,ricardone_calada,RicCalLiq,false,false,,,neither,ric_calada,NO_TRUCKFLOW_EVIDENCE,false,,false,
COMPROB_000301457696,XXXXXX,RICARDONE,2026-07-02,SL3,,ricardone_calada,RicCalLiq,false,false,,,neither,ric_calada,NO_TRUCKFLOW_EVIDENCE,false,,false,
COMPROB_000301065227,XXXXXX,RICARDONE,2026-07-02,SL3,,ricardone_calada,RicCalLiq,false,false,,,neither,ric_calada,NO_TRUCKFLOW_EVIDENCE,false,,false,
COMPROB_000301457697,XXXXXX,RICARDONE,2026-07-02,SL3,,ricardone_calada,RicCalLiq,false,false,,,neither,ric_calada,NO_TRUCKFLOW_EVIDENCE,false,,false,
COMPROB_000301065228,XXXXXX,RICARDONE,2026-07-02,SL3,,ricardone_calada,RicCalLiq,false,false,,,neither,ric_calada,NO_TRUCKFLOW_EVIDENCE,false,,false,
COMPROB_000301457698,XXXXXX,RICARDONE,2026-07-02,SL3,,ricardone_calada,RicCalLiq,false,false,,,neither,ric_calada,NO_TRUCKFLOW_EVIDENCE,false,,false,
COMPROB_000301065230,XXXXXX,RICARDONE,2026-07-02,SL3,,ricardone_calada,RicCalLiq,false,false,,,neither,ric_calada,NO_TRUCKFLOW_EVIDENCE,false,,false,
COMPROB_000301457699,XXXXXX,RICARDONE,2026-07-02,SL3,,ricardone_calada,RicCalLiq,false,false,,,neither,ric_calada,NO_TRUCKFLOW_EVIDENCE,false,,false,
COMPROB_000301065231,XXXXXX,RICARDONE,2026-07-02,SL3,,ricardone_calada,RicCalLiq,false,false,,,neither,ric_calada,NO_TRUCKFLOW_EVIDENCE,false,,false,
COMPROB_000301457700,XXXXXX,RICARDONE,2026-07-02,SL3,,ricardone_calada,RicCalLiq,false,false,,,neither,ric_calada,NO_TRUCKFLOW_EVIDENCE,false,,false,
COMPROB_000301065232,XXXXXX,RICARDONE,2026-07-02,SL3,,ricardone_calada,RicCalLiq,false,false,,,neither,ric_calada,NO_TRUCKFLOW_EVIDENCE,false,,false,
COMPROB_000301457701,XXXXXX,RICARDONE,2026-07-02,SL3,,ricardone_calada,RicCalLiq,false,false,,,neither,ric_calada,NO_TRUCKFLOW_EVIDENCE,false,,false,
COMPROB_000301065233,XXXXXX,RICARDONE,2026-07-02,SL3,,ricardone_calada,RicCalLiq,false,false,,,neither,ric_calada,NO_TRUCKFLOW_EVIDENCE,false,,false,
COMPROB_000400419154,KOE138,TERMINAL_EMBARQUE,2026-07-02,SL1,ACEITE_OSL,san_lorenzo_s10,S10_descarga,false,false,,,neither,descarga,NO_TRUCKFLOW_EVIDENCE,false,,false,
COMPROB_000400419159,CAA384,TERMINAL_EMBARQUE,2026-07-02,SL1,ACEITE_OSL,san_lorenzo_s10,S10_descarga,false,false,,,raw_outside_window_only,descarga,NO_TRUCKFLOW_EVIDENCE,false,,false,
CTG_30033303171,TKS227,TERMINAL_EMBARQUE,2026-07-02,SL2,ACEITE_PTO,san_lorenzo_s10,S10_cualquiera,true,false,,,neither,cualquiera,NO_TRUCKFLOW_EVIDENCE,false,,false,
CTG_30033303432,RPL435,TERMINAL_EMBARQUE,2026-07-02,SL2,ACEITE_PTO,san_lorenzo_s10,S10_cualquiera,true,false,,,neither,cualquiera,NO_TRUCKFLOW_EVIDENCE,false,,false,
COMPROB_000400419162,UUH077,TERMINAL_EMBARQUE,2026-07-02,SL1,ACEITE_OSL,san_lorenzo_s10,S10_descarga,false,false,,,raw_no_pipeline,descarga,NO_TRUCKFLOW_EVIDENCE,false,,false,
CTG_30033303806,GVJ645,TERMINAL_EMBARQUE,2026-07-02,SL2,ACEITE_PTO,san_lorenzo_s10,S10_cualquiera,true,false,,,neither,cualquiera,NO_TRUCKFLOW_EVIDENCE,false,,false,
COMPROB_000400419163,ENQ310,TERMINAL_EMBARQUE,2026-07-02,SL1,ACEITE_OSL,san_lorenzo_s10,S10_descarga,false,false,,,raw_no_pipeline,descarga,NO_TRUCKFLOW_EVIDENCE,false,,false,
CTG_30033302729,AA463TD,TERMINAL_EMBARQUE,2026-07-02,SL2,ACEITE_PTO,san_lorenzo_s10,S10_cualquiera,true,false,,,neither,cualquiera,NO_TRUCKFLOW_EVIDENCE,false,,false,
CTG_30033304387,EXR046,TERMINAL_EMBARQUE,2026-07-02,SL2,ACEITE_PTO,san_lorenzo_s10,S10_cualquiera,true,false,,,neither,cualquiera,NO_TRUCKFLOW_EVIDENCE,false,,false,
CTG_30033306678,AKJ611,TERMINAL_EMBARQUE,2026-07-02,SL2,ACEITE_PTO,san_lorenzo_s10,S10_cualquiera,true,false,,,neither,cualquiera,NO_TRUCKFLOW_EVIDENCE,false,,false,
CTG_30033305429,AJV928,TERMINAL_EMBARQUE,2026-07-02,SL2,ACEITE_PTO,san_lorenzo_s10,S10_cualquiera,true,false,,,neither,cualquiera,NO_TRUCKFLOW_EVIDENCE,false,,false,
COMPROB_000400419165,AD770WF,TERMINAL_EMBARQUE,2026-07-02,SL1,ACEITE_OSL,san_lorenzo_s10,S10_descarga,false,false,,,neither,descarga,NO_TRUCKFLOW_EVIDENCE,false,,false,
CTG_30033310130,SPI351,TERMINAL_EMBARQUE,2026-07-02,SL2,ACEITE_PTO,san_lorenzo_s10,S10_cualquiera,false,false,,,neither,cualquiera,NO_TRUCKFLOW_EVIDENCE,false,,false,
CTG_30033311128,KZO646,TERMINAL_EMBARQUE,2026-07-02,SL2,ACEITE_PTO,san_lorenzo_s10,S10_cualquiera,true,false,,,neither,cualquiera,NO_TRUCKFLOW_EVIDENCE,false,,false,
COMPROB_000400419166,EVD342,TERMINAL_EMBARQUE,2026-07-02,SL1,ACEITE_OSL,san_lorenzo_s10,S10_descarga,false,false,,,neither,descarga,NO_TRUCKFLOW_EVIDENCE,false,,false,
COMPROB_000400419168,AD887XZ,TERMINAL_EMBARQUE,2026-07-02,SL1,ACEITE_OSL,san_lorenzo_s10,S10_descarga,false,false,,,raw_no_pipeline,descarga,NO_TRUCKFLOW_EVIDENCE,false,,false,
COMPROB_000400419170,OGA047,TERMINAL_EMBARQUE,2026-07-02,SL1,ACEITE_OSL,san_lorenzo_s10,S10_descarga,false,false,,,raw_outside_window_only,descarga,NO_TRUCKFLOW_EVIDENCE,false,,false,
CTG_30033326927,AB334RQ,TERMINAL_EMBARQUE,2026-07-02,SL2,ACEITE_PTO,san_lorenzo_s10,S10_cualquiera,true,false,,,neither,cualquiera,NO_TRUCKFLOW_EVIDENCE,false,,false,
COMPROB_000400419172,LKJ248,TERMINAL_EMBARQUE,2026-07-02,SL1,ACEITE_OSL,san_lorenzo_s10,S10_descarga,false,false,,,neither,descarga,NO_TRUCKFLOW_EVIDENCE,false,,false,
CTG_30033312659,MIZ742,TERMINAL_EMBARQUE,2026-07-02,SL2,ACEITE_PTO,san_lorenzo_s10,S10_cualquiera,true,false,,,neither,cualquiera,NO_TRUCKFLOW_EVIDENCE,false,,false,
COMPROB_000400419175,OFG785,TERMINAL_EMBARQUE,2026-07-02,SL1,ACEITE_OSL,san_lorenzo_s10,S10_descarga,false,false,,,raw_outside_window_only,descarga,NO_TRUCKFLOW_EVIDENCE,false,,false,
CTG_30033324661,FOZ297,TERMINAL_EMBARQUE,2026-07-02,SL2,ACEITE_PTO,san_lorenzo_s10,S10_cualquiera,true,false,,,neither,cualquiera,NO_TRUCKFLOW_EVIDENCE,false,,false,
CTG_30033327461,NBK156,TERMINAL_EMBARQUE,2026-07-02,SL2,ACEITE_PTO,san_lorenzo_s10,S10_cualquiera,true,false,,,neither,cualquiera,NO_TRUCKFLOW_EVIDENCE,false,,false,
COMPROB_000400419177,EGV380,TERMINAL_EMBARQUE,2026-07-02,SL1,ACEITE_OSL,san_lorenzo_s10,S10_descarga,false,false,,,raw_no_pipeline,descarga,NO_TRUCKFLOW_EVIDENCE,false,,false,
CTG_30033328043,DOE150,TERMINAL_EMBARQUE,2026-07-02,SL2,ACEITE_PTO,san_lorenzo_s10,S10_cualquiera,true,false,,,neither,cualquiera,NO_TRUCKFLOW_EVIDENCE,false,,false,
CTG_30033328667,ENA722,TERMINAL_EMBARQUE,2026-07-02,SL2,ACEITE_PTO,san_lorenzo_s10,S10_cualquiera,true,false,,,neither,cualquiera,NO_TRUCKFLOW_EVIDENCE,false,,false,
CTG_30033332447,JDH880,TERMINAL_EMBARQUE,2026-07-03,SL2,ACEITE_PTO,san_lorenzo_s10,S10_cualquiera,false,false,,,neither,cualquiera,NO_TRUCKFLOW_EVIDENCE,false,,false,
CTG_30033332836,FAF492,TERMINAL_EMBARQUE,2026-07-03,SL2,ACEITE_PTO,san_lorenzo_s10,S10_cualquiera,true,false,,,neither,cualquiera,NO_TRUCKFLOW_EVIDENCE,false,,false,
CTG_30033334330,JUP399,TERMINAL_EMBARQUE,2026-07-03,SL2,ACEITE_PTO,san_lorenzo_s10,S10_cualquiera,true,false,,,neither,cualquiera,NO_TRUCKFLOW_EVIDENCE,false,,false,
CTG_30033334361,IYR089,TERMINAL_EMBARQUE,2026-07-03,SL2,ACEITE_PTO,san_lorenzo_s10,S10_cualquiera,true,false,,,neither,cualquiera,NO_TRUCKFLOW_EVIDENCE,false,,false,
CTG_30033334405,GVJ645,TERMINAL_EMBARQUE,2026-07-03,SL2,ACEITE_PTO,san_lorenzo_s10,S10_cualquiera,true,false,,,neither,cualquiera,NO_TRUCKFLOW_EVIDENCE,false,,false,
CTG_30033334436,AA463TD,TERMINAL_EMBARQUE,2026-07-03,SL2,ACEITE_PTO,san_lorenzo_s10,S10_cualquiera,true,false,,,neither,cualquiera,NO_TRUCKFLOW_EVIDENCE,false,,false,
CTG_30033334459,EXR046,TERMINAL_EMBARQUE,2026-07-03,SL2,ACEITE_PTO,san_lorenzo_s10,S10_cualquiera,true,false,,,neither,cualquiera,NO_TRUCKFLOW_EVIDENCE,false,,false,
CTG_30033334496,AJV928,TERMINAL_EMBARQUE,2026-07-03,SL2,ACEITE_PTO,san_lorenzo_s10,S10_cualquiera,true,false,,,neither,cualquiera,NO_TRUCKFLOW_EVIDENCE,false,,false,
CTG_30033334482,TKS227,TERMINAL_EMBARQUE,2026-07-03,SL2,ACEITE_PTO,san_lorenzo_s10,S10_cualquiera,true,false,,,neither,cualquiera,NO_TRUCKFLOW_EVIDENCE,false,,false,
CTG_30033334611,KZO646,TERMINAL_EMBARQUE,2026-07-03,SL2,ACEITE_PTO,san_lorenzo_s10,S10_cualquiera,false,false,,,neither,cualquiera,NO_TRUCKFLOW_EVIDENCE,false,,false,
CTG_30033334546,AKJ611,TERMINAL_EMBARQUE,2026-07-03,SL2,ACEITE_PTO,san_lorenzo_s10,S10_cualquiera,true,false,,,neither,cualquiera,NO_TRUCKFLOW_EVIDENCE,false,,false,
CTG_30033334625,SPI351,TERMINAL_EMBARQUE,2026-07-03,SL2,ACEITE_PTO,san_lorenzo_s10,S10_cualquiera,false,false,,,neither,cualquiera,NO_TRUCKFLOW_EVIDENCE,false,,false,
COMPROB_000400419185,BXR841,TERMINAL_EMBARQUE,2026-07-03,SL1,ACEITE_OSL,san_lorenzo_s10,S10_descarga,false,false,,,raw_outside_window_only,descarga,NO_TRUCKFLOW_EVIDENCE,false,,false,
COMPROB_000400419187,HNO035,TERMINAL_EMBARQUE,2026-07-03,SL1,ACEITE_OSL,san_lorenzo_s10,S10_descarga,false,false,,,raw_no_pipeline,descarga,NO_TRUCKFLOW_EVIDENCE,false,,false,
COMPROB_000400419189,FDX990,TERMINAL_EMBARQUE,2026-07-03,SL1,ACEITE_OSL,san_lorenzo_s10,S10_descarga,false,false,,,raw_no_pipeline,descarga,NO_TRUCKFLOW_EVIDENCE,false,,false,
COMPROB_000400419192,BTS626,TERMINAL_EMBARQUE,2026-07-03,SL1,ACEITE_OSL,san_lorenzo_s10,S10_descarga,false,false,,,neither,descarga,NO_TRUCKFLOW_EVIDENCE,false,,false,
COMPROB_000400419193,MWH059,TERMINAL_EMBARQUE,2026-07-03,SL1,ACEITE_OSL,san_lorenzo_s10,S10_descarga,false,false,,,raw_outside_window_only,descarga,NO_TRUCKFLOW_EVIDENCE,false,,false,
COMPROB_000400419194,OIG256,TERMINAL_EMBARQUE,2026-07-03,SL1,ACEITE_OSL,san_lorenzo_s10,S10_descarga,false,false,,,neither,descarga,NO_TRUCKFLOW_EVIDENCE,false,,false,
COMPROB_000301457753,JOZ498,RICARDONE,2026-07-03,R8,ACEITE,ricardone_calada,RicCalLiq,true,false,,,raw_no_pipeline,ric_calada,NO_TRUCKFLOW_EVIDENCE,false,,false,2026-07-02T16:55:24.312627-03:00
COMPROB_000400419195,AB674VF,TERMINAL_EMBARQUE,2026-07-03,SL1,ACEITE_OSL,san_lorenzo_s10,S10_descarga,false,false,,,neither,descarga,NO_TRUCKFLOW_EVIDENCE,false,,false,
COMPROB_000400419196,EAO104,TERMINAL_EMBARQUE,2026-07-03,SL1,ACEITE_OSL,san_lorenzo_s10,S10_descarga,false,false,,,neither,descarga,NO_TRUCKFLOW_EVIDENCE,false,,false,
COMPROB_000400419199,HAQ820,TERMINAL_EMBARQUE,2026-07-03,SL1,ACEITE_OSL,san_lorenzo_s10,S10_descarga,false,false,,,raw_outside_window_only,descarga,NO_TRUCKFLOW_EVIDENCE,false,,false,
COMPROB_000400419201,HAL844,TERMINAL_EMBARQUE,2026-07-03,SL1,ACEITE_OSL,san_lorenzo_s10,S10_descarga,false,false,,,raw_no_pipeline,descarga,NO_TRUCKFLOW_EVIDENCE,false,,false,
COMPROB_000400419205,WRM886,TERMINAL_EMBARQUE,2026-07-03,SL1,ACEITE_OSL,san_lorenzo_s10,S10_descarga,false,false,,,raw_no_pipeline,descarga,NO_TRUCKFLOW_EVIDENCE,false,,false,
COMPROB_000400419208,GDE552,TERMINAL_EMBARQUE,2026-07-03,SL1,ACEITE_OSL,san_lorenzo_s10,S10_descarga,false,false,,,raw_no_pipeline,descarga,NO_TRUCKFLOW_EVIDENCE,false,,false,
COMPROB_000400419210,KOQ228,TERMINAL_EMBARQUE,2026-07-03,SL1,ACEITE_OSL,san_lorenzo_s10,S10_descarga,false,false,,,neither,descarga,NO_TRUCKFLOW_EVIDENCE,false,,false,
COMPROB_000400419214,UUH077,TERMINAL_EMBARQUE,2026-07-03,SL1,ACEITE_OSL,san_lorenzo_s10,S10_descarga,false,false,,,raw_no_pipeline,descarga,NO_TRUCKFLOW_EVIDENCE,false,,false,
COMPROB_000400419216,CDF727,TERMINAL_EMBARQUE,2026-07-03,SL1,ACEITE_OSL,san_lorenzo_s10,S10_descarga,false,false,,,raw_no_pipeline,descarga,NO_TRUCKFLOW_EVIDENCE,false,,false,
COMPROB_000400419218,CAA384,TERMINAL_EMBARQUE,2026-07-03,SL1,ACEITE_OSL,san_lorenzo_s10,S10_descarga,false,false,,,raw_outside_window_only,descarga,NO_TRUCKFLOW_EVIDENCE,false,,false,
CTG_30033334865,NBK156,TERMINAL_EMBARQUE,2026-07-03,SL2,ACEITE_PTO,san_lorenzo_s10,S10_cualquiera,true,false,,,neither,cualquiera,NO_TRUCKFLOW_EVIDENCE,false,,false,
COMPROB_000400419219,KWO040,TERMINAL_EMBARQUE,2026-07-03,SL1,ACEITE_OSL,san_lorenzo_s10,S10_descarga,false,false,,,raw_no_pipeline,descarga,NO_TRUCKFLOW_EVIDENCE,false,,false,
COMPROB_000400419220,MKA348,TERMINAL_EMBARQUE,2026-07-03,SL1,ACEITE_OSL,san_lorenzo_s10,S10_descarga,false,false,,,raw_outside_window_only,descarga,NO_TRUCKFLOW_EVIDENCE,false,,false,
COMPROB_000400419221,AD887XZ,TERMINAL_EMBARQUE,2026-07-03,SL1,ACEITE_OSL,san_lorenzo_s10,S10_descarga,false,false,,,raw_no_pipeline,descarga,NO_TRUCKFLOW_EVIDENCE,false,,false,
CTG_30033335201,FOZ297,TERMINAL_EMBARQUE,2026-07-03,SL2,ACEITE_PTO,san_lorenzo_s10,S10_cualquiera,true,false,,,neither,cualquiera,NO_TRUCKFLOW_EVIDENCE,false,,false,
CTG_30033334998,DOE150,TERMINAL_EMBARQUE,2026-07-03,SL2,ACEITE_PTO,san_lorenzo_s10,S10_cualquiera,true,false,,,neither,cualquiera,NO_TRUCKFLOW_EVIDENCE,false,,false,
COMPROB_000400419224,LKJ248,TERMINAL_EMBARQUE,2026-07-03,SL1,ACEITE_OSL,san_lorenzo_s10,S10_descarga,false,false,,,neither,descarga,NO_TRUCKFLOW_EVIDENCE,false,,false,
CTG_30033336812,RPL435,TERMINAL_EMBARQUE,2026-07-03,SL2,ACEITE_PTO,san_lorenzo_s10,S10_cualquiera,true,false,,,neither,cualquiera,NO_TRUCKFLOW_EVIDENCE,false,,false,
CTG_30033335561,ENA722,TERMINAL_EMBARQUE,2026-07-03,SL2,ACEITE_PTO,san_lorenzo_s10,S10_cualquiera,true,false,,,neither,cualquiera,NO_TRUCKFLOW_EVIDENCE,false,,false,
COMPROB_000400419228,KOE138,TERMINAL_EMBARQUE,2026-07-03,SL1,ACEITE_OSL,san_lorenzo_s10,S10_descarga,false,false,,,neither,descarga,NO_TRUCKFLOW_EVIDENCE,false,,false,
COMPROB_000400419230,OFG785,TERMINAL_EMBARQUE,2026-07-03,SL1,ACEITE_OSL,san_lorenzo_s10,S10_descarga,false,false,,,raw_no_pipeline,descarga,NO_TRUCKFLOW_EVIDENCE,false,,false,
CTG_30033337825,FAF492,TERMINAL_EMBARQUE,2026-07-03,SL2,ACEITE_PTO,san_lorenzo_s10,S10_cualquiera,true,false,,,neither,cualquiera,NO_TRUCKFLOW_EVIDENCE,false,,false,
CTG_30033335991,MIZ742,TERMINAL_EMBARQUE,2026-07-03,SL2,ACEITE_PTO,san_lorenzo_s10,S10_cualquiera,true,false,,,neither,cualquiera,NO_TRUCKFLOW_EVIDENCE,false,,false,
COMPROB_000400419232,OGA047,TERMINAL_EMBARQUE,2026-07-03,SL1,ACEITE_OSL,san_lorenzo_s10,S10_descarga,false,false,,,raw_outside_window_only,descarga,NO_TRUCKFLOW_EVIDENCE,false,,false,
CTG_30033338756,JDH880,TERMINAL_EMBARQUE,2026-07-03,SL2,ACEITE_PTO,san_lorenzo_s10,S10_cualquiera,false,false,,,neither,cualquiera,NO_TRUCKFLOW_EVIDENCE,false,,false,
COMPROB_000400419233,HNO035,TERMINAL_EMBARQUE,2026-07-03,SL1,ACEITE_OSL,san_lorenzo_s10,S10_descarga,false,false,,,raw_no_pipeline,descarga,NO_TRUCKFLOW_EVIDENCE,false,,false,
CTG_30033340175,IYR089,TERMINAL_EMBARQUE,2026-07-03,SL2,ACEITE_PTO,san_lorenzo_s10,S10_cualquiera,true,false,,,neither,cualquiera,NO_TRUCKFLOW_EVIDENCE,false,,false,
COMPROB_000400419234,FDX990,TERMINAL_EMBARQUE,2026-07-03,SL1,ACEITE_OSL,san_lorenzo_s10,S10_descarga,false,false,,,raw_no_pipeline,descarga,NO_TRUCKFLOW_EVIDENCE,false,,false,
CTG_30033342352,GVJ645,TERMINAL_EMBARQUE,2026-07-03,SL2,ACEITE_PTO,san_lorenzo_s10,S10_cualquiera,true,false,,,neither,cualquiera,NO_TRUCKFLOW_EVIDENCE,false,,false,
CTG_30033340605,AA463TD,TERMINAL_EMBARQUE,2026-07-03,SL2,ACEITE_PTO,san_lorenzo_s10,S10_cualquiera,true,false,,,neither,cualquiera,NO_TRUCKFLOW_EVIDENCE,false,,false,
CTG_30033333120,UUU110,TERMINAL_EMBARQUE,2026-07-03,SL2,ACEITE_PTO,san_lorenzo_s10,S10_cualquiera,true,false,,,neither,cualquiera,NO_TRUCKFLOW_EVIDENCE,false,,false,
COMPROB_000400419236,UUH077,TERMINAL_EMBARQUE,2026-07-03,SL1,ACEITE_OSL,san_lorenzo_s10,S10_descarga,false,false,,,raw_no_pipeline,descarga,NO_TRUCKFLOW_EVIDENCE,false,,false,
COMPROB_000400419238,OIG256,TERMINAL_EMBARQUE,2026-07-03,SL1,ACEITE_OSL,san_lorenzo_s10,S10_descarga,false,false,,,neither,descarga,NO_TRUCKFLOW_EVIDENCE,false,,false,
CTG_30033361086,NBK156,TERMINAL_EMBARQUE,2026-07-04,SL2,ACEITE_PTO,san_lorenzo_s10,S10_cualquiera,true,false,,,neither,cualquiera,NO_TRUCKFLOW_EVIDENCE,false,,false,
CTG_30033361521,DOE150,TERMINAL_EMBARQUE,2026-07-04,SL2,ACEITE_PTO,san_lorenzo_s10,S10_cualquiera,true,false,,,neither,cualquiera,NO_TRUCKFLOW_EVIDENCE,false,,false,
COMPROB_000400419242,KWO040,TERMINAL_EMBARQUE,2026-07-04,SL1,ACEITE_OSL,san_lorenzo_s10,S10_descarga,false,false,,,raw_no_pipeline,descarga,NO_TRUCKFLOW_EVIDENCE,false,,false,
COMPROB_000400419243,AD887XZ,TERMINAL_EMBARQUE,2026-07-04,SL1,ACEITE_OSL,san_lorenzo_s10,S10_descarga,false,false,,,raw_no_pipeline,descarga,NO_TRUCKFLOW_EVIDENCE,false,,false,
CTG_30033361794,EXR046,TERMINAL_EMBARQUE,2026-07-04,SL2,ACEITE_PTO,san_lorenzo_s10,S10_cualquiera,true,false,,,neither,cualquiera,NO_TRUCKFLOW_EVIDENCE,false,,false,
COMPROB_000400419244,LPE712,TERMINAL_EMBARQUE,2026-07-04,SL1,ACEITE_OSL,san_lorenzo_s10,S10_descarga,false,false,,,neither,descarga,NO_TRUCKFLOW_EVIDENCE,false,,false,
CTG_30033363077,RPL435,TERMINAL_EMBARQUE,2026-07-04,SL2,ACEITE_PTO,san_lorenzo_s10,S10_cualquiera,false,false,,,neither,cualquiera,NO_TRUCKFLOW_EVIDENCE,false,,false,
COMPROB_000400419246,HAL844,TERMINAL_EMBARQUE,2026-07-04,SL1,ACEITE_OSL,san_lorenzo_s10,S10_descarga,false,false,,,raw_outside_window_only,descarga,NO_TRUCKFLOW_EVIDENCE,false,,false,
CTG_30033362998,FOZ297,TERMINAL_EMBARQUE,2026-07-04,SL2,ACEITE_PTO,san_lorenzo_s10,S10_cualquiera,true,false,,,neither,cualquiera,NO_TRUCKFLOW_EVIDENCE,false,,false,
COMPROB_000400419248,KOQ228,TERMINAL_EMBARQUE,2026-07-04,SL1,ACEITE_OSL,san_lorenzo_s10,S10_descarga,false,false,,,neither,descarga,NO_TRUCKFLOW_EVIDENCE,false,,false,
CTG_30033363100,IYR089,TERMINAL_EMBARQUE,2026-07-04,SL2,ACEITE_PTO,san_lorenzo_s10,S10_cualquiera,true,false,,,neither,cualquiera,NO_TRUCKFLOW_EVIDENCE,false,,false,
COMPROB_000400419249,GDE552,TERMINAL_EMBARQUE,2026-07-04,SL1,ACEITE_OSL,san_lorenzo_s10,S10_descarga,false,false,,,raw_outside_window_only,descarga,NO_TRUCKFLOW_EVIDENCE,false,,false,
CTG_30033363150,AA463TD,TERMINAL_EMBARQUE,2026-07-04,SL2,ACEITE_PTO,san_lorenzo_s10,S10_cualquiera,true,false,,,neither,cualquiera,NO_TRUCKFLOW_EVIDENCE,false,,false,
COMPROB_000400419250,WRM886,TERMINAL_EMBARQUE,2026-07-04,SL1,ACEITE_OSL,san_lorenzo_s10,S10_descarga,false,false,,,raw_no_pipeline,descarga,NO_TRUCKFLOW_EVIDENCE,false,,false,
CTG_30033363202,JDH880,TERMINAL_EMBARQUE,2026-07-04,SL2,ACEITE_PTO,san_lorenzo_s10,S10_cualquiera,false,false,,,neither,cualquiera,NO_TRUCKFLOW_EVIDENCE,false,,false,
COMPROB_000400419253,OFG785,TERMINAL_EMBARQUE,2026-07-04,SL1,ACEITE_OSL,san_lorenzo_s10,S10_descarga,false,false,,,raw_outside_window_only,descarga,NO_TRUCKFLOW_EVIDENCE,false,,false,
CTG_30033363262,DOE150,TERMINAL_EMBARQUE,2026-07-04,SL2,ACEITE_PTO,san_lorenzo_s10,S10_cualquiera,true,false,,,neither,cualquiera,NO_TRUCKFLOW_EVIDENCE,false,,false,
CTG_30033363223,NBK156,TERMINAL_EMBARQUE,2026-07-04,SL2,ACEITE_PTO,san_lorenzo_s10,S10_cualquiera,true,false,,,neither,cualquiera,NO_TRUCKFLOW_EVIDENCE,false,,false,
CTG_30033363272,EXR046,TERMINAL_EMBARQUE,2026-07-04,SL2,ACEITE_PTO,san_lorenzo_s10,S10_cualquiera,true,false,,,neither,cualquiera,NO_TRUCKFLOW_EVIDENCE,false,,false,
COMPROB_000400419255,HNO035,TERMINAL_EMBARQUE,2026-07-04,SL1,ACEITE_OSL,san_lorenzo_s10,S10_descarga,false,false,,,raw_no_pipeline,descarga,NO_TRUCKFLOW_EVIDENCE,false,,false,
COMPROB_000400419258,FDX990,TERMINAL_EMBARQUE,2026-07-04,SL1,ACEITE_OSL,san_lorenzo_s10,S10_descarga,false,false,,,raw_outside_window_only,descarga,NO_TRUCKFLOW_EVIDENCE,false,,false,
COMPROB_000400419259,UUH077,TERMINAL_EMBARQUE,2026-07-04,SL1,ACEITE_OSL,san_lorenzo_s10,S10_descarga,false,false,,,raw_no_pipeline,descarga,NO_TRUCKFLOW_EVIDENCE,false,,false,
COMPROB_000400419260,OIG256,TERMINAL_EMBARQUE,2026-07-04,SL1,ACEITE_OSL,san_lorenzo_s10,S10_descarga,false,false,,,neither,descarga,NO_TRUCKFLOW_EVIDENCE,false,,false,
COMPROB_000404036111,CMF111,TERMINAL_EMBARQUE,2026-07-04,SL1,ACEITE_OSL,san_lorenzo_s10,S10_descarga,false,false,,,neither,descarga,NO_TRUCKFLOW_EVIDENCE,false,,false,
COMPROB_000404036190,SZG666,TERMINAL_EMBARQUE,2026-07-05,SL1,ACEITE_OSL,san_lorenzo_s10,S10_descarga,false,false,,,neither,descarga,NO_TRUCKFLOW_EVIDENCE,false,,false,
COMPROB_000404036271,CMF111,TERMINAL_EMBARQUE,2026-07-05,SL1,ACEITE_OSL,san_lorenzo_s10,S10_descarga,false,false,,,neither,descarga,NO_TRUCKFLOW_EVIDENCE,false,,false,
COMPROB_000400419262,OIG256,TERMINAL_EMBARQUE,2026-07-05,SL1,ACEITE_OSL,san_lorenzo_s10,S10_descarga,false,false,,,neither,descarga,NO_TRUCKFLOW_EVIDENCE,false,,false,
COMPROB_000404036423,SZG666,TERMINAL_EMBARQUE,2026-07-05,SL1,ACEITE_OSL,san_lorenzo_s10,S10_descarga,false,false,,,neither,descarga,NO_TRUCKFLOW_EVIDENCE,false,,false,
COMPROB_000400419264,OIG256,TERMINAL_EMBARQUE,2026-07-05,SL1,ACEITE_OSL,san_lorenzo_s10,S10_descarga,false,false,,,neither,descarga,NO_TRUCKFLOW_EVIDENCE,false,,false,
COMPROB_000404036459,CMF111,TERMINAL_EMBARQUE,2026-07-05,SL1,ACEITE_OSL,san_lorenzo_s10,S10_descarga,false,false,,,neither,descarga,NO_TRUCKFLOW_EVIDENCE,false,,false,
COMPROB_000404036492,SZG666,TERMINAL_EMBARQUE,2026-07-05,SL1,ACEITE_OSL,san_lorenzo_s10,S10_descarga,false,false,,,neither,descarga,NO_TRUCKFLOW_EVIDENCE,false,,false,
COMPROB_000301065421,TTTTTT,RICARDONE,2026-07-05,SL3,,ricardone_calada,RicCalLiq,false,false,,,neither,ric_calada,NO_TRUCKFLOW_EVIDENCE,false,,false,