journey_id,patente,producto,circuito,tramo_operativo,sector,timestamp_inicio,timestamp_fin,duracion_minutos,es_stock_inicial,motivo_stock_inicial,fecha_inicio,hora_inicio,fecha_fin,hora_fin,estado_ejecutivo,planta
CTG_10133138163,EKD012,GIRASOL,R5,ingreso → balanza egreso,ingreso → balanza egreso,2026-06-26T12:56:00,2026-06-26T14:03:00,67,false,,2026-06-26,12:56,2026-06-26,14:03,,RICARDONE
CTG_10133139735,AG639OD,GIRASOL,R5,ingreso → balanza egreso,ingreso → balanza egreso,2026-06-26T14:20:00,2026-06-26T15:47:00,87,false,,2026-06-26,14:20,2026-06-26,15:47,,RICARDONE
CTG_10133121562,RRR376,GIRASOL,R5,ingreso → balanza egreso,ingreso → balanza egreso,2026-06-26T19:08:00,2026-06-26T21:01:00,113,false,,2026-06-26,19:08,2026-06-26,21:01,,RICARDONE
CTG_10133140703,MMZ197,GIRASOL,R5,ingreso → balanza egreso,ingreso → balanza egreso,2026-06-26T17:08:00,2026-06-26T19:20:00,132,false,,2026-06-26,17:08,2026-06-26,19:20,,RICARDONE
CTG_10233163018,DUC670,GIRASOL,R5,ingreso → balanza egreso,ingreso → balanza egreso,2026-06-26T17:12:00,2026-06-26T20:09:00,177,false,,2026-06-26,17:12,2026-06-26,20:09,,RICARDONE
CTG_10133139727,IZX624,GIRASOL,R5,ingreso → balanza egreso,ingreso → balanza egreso,2026-06-26T22:03:00,2026-06-27T01:20:00,197,false,,2026-06-26,22:03,2026-06-27,01:20,,RICARDONE
CTG_10133151962,FMU968,GIRASOL,R5,ingreso → balanza egreso,ingreso → balanza egreso,2026-06-26T19:09:00,2026-06-26T22:30:00,201,false,,2026-06-26,19:09,2026-06-26,22:30,,RICARDONE
CTG_10133140359,AG842WB,GIRASOL,R5,ingreso → balanza egreso,ingreso → balanza egreso,2026-06-26T20:03:00,2026-06-26T23:46:00,223,false,,2026-06-26,20:03,2026-06-26,23:46,,RICARDONE
CTG_10233106529,AC552SN,GIRASOL,R5,ingreso → balanza egreso,ingreso → balanza egreso,2026-06-26T00:22:00,2026-06-26T04:10:00,228,false,,2026-06-26,00:22,2026-06-26,04:10,,RICARDONE
CTG_10133140706,AB096UN,GIRASOL,R5,ingreso → balanza egreso,ingreso → balanza egreso,2026-06-26T20:35:00,2026-06-27T00:33:00,238,false,,2026-06-26,20:35,2026-06-27,00:33,,RICARDONE
CTG_10133140700,HCO481,GIRASOL,R5,ingreso → balanza egreso,ingreso → balanza egreso,2026-06-26T22:04:00,2026-06-27T02:09:00,245,false,,2026-06-26,22:04,2026-06-27,02:09,,RICARDONE
CTG_10233134813,MUV737,GIRASOL,R5,ingreso → balanza egreso,ingreso → balanza egreso,2026-06-26T01:11:00,2026-06-26T05:23:00,252,false,,2026-06-26,01:11,2026-06-26,05:23,,RICARDONE
CTG_10233107827,BKT313,GIRASOL,R5,ingreso → balanza egreso,ingreso → balanza egreso,2026-06-26T00:23:00,2026-06-26T04:43:00,260,false,,2026-06-26,00:23,2026-06-26,04:43,,RICARDONE
CTG_10133138663,LDX760,GIRASOL,R5,ingreso → balanza egreso,ingreso → balanza egreso,2026-06-26T22:14:00,2026-06-27T02:51:00,277,false,,2026-06-26,22:14,2026-06-27,02:51,,RICARDONE
CTG_10233155752,KHL153,GIRASOL,R5,ingreso → balanza egreso,ingreso → balanza egreso,2026-06-26T22:15:00,2026-06-27T03:53:00,338,false,,2026-06-26,22:15,2026-06-27,03:53,,RICARDONE
CTG_10133178533,UZY860,GIRASOL,R5,ingreso → balanza egreso,ingreso → balanza egreso,2026-06-27T16:27:00,2026-06-27T18:04:00,97,false,,2026-06-27,16:27,2026-06-27,18:04,,RICARDONE
CTG_10233179270,LSM425,GIRASOL,R5,ingreso → balanza egreso,ingreso → balanza egreso,2026-06-27T18:18:00,2026-06-27T20:51:00,153,false,,2026-06-27,18:18,2026-06-27,20:51,,RICARDONE
CTG_10233181413,ISX147,GIRASOL,R5,ingreso → balanza egreso,ingreso → balanza egreso,2026-06-27T18:30:00,2026-06-27T21:53:00,203,false,,2026-06-27,18:30,2026-06-27,21:53,,RICARDONE
CTG_10133139755,HDK895,GIRASOL,R5,ingreso → balanza egreso,ingreso → balanza egreso,2026-06-27T11:47:00,2026-06-27T15:11:00,204,false,,2026-06-27,11:47,2026-06-27,15:11,,RICARDONE
CTG_10233181295,BKJ548,GIRASOL,R5,ingreso → balanza egreso,ingreso → balanza egreso,2026-06-27T18:33:00,2026-06-27T22:33:00,240,false,,2026-06-27,18:33,2026-06-27,22:33,,RICARDONE
CTG_10133138736,BQT195,GIRASOL,R5,ingreso → balanza egreso,ingreso → balanza egreso,2026-06-27T01:00:00,2026-06-27T05:25:00,265,false,,2026-06-27,01:00,2026-06-27,05:25,,RICARDONE
CTG_10133156606,UCN502,GIRASOL,R5,ingreso → balanza egreso,ingreso → balanza egreso,2026-06-27T14:04:00,2026-06-27T18:38:00,274,false,,2026-06-27,14:04,2026-06-27,18:38,,RICARDONE
CTG_10133163999,RNC875,GIRASOL,R5,ingreso → balanza egreso,ingreso → balanza egreso,2026-06-27T00:09:00,2026-06-27T04:57:00,288,false,,2026-06-27,00:09,2026-06-27,04:57,,RICARDONE
CTG_10133154555,GPG565,GIRASOL,R5,ingreso → balanza egreso,ingreso → balanza egreso,2026-06-27T01:25:00,2026-06-27T06:14:00,289,false,,2026-06-27,01:25,2026-06-27,06:14,,RICARDONE
CTG_10233184216,CLY413,GIRASOL,R5,ingreso → balanza egreso,ingreso → balanza egreso,2026-06-27T19:46:00,2026-06-28T01:34:00,348,false,,2026-06-27,19:46,2026-06-28,01:34,,RICARDONE
CTG_10233188166,GWC160,GIRASOL,R5,ingreso → balanza egreso,ingreso → balanza egreso,2026-06-27T23:56:00,2026-06-28T05:56:00,360,false,,2026-06-27,23:56,2026-06-28,05:56,,RICARDONE
CTG_10233188903,BMI589,GIRASOL,R5,ingreso → balanza egreso,ingreso → balanza egreso,2026-06-28T19:15:00,2026-06-28T21:10:00,115,false,,2026-06-28,19:15,2026-06-28,21:10,,RICARDONE
CTG_10233169621,AE847RN,GIRASOL,R5,ingreso → balanza egreso,ingreso → balanza egreso,2026-06-28T21:51:00,2026-06-29T00:01:00,130,false,,2026-06-28,21:51,2026-06-29,00:01,,RICARDONE
CTG_10233189549,PLE163,GIRASOL,R5,ingreso → balanza egreso,ingreso → balanza egreso,2026-06-28T12:36:00,2026-06-28T14:54:00,138,false,,2026-06-28,12:36,2026-06-28,14:54,,RICARDONE
CTG_10233186084,DHL111,GIRASOL,R5,ingreso → balanza egreso,ingreso → balanza egreso,2026-06-28T10:15:00,2026-06-28T12:41:00,146,false,,2026-06-28,10:15,2026-06-28,12:41,,RICARDONE
CTG_10233183742,RDV273,GIRASOL,R5,ingreso → balanza egreso,ingreso → balanza egreso,2026-06-28T22:01:00,2026-06-29T01:09:00,188,false,,2026-06-28,22:01,2026-06-29,01:09,,RICARDONE
CTG_10233167091,ERI209,GIRASOL,R5,ingreso → balanza egreso,ingreso → balanza egreso,2026-06-28T22:08:00,2026-06-29T01:55:00,227,false,,2026-06-28,22:08,2026-06-29,01:55,,RICARDONE
CTG_10233187188,CIF907,GIRASOL,R5,ingreso → balanza egreso,ingreso → balanza egreso,2026-06-28T23:44:00,2026-06-29T03:39:00,235,false,,2026-06-28,23:44,2026-06-29,03:39,,RICARDONE
CTG_10233186890,AH156WG,GIRASOL,R5,ingreso → balanza egreso,ingreso → balanza egreso,2026-06-28T04:30:00,2026-06-28T08:34:00,244,false,,2026-06-28,04:30,2026-06-28,08:34,,RICARDONE
CTG_10233163108,NAM468,GIRASOL,R5,ingreso → balanza egreso,ingreso → balanza egreso,2026-06-28T22:12:00,2026-06-29T02:45:00,273,false,,2026-06-28,22:12,2026-06-29,02:45,,RICARDONE
CTG_10233176959,AA234NG,GIRASOL,R5,ingreso → balanza egreso,ingreso → balanza egreso,2026-06-29T15:15:00,2026-06-29T17:53:00,158,false,,2026-06-29,15:15,2026-06-29,17:53,,RICARDONE
CTG_10233229018,RJS888,GIRASOL,R5,ingreso → balanza egreso,ingreso → balanza egreso,2026-06-29T22:19:00,2026-06-30T01:09:00,170,false,,2026-06-29,22:19,2026-06-30,01:09,,RICARDONE
CTG_10133223175,UZY860,GIRASOL,R5,ingreso → balanza egreso,ingreso → balanza egreso,2026-06-29T22:28:00,2026-06-30T01:35:00,187,false,,2026-06-29,22:28,2026-06-30,01:35,,RICARDONE
CTG_10233215147,AA004UC,GIRASOL,R5,ingreso → balanza egreso,ingreso → balanza egreso,2026-06-29T22:31:00,2026-06-30T01:55:00,204,false,,2026-06-29,22:31,2026-06-30,01:55,,RICARDONE
CTG_10233217888,NGE658,GIRASOL,R5,ingreso → balanza egreso,ingreso → balanza egreso,2026-06-29T23:08:00,2026-06-30T02:57:00,229,false,,2026-06-29,23:08,2026-06-30,02:57,,RICARDONE
CTG_10233214992,ISX147,GIRASOL,R5,ingreso → balanza egreso,ingreso → balanza egreso,2026-06-29T22:32:00,2026-06-30T02:24:00,232,false,,2026-06-29,22:32,2026-06-30,02:24,,RICARDONE
CTG_10233166849,HOE586,GIRASOL,R5,ingreso → balanza egreso,ingreso → balanza egreso,2026-06-29T00:14:00,2026-06-29T04:32:00,258,false,,2026-06-29,00:14,2026-06-29,04:32,,RICARDONE
CTG_10133191086,AA777EQ,GIRASOL,R5,ingreso → balanza egreso,ingreso → balanza egreso,2026-06-29T09:58:00,2026-06-29T14:17:00,259,false,,2026-06-29,09:58,2026-06-29,14:17,,RICARDONE
CTG_10133189921,GCG666,GIRASOL,R5,ingreso → balanza egreso,ingreso → balanza egreso,2026-06-29T01:39:00,2026-06-29T06:13:00,274,false,,2026-06-29,01:39,2026-06-29,06:13,,RICARDONE
CTG_10133202087,EVQ156,GIRASOL,R5,ingreso → balanza egreso,ingreso → balanza egreso,2026-06-29T13:53:00,2026-06-29T18:28:00,275,false,,2026-06-29,13:53,2026-06-29,18:28,,RICARDONE
CTG_10133189920,AG172CU,GIRASOL,R5,ingreso → balanza egreso,ingreso → balanza egreso,2026-06-29T08:56:00,2026-06-29T13:38:00,282,false,,2026-06-29,08:56,2026-06-29,13:38,,RICARDONE
CTG_10233204567,GGA752,GIRASOL,R5,ingreso → balanza egreso,ingreso → balanza egreso,2026-06-29T09:23:00,2026-06-29T14:06:00,283,false,,2026-06-29,09:23,2026-06-29,14:06,,RICARDONE
CTG_10233233450,CCT712,GIRASOL,R5,ingreso → balanza egreso,ingreso → balanza egreso,2026-06-29T23:37:00,2026-06-30T04:20:00,283,false,,2026-06-29,23:37,2026-06-30,04:20,,RICARDONE
CTG_10233171080,EWL252,GIRASOL,R5,ingreso → balanza egreso,ingreso → balanza egreso,2026-06-29T00:12:00,2026-06-29T05:11:00,299,false,,2026-06-29,00:12,2026-06-29,05:11,,RICARDONE
CTG_10233228798,GAS911,GIRASOL,R5,ingreso → balanza egreso,ingreso → balanza egreso,2026-06-29T19:07:00,2026-06-30T00:36:00,329,false,,2026-06-29,19:07,2026-06-30,00:36,,RICARDONE
CTG_10133189858,AE174UO,GIRASOL,R5,ingreso → balanza egreso,ingreso → balanza egreso,2026-06-29T01:40:00,2026-06-29T07:36:00,356,false,,2026-06-29,01:40,2026-06-29,07:36,,RICARDONE
CTG_10233244393,AB114CN,GIRASOL,R5,ingreso → balanza egreso,ingreso → balanza egreso,2026-06-30T22:10:00,2026-07-01T00:03:00,113,false,,2026-06-30,22:10,2026-07-01,00:03,,RICARDONE
CTG_10233239514,HCT170,GIRASOL,R5,ingreso → balanza egreso,ingreso → balanza egreso,2026-06-30T22:11:00,2026-07-01T00:47:00,156,false,,2026-06-30,22:11,2026-07-01,00:47,,RICARDONE
CTG_10233226404,FHC341,GIRASOL,R5,ingreso → balanza egreso,ingreso → balanza egreso,2026-06-30T07:22:00,2026-06-30T10:02:00,160,false,,2026-06-30,07:22,2026-06-30,10:02,,RICARDONE
CTG_10233224838,AE356VT,GIRASOL,R5,ingreso → balanza egreso,ingreso → balanza egreso,2026-06-30T08:30:00,2026-06-30T11:13:00,163,false,,2026-06-30,08:30,2026-06-30,11:13,,RICARDONE
CTG_10133228846,AI211ER,GIRASOL,R5,ingreso → balanza egreso,ingreso → balanza egreso,2026-06-30T07:55:00,2026-06-30T10:42:00,167,false,,2026-06-30,07:55,2026-06-30,10:42,,RICARDONE
CTG_10233240766,FSS628,GIRASOL,R5,ingreso → balanza egreso,ingreso → balanza egreso,2026-06-30T22:27:00,2026-07-01T01:22:00,175,false,,2026-06-30,22:27,2026-07-01,01:22,,RICARDONE
CTG_10233233875,EQM498,GIRASOL,R5,ingreso → balanza egreso,ingreso → balanza egreso,2026-06-30T02:12:00,2026-06-30T07:56:00,344,false,,2026-06-30,02:12,2026-06-30,07:56,,RICARDONE
CTG_10233219627,PPC620,GIRASOL,R5,ingreso → balanza egreso,ingreso → balanza egreso,2026-06-30T00:39:00,2026-06-30T06:32:00,353,false,,2026-06-30,00:39,2026-06-30,06:32,,RICARDONE
CTG_10233285164,AB114CN,GIRASOL,R5,ingreso → balanza egreso,ingreso → balanza egreso,2026-07-01T23:45:00,2026-07-02T01:21:00,96,false,,2026-07-01,23:45,2026-07-02,01:21,,RICARDONE
CTG_10133299947,LVN867,GIRASOL,R5,ingreso → balanza egreso,ingreso → balanza egreso,2026-07-01T23:50:00,2026-07-02T01:35:00,105,false,,2026-07-01,23:50,2026-07-02,01:35,,RICARDONE
CTG_10233275332,AA757WD,GIRASOL,R5,ingreso → balanza egreso,ingreso → balanza egreso,2026-07-01T22:31:00,2026-07-02T00:23:00,112,false,,2026-07-01,22:31,2026-07-02,00:23,,RICARDONE
CTG_10133300005,MIC938,GIRASOL,R5,ingreso → balanza egreso,ingreso → balanza egreso,2026-07-01T23:51:00,2026-07-02T02:07:00,136,false,,2026-07-01,23:51,2026-07-02,02:07,,RICARDONE
CTG_10133300059,NPA645,GIRASOL,R5,ingreso → balanza egreso,ingreso → balanza egreso,2026-07-01T23:53:00,2026-07-02T02:21:00,148,false,,2026-07-01,23:53,2026-07-02,02:21,,RICARDONE
CTG_10133265611,FYH612,GIRASOL,R5,ingreso → balanza egreso,ingreso → balanza egreso,2026-07-01T14:58:00,2026-07-01T17:34:00,156,false,,2026-07-01,14:58,2026-07-01,17:34,,RICARDONE
CTG_10133247345,EVN452,GIRASOL,R5,ingreso → balanza egreso,ingreso → balanza egreso,2026-07-01T16:27:00,2026-07-01T19:04:00,157,false,,2026-07-01,16:27,2026-07-01,19:04,,RICARDONE
CTG_10133247632,KZR607,GIRASOL,R5,ingreso → balanza egreso,ingreso → balanza egreso,2026-07-01T20:10:00,2026-07-01T23:05:00,175,false,,2026-07-01,20:10,2026-07-01,23:05,,RICARDONE
CTG_10133300177,DMF194,GIRASOL,R5,ingreso → balanza egreso,ingreso → balanza egreso,2026-07-01T23:55:00,2026-07-02T02:51:00,176,false,,2026-07-01,23:55,2026-07-02,02:51,,RICARDONE
CTG_10133247834,AA807HC,GIRASOL,R5,ingreso → balanza egreso,ingreso → balanza egreso,2026-07-01T19:38:00,2026-07-01T22:38:00,180,false,,2026-07-01,19:38,2026-07-01,22:38,,RICARDONE
CTG_10233252132,SNA328,GIRASOL,R5,ingreso → balanza egreso,ingreso → balanza egreso,2026-07-01T15:12:00,2026-07-01T18:19:00,187,false,,2026-07-01,15:12,2026-07-01,18:19,,RICARDONE
CTG_10133279108,LQY813,GIRASOL,R5,ingreso → balanza egreso,ingreso → balanza egreso,2026-07-01T20:24:00,2026-07-01T23:35:00,191,false,,2026-07-01,20:24,2026-07-01,23:35,,RICARDONE
CTG_10133258500,AA996NH,GIRASOL,R5,ingreso → balanza egreso,ingreso → balanza egreso,2026-07-01T12:24:00,2026-07-01T15:39:00,195,false,,2026-07-01,12:24,2026-07-01,15:39,,RICARDONE
CTG_10133254882,AH464JB,GIRASOL,R5,ingreso → balanza egreso,ingreso → balanza egreso,2026-07-01T05:48:00,2026-07-01T09:31:00,223,false,,2026-07-01,05:48,2026-07-01,09:31,,RICARDONE
CTG_10233267652,AC552SN,GIRASOL,R5,ingreso → balanza egreso,ingreso → balanza egreso,2026-07-01T12:37:00,2026-07-01T16:24:00,227,false,,2026-07-01,12:37,2026-07-01,16:24,,RICARDONE
CTG_10233252126,AA168HR,GIRASOL,R5,ingreso → balanza egreso,ingreso → balanza egreso,2026-07-01T07:31:00,2026-07-01T11:21:00,230,false,,2026-07-01,07:31,2026-07-01,11:21,,RICARDONE
CTG_10233255165,HQM403,GIRASOL,R5,ingreso → balanza egreso,ingreso → balanza egreso,2026-07-01T06:12:00,2026-07-01T10:03:00,231,false,,2026-07-01,06:12,2026-07-01,10:03,,RICARDONE
CTG_10233267528,TRJ428,GIRASOL,R5,ingreso → balanza egreso,ingreso → balanza egreso,2026-07-01T11:21:00,2026-07-01T15:16:00,235,false,,2026-07-01,11:21,2026-07-01,15:16,,RICARDONE
CTG_10133268908,KEA465,GIRASOL,R5,ingreso → balanza egreso,ingreso → balanza egreso,2026-07-01T13:55:00,2026-07-01T17:56:00,241,false,,2026-07-01,13:55,2026-07-01,17:56,,RICARDONE
CTG_10133261182,BJW186,GIRASOL,R5,ingreso → balanza egreso,ingreso → balanza egreso,2026-07-01T07:35:00,2026-07-01T11:43:00,248,false,,2026-07-01,07:35,2026-07-01,11:43,,RICARDONE
CTG_10133259729,FED895,GIRASOL,R5,ingreso → balanza egreso,ingreso → balanza egreso,2026-07-01T06:17:00,2026-07-01T10:32:00,255,false,,2026-07-01,06:17,2026-07-01,10:32,,RICARDONE
CTG_10233251891,AB306AB,GIRASOL,R5,ingreso → balanza egreso,ingreso → balanza egreso,2026-07-01T10:34:00,2026-07-01T14:51:00,257,false,,2026-07-01,10:34,2026-07-01,14:51,,RICARDONE
CTG_10133260096,OJM438,GIRASOL,R5,ingreso → balanza egreso,ingreso → balanza egreso,2026-07-01T06:17:00,2026-07-01T10:56:00,279,false,,2026-07-01,06:17,2026-07-01,10:56,,RICARDONE
CTG_10233251895,GWZ914,GIRASOL,R5,ingreso → balanza egreso,ingreso → balanza egreso,2026-07-01T08:35:00,2026-07-01T13:14:00,279,false,,2026-07-01,08:35,2026-07-01,13:14,,RICARDONE
CTG_10133251412,RUK779,GIRASOL,R5,ingreso → balanza egreso,ingreso → balanza egreso,2026-07-01T08:36:00,2026-07-01T13:45:00,309,false,,2026-07-01,08:36,2026-07-01,13:45,,RICARDONE
CTG_10133246442,GFE112,GIRASOL,R5,ingreso → balanza egreso,ingreso → balanza egreso,2026-07-01T01:14:00,2026-07-01T06:27:00,313,false,,2026-07-01,01:14,2026-07-01,06:27,,RICARDONE
CTG_10233252618,VDB780,GIRASOL,R5,ingreso → balanza egreso,ingreso → balanza egreso,2026-07-01T03:02:00,2026-07-01T08:23:00,321,false,,2026-07-01,03:02,2026-07-01,08:23,,RICARDONE
CTG_10233240088,EMJ465,GIRASOL,R5,ingreso → balanza egreso,ingreso → balanza egreso,2026-07-01T08:40:00,2026-07-01T14:07:00,327,false,,2026-07-01,08:40,2026-07-01,14:07,,RICARDONE
CTG_10133260008,ILW482,GIRASOL,R5,ingreso → balanza egreso,ingreso → balanza egreso,2026-07-01T08:43:00,2026-07-01T14:20:00,337,false,,2026-07-01,08:43,2026-07-01,14:20,,RICARDONE
CTG_10133261526,AE950IJ,GIRASOL,R5,ingreso → balanza egreso,ingreso → balanza egreso,2026-07-01T01:51:00,2026-07-01T07:47:00,356,false,,2026-07-01,01:51,2026-07-01,07:47,,RICARDONE
CTG_10133300472,GOJ132,GIRASOL,R5,ingreso → balanza egreso,ingreso → balanza egreso,2026-07-02T00:36:00,2026-07-02T03:18:00,162,false,,2026-07-02,00:36,2026-07-02,03:18,,RICARDONE
CTG_10133292229,FMU968,GIRASOL,R5,ingreso → balanza egreso,ingreso → balanza egreso,2026-07-02T00:40:00,2026-07-02T03:55:00,195,false,,2026-07-02,00:40,2026-07-02,03:55,,RICARDONE
CTG_10233309762,VDB780,GIRASOL,R5,ingreso → balanza egreso,ingreso → balanza egreso,2026-07-02T22:45:00,2026-07-03T03:00:00,255,false,,2026-07-02,22:45,2026-07-03,03:00,,RICARDONE
CTG_10233310757,OGR205,GIRASOL,R5,ingreso → balanza egreso,ingreso → balanza egreso,2026-07-02T23:16:00,2026-07-03T03:36:00,260,false,,2026-07-02,23:16,2026-07-03,03:36,,RICARDONE
CTG_10233314278,LTN939,GIRASOL,R5,ingreso → balanza egreso,ingreso → balanza egreso,2026-07-02T23:48:00,2026-07-03T04:16:00,268,false,,2026-07-02,23:48,2026-07-03,04:16,,RICARDONE
CTG_10233279991,HQV005,GIRASOL,R5,ingreso → balanza egreso,ingreso → balanza egreso,2026-07-02T00:46:00,2026-07-02T05:42:00,296,false,,2026-07-02,00:46,2026-07-02,05:42,,RICARDONE
CTG_10233313921,EAZ380,GIRASOL,R5,ingreso → balanza egreso,ingreso → balanza egreso,2026-07-02T23:50:00,2026-07-03T04:52:00,302,false,,2026-07-02,23:50,2026-07-03,04:52,,RICARDONE
CTG_10133300383,FFH803,GIRASOL,R5,ingreso → balanza egreso,ingreso → balanza egreso,2026-07-02T09:09:00,2026-07-02T14:36:00,327,false,,2026-07-02,09:09,2026-07-02,14:36,,RICARDONE
CTG_10133322398,SYD643,GIRASOL,R5,ingreso → balanza egreso,ingreso → balanza egreso,2026-07-02T20:52:00,2026-07-03T02:29:00,337,false,,2026-07-02,20:52,2026-07-03,02:29,,RICARDONE
CTG_10233288053,FPF313,GIRASOL,R5,ingreso → balanza egreso,ingreso → balanza egreso,2026-07-02T09:29:00,2026-07-02T15:08:00,339,false,,2026-07-02,09:29,2026-07-02,15:08,,RICARDONE
CTG_10133295813,JXL952,GIRASOL,R5,ingreso → balanza egreso,ingreso → balanza egreso,2026-07-02T02:32:00,2026-07-02T08:13:00,341,false,,2026-07-02,02:32,2026-07-02,08:13,,RICARDONE
CTG_10233334821,RIA146,GIRASOL,R5,ingreso → balanza egreso,ingreso → balanza egreso,2026-07-03T08:26:00,2026-07-03T12:53:00,267,false,,2026-07-03,08:26,2026-07-03,12:53,,RICARDONE
CTG_10233334772,RDB282,GIRASOL,R5,ingreso → balanza egreso,ingreso → balanza egreso,2026-07-03T07:47:00,2026-07-03T12:27:00,280,false,,2026-07-03,07:47,2026-07-03,12:27,,RICARDONE
CTG_10233329146,AA541TW,GIRASOL,R5,ingreso → balanza egreso,ingreso → balanza egreso,2026-07-03T07:06:00,2026-07-03T11:47:00,281,false,,2026-07-03,07:06,2026-07-03,11:47,,RICARDONE
CTG_10133277004,NMG004,GIRASOL,R5,ingreso → balanza egreso,ingreso → balanza egreso,2026-07-03T07:09:00,2026-07-03T12:09:00,300,false,,2026-07-03,07:09,2026-07-03,12:09,,RICARDONE
CTG_10133277681,AH148UK,GIRASOL,R5,ingreso → balanza egreso,ingreso → balanza egreso,2026-07-03T00:20:00,2026-07-03T05:28:00,308,false,,2026-07-03,00:20,2026-07-03,05:28,,RICARDONE
CTG_10233334786,ESI808,GIRASOL,R5,ingreso → balanza egreso,ingreso → balanza egreso,2026-07-03T08:27:00,2026-07-03T13:45:00,318,false,,2026-07-03,08:27,2026-07-03,13:45,,RICARDONE
CTG_10233334797,ANV363,GIRASOL,R5,ingreso → balanza egreso,ingreso → balanza egreso,2026-07-03T08:28:00,2026-07-03T14:13:00,345,false,,2026-07-03,08:28,2026-07-03,14:13,,RICARDONE
CTG_10133312797,IJT755,GIRASOL,R5,ingreso → balanza egreso,ingreso → balanza egreso,2026-07-03T05:04:00,2026-07-03T11:00:00,356,false,,2026-07-03,05:04,2026-07-03,11:00,,RICARDONE
CTG_10233363438,RTW199,GIRASOL,R5,ingreso → balanza egreso,ingreso → balanza egreso,2026-07-04T07:49:00,2026-07-04T13:19:00,330,false,,2026-07-04,07:49,2026-07-04,13:19,,RICARDONE
CTG_10233356118,OBT877,GIRASOL,R5,ingreso → balanza egreso,ingreso → balanza egreso,2026-07-04T08:01:00,2026-07-04T14:00:00,359,false,,2026-07-04,08:01,2026-07-04,14:00,,RICARDONE
CTG_10233343599,AE139WL,GIRASOL,R5,ingreso → balanza egreso,ingreso → balanza egreso,2026-07-05T22:11:00,2026-07-05T23:21:00,70,false,,2026-07-05,22:11,2026-07-05,23:21,,RICARDONE
CTG_10133367452,SYD643,GIRASOL,R5,ingreso → balanza egreso,ingreso → balanza egreso,2026-07-05T22:27:00,2026-07-05T23:49:00,82,false,,2026-07-05,22:27,2026-07-05,23:49,,RICARDONE
CTG_10233183444,AH345NE,GIRASOL,R6,ingreso → balanza egreso,ingreso → balanza egreso,2026-06-27T18:55:00,2026-06-27T22:09:00,194,false,,2026-06-27,18:55,2026-06-27,22:09,,RICARDONE
CTG_10233184019,FON882,GIRASOL,R6,ingreso → balanza egreso,ingreso → balanza egreso,2026-06-27T20:01:00,2026-06-28T01:43:00,342,false,,2026-06-27,20:01,2026-06-28,01:43,,RICARDONE
CTG_10233182118,GQC488,GIRASOL,R6,ingreso → balanza egreso,ingreso → balanza egreso,2026-06-27T19:19:00,2026-06-28T01:12:00,353,false,,2026-06-27,19:19,2026-06-28,01:12,,RICARDONE
CTG_10233182263,SMC098,GIRASOL,R6,ingreso → balanza egreso,ingreso → balanza egreso,2026-06-27T19:19:00,2026-06-28T01:17:00,358,false,,2026-06-27,19:19,2026-06-28,01:17,,RICARDONE
CTG_10233176778,FKJ492,GIRASOL,R6,ingreso → balanza egreso,ingreso → balanza egreso,2026-06-28T22:39:00,2026-06-29T02:04:00,205,false,,2026-06-28,22:39,2026-06-29,02:04,,RICARDONE
CTG_10233189371,OKR140,GIRASOL,R6,ingreso → balanza egreso,ingreso → balanza egreso,2026-06-28T23:43:00,2026-06-29T03:09:00,206,false,,2026-06-28,23:43,2026-06-29,03:09,,RICARDONE
CTG_10233184873,ROX620,GIRASOL,R6,ingreso → balanza egreso,ingreso → balanza egreso,2026-06-28T04:27:00,2026-06-28T08:11:00,224,false,,2026-06-28,04:27,2026-06-28,08:11,,RICARDONE
CTG_10233178017,KSB500,GIRASOL,R6,ingreso → balanza egreso,ingreso → balanza egreso,2026-06-28T22:39:00,2026-06-29T02:29:00,230,false,,2026-06-28,22:39,2026-06-29,02:29,,RICARDONE
CTG_10233167730,EJE537,GIRASOL,R6,ingreso → balanza egreso,ingreso → balanza egreso,2026-06-28T23:47:00,2026-06-29T03:50:00,243,false,,2026-06-28,23:47,2026-06-29,03:50,,RICARDONE
CTG_10233185571,DOM294,GIRASOL,R6,ingreso → balanza egreso,ingreso → balanza egreso,2026-06-29T08:16:00,2026-06-29T12:39:00,263,false,,2026-06-29,08:16,2026-06-29,12:39,,RICARDONE
CTG_10233180926,AH355HT,GIRASOL,R6,ingreso → balanza egreso,ingreso → balanza egreso,2026-06-29T08:35:00,2026-06-29T13:24:00,289,false,,2026-06-29,08:35,2026-06-29,13:24,,RICARDONE
CTG_10133179564,AI211ER,GIRASOL,R6,ingreso → balanza egreso,ingreso → balanza egreso,2026-06-29T07:21:00,2026-06-29T12:12:00,291,false,,2026-06-29,07:21,2026-06-29,12:12,,RICARDONE
CTG_10133189702,AH770XS,GIRASOL,R6,ingreso → balanza egreso,ingreso → balanza egreso,2026-06-29T08:57:00,2026-06-29T14:02:00,305,false,,2026-06-29,08:57,2026-06-29,14:02,,RICARDONE
CTG_10133286681,UPG529,GIRASOL,R6,ingreso → balanza egreso,ingreso → balanza egreso,2026-07-02T07:57:00,2026-07-02T11:14:00,197,false,,2026-07-02,07:57,2026-07-02,11:14,,RICARDONE
CTG_10133300336,AB480ZF,GIRASOL,R6,ingreso → balanza egreso,ingreso → balanza egreso,2026-07-02T06:13:00,2026-07-02T10:02:00,229,false,,2026-07-02,06:13,2026-07-02,10:02,,RICARDONE
CTG_10133275810,AH464JO,GIRASOL,R6,ingreso → balanza egreso,ingreso → balanza egreso,2026-07-02T06:47:00,2026-07-02T10:38:00,231,false,,2026-07-02,06:47,2026-07-02,10:38,,RICARDONE
CTG_10133272055,PAM446,GIRASOL,R6,ingreso → balanza egreso,ingreso → balanza egreso,2026-07-02T07:18:00,2026-07-02T11:47:00,269,false,,2026-07-02,07:18,2026-07-02,11:47,,RICARDONE
CTG_10233310776,IZX624,GIRASOL,R6,ingreso → balanza egreso,ingreso → balanza egreso,2026-07-02T22:46:00,2026-07-03T03:34:00,288,false,,2026-07-02,22:46,2026-07-03,03:34,,RICARDONE
CTG_10133300280,GFY939,GIRASOL,R6,ingreso → balanza egreso,ingreso → balanza egreso,2026-07-02T01:07:00,2026-07-02T05:59:00,292,false,,2026-07-02,01:07,2026-07-02,05:59,,RICARDONE
CTG_10233311288,AC256KU,GIRASOL,R6,ingreso → balanza egreso,ingreso → balanza egreso,2026-07-02T23:16:00,2026-07-03T04:12:00,296,false,,2026-07-02,23:16,2026-07-03,04:12,,RICARDONE
CTG_10133306882,BEX559,GIRASOL,R6,ingreso → balanza egreso,ingreso → balanza egreso,2026-07-02T23:43:00,2026-07-03T04:48:00,305,false,,2026-07-02,23:43,2026-07-03,04:48,,RICARDONE
CTG_10133300232,IPM074,GIRASOL,R6,ingreso → balanza egreso,ingreso → balanza egreso,2026-07-02T04:03:00,2026-07-02T09:12:00,309,false,,2026-07-02,04:03,2026-07-02,09:12,,RICARDONE
CTG_10133306222,AI066EN,GIRASOL,R6,ingreso → balanza egreso,ingreso → balanza egreso,2026-07-02T21:17:00,2026-07-03T02:51:00,334,false,,2026-07-02,21:17,2026-07-03,02:51,,RICARDONE
CTG_10233294782,AH592SR,GIRASOL,R6,ingreso → balanza egreso,ingreso → balanza egreso,2026-07-02T04:08:00,2026-07-02T09:44:00,336,false,,2026-07-02,04:08,2026-07-02,09:44,,RICARDONE
CTG_10133307624,AH703YY,GIRASOL,R6,ingreso → balanza egreso,ingreso → balanza egreso,2026-07-02T20:25:00,2026-07-03T02:15:00,350,false,,2026-07-02,20:25,2026-07-03,02:15,,RICARDONE
CTG_10133300426,JXE484,GIRASOL,R6,ingreso → balanza egreso,ingreso → balanza egreso,2026-07-02T03:07:00,2026-07-02T08:58:00,351,false,,2026-07-02,03:07,2026-07-02,08:58,,RICARDONE
CTG_10133275631,SBR876,GIRASOL,R6,ingreso → balanza egreso,ingreso → balanza egreso,2026-07-02T02:33:00,2026-07-02T08:33:00,360,false,,2026-07-02,02:33,2026-07-02,08:33,,RICARDONE
CTG_10133307463,OQR626,GIRASOL,R6,ingreso → balanza egreso,ingreso → balanza egreso,2026-07-03T03:04:00,2026-07-03T05:24:00,140,false,,2026-07-03,03:04,2026-07-03,05:24,,RICARDONE
CTG_10233334750,GFG620,GIRASOL,R6,ingreso → balanza egreso,ingreso → balanza egreso,2026-07-03T07:34:00,2026-07-03T11:34:00,240,false,,2026-07-03,07:34,2026-07-03,11:34,,RICARDONE
CTG_10233334769,RYL693,GIRASOL,R6,ingreso → balanza egreso,ingreso → balanza egreso,2026-07-03T07:45:00,2026-07-03T12:34:00,289,false,,2026-07-03,07:45,2026-07-03,12:34,,RICARDONE
CTG_10133278060,JLJ994,GIRASOL,R6,ingreso → balanza egreso,ingreso → balanza egreso,2026-07-03T00:21:00,2026-07-03T06:13:00,352,false,,2026-07-03,00:21,2026-07-03,06:13,,RICARDONE
CTG_10233325826,GPL355,GIRASOL,R6,ingreso → balanza egreso,ingreso → balanza egreso,2026-07-05T14:05:00,2026-07-05T18:44:00,279,false,,2026-07-05,14:05,2026-07-05,18:44,,RICARDONE