external_operation_id,journey_uid,plate_normalized,product_normalized,platform_normalized,resolved_circuit_family,resolved_operational_point,segment_order_global,segment_order_journey,segment_name,segment_from,segment_to,segment_start_time,segment_end_time,segment_duration_min,segment_plant,segment_leg,truckflow_circuit_code,resolved_executive_circuit_code,truckflow_executive_status,truckflow_valid_detail,match_quality,route_quality,analysis_ready_for_scatter,analysis_warning,external_ingreso_at,external_salida_at,external_calado_at
CTG_10233106529,,AC552SN,GIRASOL,VOLCABLE_1,VOLCABLE,VOLCABLE_1,1,0,ingreso → balanza egreso,INGRESO,BALANZA_EGRESO,2026-06-26T00:22:00,2026-06-26T04:10:00,228,RIC,RIC,R5,R5,,DEDUCIDO_INFERRED_ROLLUP,NO_TRUCKFLOW_EVIDENCE,ROUTE_UNKNOWN,true,NO_CAMERA_EVIDENCE_FOUND|NO_MEASURABLE_SEGMENTS|NO_CAMERA_EVIDENCE_FOUND,2026-06-26T00:22:00,2026-06-26T04:10:00,2026-06-26T03:03:00
CTG_10233107827,,BKT313,GIRASOL,VOLCABLE_1,VOLCABLE,VOLCABLE_1,1,0,ingreso → balanza egreso,INGRESO,BALANZA_EGRESO,2026-06-26T00:23:00,2026-06-26T04:43:00,260,RIC,RIC,R5,R5,,DEDUCIDO_INFERRED_ROLLUP,NO_TRUCKFLOW_EVIDENCE,ROUTE_UNKNOWN,true,NO_CAMERA_EVIDENCE_FOUND|NO_MEASURABLE_SEGMENTS|NO_CAMERA_EVIDENCE_FOUND,2026-06-26T00:23:00,2026-06-26T04:43:00,2026-06-26T03:05:00
CTG_10233134813,,MUV737,GIRASOL,VOLCABLE_1,VOLCABLE,VOLCABLE_1,1,0,ingreso → balanza egreso,INGRESO,BALANZA_EGRESO,2026-06-26T01:11:00,2026-06-26T05:23:00,252,RIC,RIC,R5,R5,,DEDUCIDO_INFERRED_ROLLUP,NO_TRUCKFLOW_EVIDENCE,ROUTE_UNKNOWN,true,NO_CAMERA_EVIDENCE_FOUND|NO_MEASURABLE_SEGMENTS|NO_CAMERA_EVIDENCE_FOUND,2026-06-26T01:11:00,2026-06-26T05:23:00,2026-06-26T03:07:00
CTG_10133138163,,EKD012,GIRASOL,VOLCABLE_1,VOLCABLE,VOLCABLE_1,1,0,ingreso → balanza egreso,INGRESO,BALANZA_EGRESO,2026-06-26T12:56:00,2026-06-26T14:03:00,67,RIC,RIC,R5,R5,,DEDUCIDO_INFERRED_ROLLUP,NO_TRUCKFLOW_EVIDENCE,ROUTE_UNKNOWN,true,NO_CAMERA_EVIDENCE_FOUND|NO_MEASURABLE_SEGMENTS|NO_CAMERA_EVIDENCE_FOUND,2026-06-26T12:56:00,2026-06-26T14:03:00,2026-06-26T13:34:00
CTG_10133139735,,AG639OD,GIRASOL,VOLCABLE_1,VOLCABLE,VOLCABLE_1,1,0,ingreso → balanza egreso,INGRESO,BALANZA_EGRESO,2026-06-26T14:20:00,2026-06-26T15:47:00,87,RIC,RIC,R5,R5,,DEDUCIDO_INFERRED_ROLLUP,NO_TRUCKFLOW_EVIDENCE,ROUTE_UNKNOWN,true,NO_CAMERA_EVIDENCE_FOUND|NO_MEASURABLE_SEGMENTS|NO_CAMERA_EVIDENCE_FOUND,2026-06-26T14:20:00,2026-06-26T15:47:00,2026-06-26T15:16:00
CTG_10133140703,,MMZ197,GIRASOL,VOLCABLE_1,VOLCABLE,VOLCABLE_1,1,0,ingreso → balanza egreso,INGRESO,BALANZA_EGRESO,2026-06-26T17:08:00,2026-06-26T19:20:00,132,RIC,RIC,R5,R5,,DEDUCIDO_INFERRED_ROLLUP,NO_TRUCKFLOW_EVIDENCE,ROUTE_UNKNOWN,true,NO_CAMERA_EVIDENCE_FOUND|NO_MEASURABLE_SEGMENTS|NO_CAMERA_EVIDENCE_FOUND,2026-06-26T17:08:00,2026-06-26T19:20:00,2026-06-26T17:50:00
CTG_10233163018,,DUC670,GIRASOL,VOLCABLE_1,VOLCABLE,VOLCABLE_1,1,0,ingreso → balanza egreso,INGRESO,BALANZA_EGRESO,2026-06-26T17:12:00,2026-06-26T20:09:00,177,RIC,RIC,R5,R5,,DEDUCIDO_INFERRED_ROLLUP,NO_TRUCKFLOW_EVIDENCE,ROUTE_UNKNOWN,true,NO_CAMERA_EVIDENCE_FOUND|NO_MEASURABLE_SEGMENTS|NO_CAMERA_EVIDENCE_FOUND,2026-06-26T17:12:00,2026-06-26T20:09:00,2026-06-26T17:52:00
CTG_10133121562,,RRR376,GIRASOL,VOLCABLE_1,VOLCABLE,VOLCABLE_1,1,0,ingreso → balanza egreso,INGRESO,BALANZA_EGRESO,2026-06-26T19:08:00,2026-06-26T21:01:00,113,RIC,RIC,R5,R5,,DEDUCIDO_INFERRED_ROLLUP,NO_TRUCKFLOW_EVIDENCE,ROUTE_UNKNOWN,true,NO_CAMERA_EVIDENCE_FOUND|NO_MEASURABLE_SEGMENTS|NO_CAMERA_EVIDENCE_FOUND,2026-06-26T19:08:00,2026-06-26T21:01:00,2026-06-26T19:52:00
CTG_10133151962,,FMU968,GIRASOL,VOLCABLE_1,VOLCABLE,VOLCABLE_1,1,0,ingreso → balanza egreso,INGRESO,BALANZA_EGRESO,2026-06-26T19:09:00,2026-06-26T22:30:00,201,RIC,RIC,R5,R5,,DEDUCIDO_INFERRED_ROLLUP,NO_TRUCKFLOW_EVIDENCE,ROUTE_UNKNOWN,true,NO_CAMERA_EVIDENCE_FOUND|NO_MEASURABLE_SEGMENTS|NO_CAMERA_EVIDENCE_FOUND,2026-06-26T19:09:00,2026-06-26T22:30:00,2026-06-26T19:55:00
CTG_10133140359,,AG842WB,GIRASOL,VOLCABLE_1,VOLCABLE,VOLCABLE_1,1,0,ingreso → balanza egreso,INGRESO,BALANZA_EGRESO,2026-06-26T20:03:00,2026-06-26T23:46:00,223,RIC,RIC,R5,R5,,DEDUCIDO_INFERRED_ROLLUP,NO_TRUCKFLOW_EVIDENCE,ROUTE_UNKNOWN,true,NO_CAMERA_EVIDENCE_FOUND|NO_MEASURABLE_SEGMENTS|NO_CAMERA_EVIDENCE_FOUND,2026-06-26T20:03:00,2026-06-26T23:46:00,2026-06-26T22:39:00
CTG_10133140706,,AB096UN,GIRASOL,VOLCABLE_1,VOLCABLE,VOLCABLE_1,1,0,ingreso → balanza egreso,INGRESO,BALANZA_EGRESO,2026-06-26T20:35:00,2026-06-27T00:33:00,238,RIC,RIC,R5,R5,,DEDUCIDO_INFERRED_ROLLUP,NO_TRUCKFLOW_EVIDENCE,ROUTE_UNKNOWN,true,NO_CAMERA_EVIDENCE_FOUND|NO_MEASURABLE_SEGMENTS|NO_CAMERA_EVIDENCE_FOUND,2026-06-26T20:35:00,2026-06-27T00:33:00,2026-06-26T22:40:00
CTG_10133139727,,IZX624,GIRASOL,VOLCABLE_1,VOLCABLE,VOLCABLE_1,1,0,ingreso → balanza egreso,INGRESO,BALANZA_EGRESO,2026-06-26T22:03:00,2026-06-27T01:20:00,197,RIC,RIC,R5,R5,,DEDUCIDO_INFERRED_ROLLUP,NO_TRUCKFLOW_EVIDENCE,ROUTE_UNKNOWN,true,NO_CAMERA_EVIDENCE_FOUND|NO_MEASURABLE_SEGMENTS|NO_CAMERA_EVIDENCE_FOUND,2026-06-26T22:03:00,2026-06-27T01:20:00,2026-06-26T22:44:00
CTG_10133140700,,HCO481,GIRASOL,VOLCABLE_1,VOLCABLE,VOLCABLE_1,1,0,ingreso → balanza egreso,INGRESO,BALANZA_EGRESO,2026-06-26T22:04:00,2026-06-27T02:09:00,245,RIC,RIC,R5,R5,,DEDUCIDO_INFERRED_ROLLUP,NO_TRUCKFLOW_EVIDENCE,ROUTE_UNKNOWN,true,NO_CAMERA_EVIDENCE_FOUND|NO_MEASURABLE_SEGMENTS|NO_CAMERA_EVIDENCE_FOUND,2026-06-26T22:04:00,2026-06-27T02:09:00,2026-06-26T22:46:00
CTG_10133138663,,LDX760,GIRASOL,VOLCABLE_1,VOLCABLE,VOLCABLE_1,1,0,ingreso → balanza egreso,INGRESO,BALANZA_EGRESO,2026-06-26T22:14:00,2026-06-27T02:51:00,277,RIC,RIC,R5,R5,,DEDUCIDO_INFERRED_ROLLUP,NO_TRUCKFLOW_EVIDENCE,ROUTE_UNKNOWN,true,NO_CAMERA_EVIDENCE_FOUND|NO_MEASURABLE_SEGMENTS|NO_CAMERA_EVIDENCE_FOUND,2026-06-26T22:14:00,2026-06-27T02:51:00,2026-06-26T22:48:00
CTG_10233155752,,KHL153,GIRASOL,VOLCABLE_1,VOLCABLE,VOLCABLE_1,1,0,ingreso → balanza egreso,INGRESO,BALANZA_EGRESO,2026-06-26T22:15:00,2026-06-27T03:53:00,338,RIC,RIC,R5,R5,,DEDUCIDO_INFERRED_ROLLUP,NO_TRUCKFLOW_EVIDENCE,ROUTE_UNKNOWN,true,NO_CAMERA_EVIDENCE_FOUND|NO_MEASURABLE_SEGMENTS|NO_CAMERA_EVIDENCE_FOUND,2026-06-26T22:15:00,2026-06-27T03:53:00,2026-06-26T22:51:00
CTG_10133138689,,OOD372,GIRASOL,VOLCABLE_1,VOLCABLE,VOLCABLE_1,1,0,ingreso → balanza egreso,INGRESO,BALANZA_EGRESO,2026-06-26T20:54:00,2026-06-27T04:27:00,453,RIC,RIC,R5,R5,,DEDUCIDO_INFERRED_ROLLUP,NO_TRUCKFLOW_EVIDENCE,ROUTE_UNKNOWN,true,NO_CAMERA_EVIDENCE_FOUND|NO_MEASURABLE_SEGMENTS|NO_CAMERA_EVIDENCE_FOUND,2026-06-26T20:54:00,2026-06-27T04:27:00,2026-06-26T22:42:00
CTG_10133163999,,RNC875,GIRASOL,VOLCABLE_1,VOLCABLE,VOLCABLE_1,1,0,ingreso → balanza egreso,INGRESO,BALANZA_EGRESO,2026-06-27T00:09:00,2026-06-27T04:57:00,288,RIC,RIC,R5,R5,,DEDUCIDO_INFERRED_ROLLUP,NO_TRUCKFLOW_EVIDENCE,ROUTE_UNKNOWN,true,NO_CAMERA_EVIDENCE_FOUND|NO_MEASURABLE_SEGMENTS|NO_CAMERA_EVIDENCE_FOUND,2026-06-27T00:09:00,2026-06-27T04:57:00,2026-06-27T01:14:00
CTG_10133138736,,BQT195,GIRASOL,VOLCABLE_1,VOLCABLE,VOLCABLE_1,1,0,ingreso → balanza egreso,INGRESO,BALANZA_EGRESO,2026-06-27T01:00:00,2026-06-27T05:25:00,265,RIC,RIC,R5,R5,,DEDUCIDO_INFERRED_ROLLUP,NO_TRUCKFLOW_EVIDENCE,ROUTE_UNKNOWN,true,NO_CAMERA_EVIDENCE_FOUND|NO_MEASURABLE_SEGMENTS|NO_CAMERA_EVIDENCE_FOUND,2026-06-27T01:00:00,2026-06-27T05:25:00,2026-06-27T04:35:00
CTG_10133154555,,GPG565,GIRASOL,VOLCABLE_1,VOLCABLE,VOLCABLE_1,1,0,ingreso → balanza egreso,INGRESO,BALANZA_EGRESO,2026-06-27T01:25:00,2026-06-27T06:14:00,289,RIC,RIC,R5,R5,,DEDUCIDO_INFERRED_ROLLUP,NO_TRUCKFLOW_EVIDENCE,ROUTE_UNKNOWN,true,NO_CAMERA_EVIDENCE_FOUND|NO_MEASURABLE_SEGMENTS|NO_CAMERA_EVIDENCE_FOUND,2026-06-27T01:25:00,2026-06-27T06:14:00,2026-06-27T04:39:00
CTG_10133139755,,HDK895,GIRASOL,VOLCABLE_1,VOLCABLE,VOLCABLE_1,1,0,ingreso → balanza egreso,INGRESO,BALANZA_EGRESO,2026-06-27T11:47:00,2026-06-27T15:11:00,204,RIC,RIC,R5,R5,,DEDUCIDO_INFERRED_ROLLUP,NO_TRUCKFLOW_EVIDENCE,ROUTE_UNKNOWN,true,NO_CAMERA_EVIDENCE_FOUND|NO_MEASURABLE_SEGMENTS|NO_CAMERA_EVIDENCE_FOUND,2026-06-27T11:47:00,2026-06-27T15:11:00,2026-06-27T13:25:00
CTG_10133178533,,UZY860,GIRASOL,VOLCABLE_1,VOLCABLE,VOLCABLE_1,1,0,ingreso → balanza egreso,INGRESO,BALANZA_EGRESO,2026-06-27T16:27:00,2026-06-27T18:04:00,97,RIC,RIC,R5,R5,,DEDUCIDO_INFERRED_ROLLUP,NO_TRUCKFLOW_EVIDENCE,ROUTE_UNKNOWN,true,NO_CAMERA_EVIDENCE_FOUND|NO_MEASURABLE_SEGMENTS|NO_CAMERA_EVIDENCE_FOUND,2026-06-27T16:27:00,2026-06-27T18:04:00,2026-06-27T16:46:00
CTG_10133156606,,UCN502,GIRASOL,VOLCABLE_1,VOLCABLE,VOLCABLE_1,1,0,ingreso → balanza egreso,INGRESO,BALANZA_EGRESO,2026-06-27T14:04:00,2026-06-27T18:38:00,274,RIC,RIC,R5,R5,,DEDUCIDO_INFERRED_ROLLUP,NO_TRUCKFLOW_EVIDENCE,ROUTE_UNKNOWN,true,NO_CAMERA_EVIDENCE_FOUND|NO_MEASURABLE_SEGMENTS|NO_CAMERA_EVIDENCE_FOUND,2026-06-27T14:04:00,2026-06-27T18:38:00,2026-06-27T16:47:00
CTG_10233179270,,LSM425,GIRASOL,VOLCABLE_1,VOLCABLE,VOLCABLE_1,1,0,ingreso → balanza egreso,INGRESO,BALANZA_EGRESO,2026-06-27T18:18:00,2026-06-27T20:51:00,153,RIC,RIC,R5,R5,,DEDUCIDO_INFERRED_ROLLUP,NO_TRUCKFLOW_EVIDENCE,ROUTE_UNKNOWN,true,NO_CAMERA_EVIDENCE_FOUND|NO_MEASURABLE_SEGMENTS|NO_CAMERA_EVIDENCE_FOUND,2026-06-27T18:18:00,2026-06-27T20:51:00,2026-06-27T20:15:00
CTG_10233181413,,ISX147,GIRASOL,VOLCABLE_1,VOLCABLE,VOLCABLE_1,1,0,ingreso → balanza egreso,INGRESO,BALANZA_EGRESO,2026-06-27T18:30:00,2026-06-27T21:53:00,203,RIC,RIC,R5,R5,,DEDUCIDO_INFERRED_ROLLUP,NO_TRUCKFLOW_EVIDENCE,ROUTE_UNKNOWN,true,NO_CAMERA_EVIDENCE_FOUND|NO_MEASURABLE_SEGMENTS|NO_CAMERA_EVIDENCE_FOUND,2026-06-27T18:30:00,2026-06-27T21:53:00,2026-06-27T20:17:00
CTG_10233183444,,AH345NE,GIRASOL,VOLCABLE_2,VOLCABLE,VOLCABLE_2,1,0,ingreso → balanza egreso,INGRESO,BALANZA_EGRESO,2026-06-27T18:55:00,2026-06-27T22:09:00,194,RIC,RIC,R6,R6,,DEDUCIDO_INFERRED_ROLLUP,NO_TRUCKFLOW_EVIDENCE,ROUTE_UNKNOWN,true,NO_CAMERA_EVIDENCE_FOUND|NO_MEASURABLE_SEGMENTS|NO_CAMERA_EVIDENCE_FOUND,2026-06-27T18:55:00,2026-06-27T22:09:00,2026-06-27T20:20:00
CTG_10233181295,,BKJ548,GIRASOL,VOLCABLE_1,VOLCABLE,VOLCABLE_1,1,0,ingreso → balanza egreso,INGRESO,BALANZA_EGRESO,2026-06-27T18:33:00,2026-06-27T22:33:00,240,RIC,RIC,R5,R5,,DEDUCIDO_INFERRED_ROLLUP,NO_TRUCKFLOW_EVIDENCE,ROUTE_UNKNOWN,true,NO_CAMERA_EVIDENCE_FOUND|NO_MEASURABLE_SEGMENTS|NO_CAMERA_EVIDENCE_FOUND,2026-06-27T18:33:00,2026-06-27T22:33:00,2026-06-27T20:19:00
CTG_10233183824,,GHN484,GIRASOL,VOLCABLE_1,VOLCABLE,VOLCABLE_1,1,0,ingreso → balanza egreso,INGRESO,BALANZA_EGRESO,2026-06-27T19:07:00,2026-06-28T01:10:00,363,RIC,RIC,R5,R5,,DEDUCIDO_INFERRED_ROLLUP,NO_TRUCKFLOW_EVIDENCE,ROUTE_UNKNOWN,true,NO_CAMERA_EVIDENCE_FOUND|NO_MEASURABLE_SEGMENTS|NO_CAMERA_EVIDENCE_FOUND,2026-06-27T19:07:00,2026-06-28T01:10:00,2026-06-27T20:24:00
CTG_10233182118,,GQC488,GIRASOL,VOLCABLE_2,VOLCABLE,VOLCABLE_2,1,0,ingreso → balanza egreso,INGRESO,BALANZA_EGRESO,2026-06-27T19:19:00,2026-06-28T01:12:00,353,RIC,RIC,R6,R6,,DEDUCIDO_INFERRED_ROLLUP,NO_TRUCKFLOW_EVIDENCE,ROUTE_UNKNOWN,true,NO_CAMERA_EVIDENCE_FOUND|NO_MEASURABLE_SEGMENTS|NO_CAMERA_EVIDENCE_FOUND,2026-06-27T19:19:00,2026-06-28T01:12:00,2026-06-27T20:22:00
CTG_10233182263,,SMC098,GIRASOL,VOLCABLE_2,VOLCABLE,VOLCABLE_2,1,0,ingreso → balanza egreso,INGRESO,BALANZA_EGRESO,2026-06-27T19:19:00,2026-06-28T01:17:00,358,RIC,RIC,R6,R6,,DEDUCIDO_INFERRED_ROLLUP,NO_TRUCKFLOW_EVIDENCE,ROUTE_UNKNOWN,true,NO_CAMERA_EVIDENCE_FOUND|NO_MEASURABLE_SEGMENTS|NO_CAMERA_EVIDENCE_FOUND,2026-06-27T19:19:00,2026-06-28T01:17:00,2026-06-27T20:28:00
CTG_10233184216,,CLY413,GIRASOL,VOLCABLE_1,VOLCABLE,VOLCABLE_1,1,0,ingreso → balanza egreso,INGRESO,BALANZA_EGRESO,2026-06-27T19:46:00,2026-06-28T01:34:00,348,RIC,RIC,R5,R5,,DEDUCIDO_INFERRED_ROLLUP,NO_TRUCKFLOW_EVIDENCE,ROUTE_UNKNOWN,true,NO_CAMERA_EVIDENCE_FOUND|NO_MEASURABLE_SEGMENTS|NO_CAMERA_EVIDENCE_FOUND,2026-06-27T19:46:00,2026-06-28T01:34:00,2026-06-27T20:30:00
CTG_10233184019,,FON882,GIRASOL,VOLCABLE_2,VOLCABLE,VOLCABLE_2,1,0,ingreso → balanza egreso,INGRESO,BALANZA_EGRESO,2026-06-27T20:01:00,2026-06-28T01:43:00,342,RIC,RIC,R6,R6,,DEDUCIDO_INFERRED_ROLLUP,NO_TRUCKFLOW_EVIDENCE,ROUTE_UNKNOWN,true,NO_CAMERA_EVIDENCE_FOUND|NO_MEASURABLE_SEGMENTS|NO_CAMERA_EVIDENCE_FOUND,2026-06-27T20:01:00,2026-06-28T01:43:00,2026-06-27T20:33:00
CTG_10233183509,,EFY433,GIRASOL,VOLCABLE_1,VOLCABLE,VOLCABLE_1,1,0,ingreso → balanza egreso,INGRESO,BALANZA_EGRESO,2026-06-27T20:00:00,2026-06-28T02:32:00,392,RIC,RIC,R5,R5,,DEDUCIDO_INFERRED_ROLLUP,NO_TRUCKFLOW_EVIDENCE,ROUTE_UNKNOWN,true,NO_CAMERA_EVIDENCE_FOUND|NO_MEASURABLE_SEGMENTS|NO_CAMERA_EVIDENCE_FOUND,2026-06-27T20:00:00,2026-06-28T02:32:00,2026-06-27T20:32:00
CTG_10233185756,,AA004UC,GIRASOL,VOLCABLE_1,VOLCABLE,VOLCABLE_1,1,0,ingreso → balanza egreso,INGRESO,BALANZA_EGRESO,2026-06-27T20:18:00,2026-06-28T03:24:00,426,RIC,RIC,R5,R5,,DEDUCIDO_INFERRED_ROLLUP,NO_TRUCKFLOW_EVIDENCE,ROUTE_UNKNOWN,true,NO_CAMERA_EVIDENCE_FOUND|NO_MEASURABLE_SEGMENTS|NO_CAMERA_EVIDENCE_FOUND,2026-06-27T20:18:00,2026-06-28T03:24:00,2026-06-27T20:34:00
CTG_10233178018,,INA260,GIRASOL,VOLCABLE_1,VOLCABLE,VOLCABLE_1,1,0,ingreso → balanza egreso,INGRESO,BALANZA_EGRESO,2026-06-27T20:49:00,2026-06-28T04:14:00,445,RIC,RIC,R5,R5,,DEDUCIDO_INFERRED_ROLLUP,NO_TRUCKFLOW_EVIDENCE,ROUTE_UNKNOWN,true,NO_CAMERA_EVIDENCE_FOUND|NO_MEASURABLE_SEGMENTS|NO_CAMERA_EVIDENCE_FOUND,2026-06-27T20:49:00,2026-06-28T04:14:00,2026-06-27T21:51:00
CTG_10233188166,,GWC160,GIRASOL,VOLCABLE_1,VOLCABLE,VOLCABLE_1,1,0,ingreso → balanza egreso,INGRESO,BALANZA_EGRESO,2026-06-27T23:56:00,2026-06-28T05:56:00,360,RIC,RIC,R5,R5,,DEDUCIDO_INFERRED_ROLLUP,NO_TRUCKFLOW_EVIDENCE,ROUTE_UNKNOWN,true,NO_CAMERA_EVIDENCE_FOUND|NO_MEASURABLE_SEGMENTS|NO_CAMERA_EVIDENCE_FOUND,2026-06-27T23:56:00,2026-06-28T05:56:00,2026-06-28T01:06:00
CTG_10233187969,,HDM034,GIRASOL,VOLCABLE_1,VOLCABLE,VOLCABLE_1,1,0,ingreso → balanza egreso,INGRESO,BALANZA_EGRESO,2026-06-28T00:11:00,2026-06-28T06:43:00,392,RIC,RIC,R5,R5,,DEDUCIDO_INFERRED_ROLLUP,NO_TRUCKFLOW_EVIDENCE,ROUTE_UNKNOWN,true,NO_CAMERA_EVIDENCE_FOUND|NO_MEASURABLE_SEGMENTS|NO_CAMERA_EVIDENCE_FOUND,2026-06-28T00:11:00,2026-06-28T06:43:00,2026-06-28T01:08:00
CTG_10233189695,,TGF618,GIRASOL,VOLCABLE_1,VOLCABLE,VOLCABLE_1,1,0,ingreso → balanza egreso,INGRESO,BALANZA_EGRESO,2026-06-28T01:25:00,2026-06-28T07:41:00,376,RIC,RIC,R5,R5,,DEDUCIDO_INFERRED_ROLLUP,NO_TRUCKFLOW_EVIDENCE,ROUTE_UNKNOWN,true,NO_CAMERA_EVIDENCE_FOUND|NO_MEASURABLE_SEGMENTS|NO_CAMERA_EVIDENCE_FOUND,2026-06-28T01:25:00,2026-06-28T07:41:00,2026-06-28T04:47:00
CTG_10233184873,,ROX620,GIRASOL,VOLCABLE_2,VOLCABLE,VOLCABLE_2,1,0,ingreso → balanza egreso,INGRESO,BALANZA_EGRESO,2026-06-28T04:27:00,2026-06-28T08:11:00,224,RIC,RIC,R6,R6,,DEDUCIDO_INFERRED_ROLLUP,NO_TRUCKFLOW_EVIDENCE,ROUTE_UNKNOWN,true,NO_CAMERA_EVIDENCE_FOUND|NO_MEASURABLE_SEGMENTS|NO_CAMERA_EVIDENCE_FOUND,2026-06-28T04:27:00,2026-06-28T08:11:00,2026-06-28T05:18:00
CTG_10233186890,,AH156WG,GIRASOL,VOLCABLE_1,VOLCABLE,VOLCABLE_1,1,0,ingreso → balanza egreso,INGRESO,BALANZA_EGRESO,2026-06-28T04:30:00,2026-06-28T08:34:00,244,RIC,RIC,R5,R5,,DEDUCIDO_INFERRED_ROLLUP,NO_TRUCKFLOW_EVIDENCE,ROUTE_UNKNOWN,true,NO_CAMERA_EVIDENCE_FOUND|NO_MEASURABLE_SEGMENTS|NO_CAMERA_EVIDENCE_FOUND,2026-06-28T04:30:00,2026-06-28T08:34:00,2026-06-28T04:54:00
CTG_10233189764,,AB042ZD,GIRASOL,VOLCABLE_1,VOLCABLE,VOLCABLE_1,1,0,ingreso → balanza egreso,INGRESO,BALANZA_EGRESO,2026-06-28T02:28:00,2026-06-28T10:01:00,453,RIC,RIC,R5,R5,,DEDUCIDO_INFERRED_ROLLUP,NO_TRUCKFLOW_EVIDENCE,ROUTE_UNKNOWN,true,NO_CAMERA_EVIDENCE_FOUND|NO_MEASURABLE_SEGMENTS|NO_CAMERA_EVIDENCE_FOUND,2026-06-28T02:28:00,2026-06-28T10:01:00,2026-06-28T04:51:00
CTG_10233186891,,FAN313,GIRASOL,VOLCABLE_1,VOLCABLE,VOLCABLE_1,1,0,ingreso → balanza egreso,INGRESO,BALANZA_EGRESO,2026-06-28T03:43:00,2026-06-28T11:00:00,437,RIC,RIC,R5,R5,,DEDUCIDO_INFERRED_ROLLUP,NO_TRUCKFLOW_EVIDENCE,ROUTE_UNKNOWN,true,NO_CAMERA_EVIDENCE_FOUND|NO_MEASURABLE_SEGMENTS|NO_CAMERA_EVIDENCE_FOUND,2026-06-28T03:43:00,2026-06-28T11:00:00,2026-06-28T04:52:00
CTG_10233186084,,DHL111,GIRASOL,VOLCABLE_1,VOLCABLE,VOLCABLE_1,1,0,ingreso → balanza egreso,INGRESO,BALANZA_EGRESO,2026-06-28T10:15:00,2026-06-28T12:41:00,146,RIC,RIC,R5,R5,,DEDUCIDO_INFERRED_ROLLUP,NO_TRUCKFLOW_EVIDENCE,ROUTE_UNKNOWN,true,NO_CAMERA_EVIDENCE_FOUND|NO_MEASURABLE_SEGMENTS|NO_CAMERA_EVIDENCE_FOUND,2026-06-28T10:15:00,2026-06-28T12:41:00,2026-06-28T11:16:00
CTG_10233189549,,PLE163,GIRASOL,VOLCABLE_1,VOLCABLE,VOLCABLE_1,1,0,ingreso → balanza egreso,INGRESO,BALANZA_EGRESO,2026-06-28T12:36:00,2026-06-28T14:54:00,138,RIC,RIC,R5,R5,,DEDUCIDO_INFERRED_ROLLUP,NO_TRUCKFLOW_EVIDENCE,ROUTE_UNKNOWN,true,NO_CAMERA_EVIDENCE_FOUND|NO_MEASURABLE_SEGMENTS|NO_CAMERA_EVIDENCE_FOUND,2026-06-28T12:36:00,2026-06-28T14:54:00,2026-06-28T13:52:00
CTG_10233185488,,DXY748,GIRASOL,VOLCABLE_1,VOLCABLE,VOLCABLE_1,1,0,ingreso → balanza egreso,INGRESO,BALANZA_EGRESO,2026-06-28T10:16:00,2026-06-28T17:54:00,458,RIC,RIC,R5,R5,,DEDUCIDO_INFERRED_ROLLUP,NO_TRUCKFLOW_EVIDENCE,ROUTE_UNKNOWN,true,NO_CAMERA_EVIDENCE_FOUND|NO_MEASURABLE_SEGMENTS|NO_CAMERA_EVIDENCE_FOUND,2026-06-28T10:16:00,2026-06-28T17:54:00,2026-06-28T11:18:00
CTG_10233188903,,BMI589,GIRASOL,VOLCABLE_1,VOLCABLE,VOLCABLE_1,1,0,ingreso → balanza egreso,INGRESO,BALANZA_EGRESO,2026-06-28T19:15:00,2026-06-28T21:10:00,115,RIC,RIC,R5,R5,,DEDUCIDO_INFERRED_ROLLUP,NO_TRUCKFLOW_EVIDENCE,ROUTE_UNKNOWN,true,NO_CAMERA_EVIDENCE_FOUND|NO_MEASURABLE_SEGMENTS|NO_CAMERA_EVIDENCE_FOUND,2026-06-28T19:15:00,2026-06-28T21:10:00,2026-06-28T20:15:00
CTG_10233169621,,AE847RN,GIRASOL,VOLCABLE_1,VOLCABLE,VOLCABLE_1,1,0,ingreso → balanza egreso,INGRESO,BALANZA_EGRESO,2026-06-28T21:51:00,2026-06-29T00:01:00,130,RIC,RIC,R5,R5,,DEDUCIDO_INFERRED_ROLLUP,NO_TRUCKFLOW_EVIDENCE,ROUTE_UNKNOWN,true,NO_CAMERA_EVIDENCE_FOUND|NO_MEASURABLE_SEGMENTS|NO_CAMERA_EVIDENCE_FOUND,2026-06-28T21:51:00,2026-06-29T00:01:00,2026-06-28T22:57:00
CTG_10233183742,,RDV273,GIRASOL,VOLCABLE_1,VOLCABLE,VOLCABLE_1,1,0,ingreso → balanza egreso,INGRESO,BALANZA_EGRESO,2026-06-28T22:01:00,2026-06-29T01:09:00,188,RIC,RIC,R5,R5,,DEDUCIDO_INFERRED_ROLLUP,NO_TRUCKFLOW_EVIDENCE,ROUTE_UNKNOWN,true,NO_CAMERA_EVIDENCE_FOUND|NO_MEASURABLE_SEGMENTS|NO_CAMERA_EVIDENCE_FOUND,2026-06-28T22:01:00,2026-06-29T01:09:00,2026-06-28T23:02:00
CTG_10233167091,,ERI209,GIRASOL,VOLCABLE_1,VOLCABLE,VOLCABLE_1,1,0,ingreso → balanza egreso,INGRESO,BALANZA_EGRESO,2026-06-28T22:08:00,2026-06-29T01:55:00,227,RIC,RIC,R5,R5,,DEDUCIDO_INFERRED_ROLLUP,NO_TRUCKFLOW_EVIDENCE,ROUTE_UNKNOWN,true,NO_CAMERA_EVIDENCE_FOUND|NO_MEASURABLE_SEGMENTS|NO_CAMERA_EVIDENCE_FOUND,2026-06-28T22:08:00,2026-06-29T01:55:00,2026-06-28T23:05:00
CTG_10233176778,,FKJ492,GIRASOL,VOLCABLE_2,VOLCABLE,VOLCABLE_2,1,0,ingreso → balanza egreso,INGRESO,BALANZA_EGRESO,2026-06-28T22:39:00,2026-06-29T02:04:00,205,RIC,RIC,R6,R6,,DEDUCIDO_INFERRED_ROLLUP,NO_TRUCKFLOW_EVIDENCE,ROUTE_UNKNOWN,true,NO_CAMERA_EVIDENCE_FOUND|NO_MEASURABLE_SEGMENTS|NO_CAMERA_EVIDENCE_FOUND,2026-06-28T22:39:00,2026-06-29T02:04:00,2026-06-28T23:09:00
CTG_10233178017,,KSB500,GIRASOL,VOLCABLE_2,VOLCABLE,VOLCABLE_2,1,0,ingreso → balanza egreso,INGRESO,BALANZA_EGRESO,2026-06-28T22:39:00,2026-06-29T02:29:00,230,RIC,RIC,R6,R6,,DEDUCIDO_INFERRED_ROLLUP,NO_TRUCKFLOW_EVIDENCE,ROUTE_UNKNOWN,true,NO_CAMERA_EVIDENCE_FOUND|NO_MEASURABLE_SEGMENTS|NO_CAMERA_EVIDENCE_FOUND,2026-06-28T22:39:00,2026-06-29T02:29:00,2026-06-28T23:11:00
CTG_10233163108,,NAM468,GIRASOL,VOLCABLE_1,VOLCABLE,VOLCABLE_1,1,0,ingreso → balanza egreso,INGRESO,BALANZA_EGRESO,2026-06-28T22:12:00,2026-06-29T02:45:00,273,RIC,RIC,R5,R5,,DEDUCIDO_INFERRED_ROLLUP,NO_TRUCKFLOW_EVIDENCE,ROUTE_UNKNOWN,true,NO_CAMERA_EVIDENCE_FOUND|NO_MEASURABLE_SEGMENTS|NO_CAMERA_EVIDENCE_FOUND,2026-06-28T22:12:00,2026-06-29T02:45:00,2026-06-28T23:07:00
CTG_10233189371,,OKR140,GIRASOL,VOLCABLE_2,VOLCABLE,VOLCABLE_2,1,0,ingreso → balanza egreso,INGRESO,BALANZA_EGRESO,2026-06-28T23:43:00,2026-06-29T03:09:00,206,RIC,RIC,R6,R6,,DEDUCIDO_INFERRED_ROLLUP,NO_TRUCKFLOW_EVIDENCE,ROUTE_UNKNOWN,true,NO_CAMERA_EVIDENCE_FOUND|NO_MEASURABLE_SEGMENTS|NO_CAMERA_EVIDENCE_FOUND,2026-06-28T23:43:00,2026-06-29T03:09:00,2026-06-29T00:11:00
CTG_10233187188,,CIF907,GIRASOL,VOLCABLE_1,VOLCABLE,VOLCABLE_1,1,0,ingreso → balanza egreso,INGRESO,BALANZA_EGRESO,2026-06-28T23:44:00,2026-06-29T03:39:00,235,RIC,RIC,R5,R5,,DEDUCIDO_INFERRED_ROLLUP,NO_TRUCKFLOW_EVIDENCE,ROUTE_UNKNOWN,true,NO_CAMERA_EVIDENCE_FOUND|NO_MEASURABLE_SEGMENTS|NO_CAMERA_EVIDENCE_FOUND,2026-06-28T23:44:00,2026-06-29T03:39:00,2026-06-29T00:14:00
CTG_10233167730,,EJE537,GIRASOL,VOLCABLE_2,VOLCABLE,VOLCABLE_2,1,0,ingreso → balanza egreso,INGRESO,BALANZA_EGRESO,2026-06-28T23:47:00,2026-06-29T03:50:00,243,RIC,RIC,R6,R6,,DEDUCIDO_INFERRED_ROLLUP,NO_TRUCKFLOW_EVIDENCE,ROUTE_UNKNOWN,true,NO_CAMERA_EVIDENCE_FOUND|NO_MEASURABLE_SEGMENTS|NO_CAMERA_EVIDENCE_FOUND,2026-06-28T23:47:00,2026-06-29T03:50:00,2026-06-29T00:16:00
CTG_10233166849,,HOE586,GIRASOL,VOLCABLE_1,VOLCABLE,VOLCABLE_1,1,0,ingreso → balanza egreso,INGRESO,BALANZA_EGRESO,2026-06-29T00:14:00,2026-06-29T04:32:00,258,RIC,RIC,R5,R5,,DEDUCIDO_INFERRED_ROLLUP,NO_TRUCKFLOW_EVIDENCE,ROUTE_UNKNOWN,true,NO_CAMERA_EVIDENCE_FOUND|NO_MEASURABLE_SEGMENTS|NO_CAMERA_EVIDENCE_FOUND,2026-06-29T00:14:00,2026-06-29T04:32:00,2026-06-29T01:03:00
CTG_10233171080,,EWL252,GIRASOL,VOLCABLE_1,VOLCABLE,VOLCABLE_1,1,0,ingreso → balanza egreso,INGRESO,BALANZA_EGRESO,2026-06-29T00:12:00,2026-06-29T05:11:00,299,RIC,RIC,R5,R5,,DEDUCIDO_INFERRED_ROLLUP,NO_TRUCKFLOW_EVIDENCE,ROUTE_UNKNOWN,true,NO_CAMERA_EVIDENCE_FOUND|NO_MEASURABLE_SEGMENTS|NO_CAMERA_EVIDENCE_FOUND,2026-06-29T00:12:00,2026-06-29T05:11:00,2026-06-29T01:02:00
CTG_10133189921,,GCG666,GIRASOL,VOLCABLE_1,VOLCABLE,VOLCABLE_1,1,0,ingreso → balanza egreso,INGRESO,BALANZA_EGRESO,2026-06-29T01:39:00,2026-06-29T06:13:00,274,RIC,RIC,R5,R5,,DEDUCIDO_INFERRED_ROLLUP,NO_TRUCKFLOW_EVIDENCE,ROUTE_UNKNOWN,true,NO_CAMERA_EVIDENCE_FOUND|NO_MEASURABLE_SEGMENTS|NO_CAMERA_EVIDENCE_FOUND,2026-06-29T01:39:00,2026-06-29T06:13:00,2026-06-29T04:58:00
CTG_10133189858,,AE174UO,GIRASOL,VOLCABLE_1,VOLCABLE,VOLCABLE_1,1,0,ingreso → balanza egreso,INGRESO,BALANZA_EGRESO,2026-06-29T01:40:00,2026-06-29T07:36:00,356,RIC,RIC,R5,R5,,DEDUCIDO_INFERRED_ROLLUP,NO_TRUCKFLOW_EVIDENCE,ROUTE_UNKNOWN,true,NO_CAMERA_EVIDENCE_FOUND|NO_MEASURABLE_SEGMENTS|NO_CAMERA_EVIDENCE_FOUND,2026-06-29T01:40:00,2026-06-29T07:36:00,2026-06-29T05:00:00
CTG_10133189689,,HMU554,GIRASOL,VOLCABLE_1,VOLCABLE,VOLCABLE_1,1,0,ingreso → balanza egreso,INGRESO,BALANZA_EGRESO,2026-06-29T01:41:00,2026-06-29T08:36:00,415,RIC,RIC,R5,R5,,DEDUCIDO_INFERRED_ROLLUP,NO_TRUCKFLOW_EVIDENCE,ROUTE_UNKNOWN,true,NO_CAMERA_EVIDENCE_FOUND|NO_MEASURABLE_SEGMENTS|NO_CAMERA_EVIDENCE_FOUND,2026-06-29T01:41:00,2026-06-29T08:36:00,2026-06-29T05:02:00
CTG_10233188475,,JJD948,GIRASOL,VOLCABLE_1,VOLCABLE,VOLCABLE_1,1,0,ingreso → balanza egreso,INGRESO,BALANZA_EGRESO,2026-06-29T02:20:00,2026-06-29T09:23:00,423,RIC,RIC,R5,R5,,DEDUCIDO_INFERRED_ROLLUP,NO_TRUCKFLOW_EVIDENCE,ROUTE_UNKNOWN,true,NO_CAMERA_EVIDENCE_FOUND|NO_MEASURABLE_SEGMENTS|NO_CAMERA_EVIDENCE_FOUND,2026-06-29T02:20:00,2026-06-29T09:23:00,2026-06-29T05:04:00
CTG_10233190276,,PKP366,GIRASOL,VOLCABLE_1,VOLCABLE,VOLCABLE_1,1,0,ingreso → balanza egreso,INGRESO,BALANZA_EGRESO,2026-06-29T02:27:00,2026-06-29T10:10:00,463,RIC,RIC,R5,R5,,DEDUCIDO_INFERRED_ROLLUP,NO_TRUCKFLOW_EVIDENCE,ROUTE_UNKNOWN,true,NO_CAMERA_EVIDENCE_FOUND|NO_MEASURABLE_SEGMENTS|NO_CAMERA_EVIDENCE_FOUND,2026-06-29T02:27:00,2026-06-29T10:10:00,2026-06-29T05:06:00
CTG_10133179564,,AI211ER,GIRASOL,VOLCABLE_2,VOLCABLE,VOLCABLE_2,1,0,ingreso → balanza egreso,INGRESO,BALANZA_EGRESO,2026-06-29T07:21:00,2026-06-29T12:12:00,291,RIC,RIC,R6,R6,,DEDUCIDO_INFERRED_ROLLUP,NO_TRUCKFLOW_EVIDENCE,ROUTE_UNKNOWN,true,NO_CAMERA_EVIDENCE_FOUND|NO_MEASURABLE_SEGMENTS|NO_CAMERA_EVIDENCE_FOUND,2026-06-29T07:21:00,2026-06-29T12:12:00,2026-06-29T08:41:00
CTG_10233185571,,DOM294,GIRASOL,VOLCABLE_2,VOLCABLE,VOLCABLE_2,1,0,ingreso → balanza egreso,INGRESO,BALANZA_EGRESO,2026-06-29T08:16:00,2026-06-29T12:39:00,263,RIC,RIC,R6,R6,,DEDUCIDO_INFERRED_ROLLUP,NO_TRUCKFLOW_EVIDENCE,ROUTE_UNKNOWN,true,NO_CAMERA_EVIDENCE_FOUND|NO_MEASURABLE_SEGMENTS|NO_CAMERA_EVIDENCE_FOUND,2026-06-29T08:16:00,2026-06-29T12:39:00,2026-06-29T08:42:00
CTG_10133191111,,AE322PM,GIRASOL,VOLCABLE_1,VOLCABLE,VOLCABLE_1,1,0,ingreso → balanza egreso,INGRESO,BALANZA_EGRESO,2026-06-29T06:11:00,2026-06-29T12:51:00,400,RIC,RIC,R5,R5,,DEDUCIDO_INFERRED_ROLLUP,NO_TRUCKFLOW_EVIDENCE,ROUTE_UNKNOWN,true,NO_CAMERA_EVIDENCE_FOUND|NO_MEASURABLE_SEGMENTS|NO_CAMERA_EVIDENCE_FOUND,2026-06-29T06:11:00,2026-06-29T12:51:00,2026-06-29T08:38:00
CTG_10233180926,,AH355HT,GIRASOL,VOLCABLE_2,VOLCABLE,VOLCABLE_2,1,0,ingreso → balanza egreso,INGRESO,BALANZA_EGRESO,2026-06-29T08:35:00,2026-06-29T13:24:00,289,RIC,RIC,R6,R6,,DEDUCIDO_INFERRED_ROLLUP,NO_TRUCKFLOW_EVIDENCE,ROUTE_UNKNOWN,true,NO_CAMERA_EVIDENCE_FOUND|NO_MEASURABLE_SEGMENTS|NO_CAMERA_EVIDENCE_FOUND,2026-06-29T08:35:00,2026-06-29T13:24:00,2026-06-29T08:46:00
CTG_10133189920,,AG172CU,GIRASOL,VOLCABLE_1,VOLCABLE,VOLCABLE_1,1,0,ingreso → balanza egreso,INGRESO,BALANZA_EGRESO,2026-06-29T08:56:00,2026-06-29T13:38:00,282,RIC,RIC,R5,R5,,DEDUCIDO_INFERRED_ROLLUP,NO_TRUCKFLOW_EVIDENCE,ROUTE_UNKNOWN,true,NO_CAMERA_EVIDENCE_FOUND|NO_MEASURABLE_SEGMENTS|NO_CAMERA_EVIDENCE_FOUND,2026-06-29T08:56:00,2026-06-29T13:38:00,2026-06-29T10:05:00
CTG_10133189702,,AH770XS,GIRASOL,VOLCABLE_2,VOLCABLE,VOLCABLE_2,1,0,ingreso → balanza egreso,INGRESO,BALANZA_EGRESO,2026-06-29T08:57:00,2026-06-29T14:02:00,305,RIC,RIC,R6,R6,,DEDUCIDO_INFERRED_ROLLUP,NO_TRUCKFLOW_EVIDENCE,ROUTE_UNKNOWN,true,NO_CAMERA_EVIDENCE_FOUND|NO_MEASURABLE_SEGMENTS|NO_CAMERA_EVIDENCE_FOUND,2026-06-29T08:57:00,2026-06-29T14:02:00,2026-06-29T10:07:00
CTG_10233204567,,GGA752,GIRASOL,VOLCABLE_1,VOLCABLE,VOLCABLE_1,1,0,ingreso → balanza egreso,INGRESO,BALANZA_EGRESO,2026-06-29T09:23:00,2026-06-29T14:06:00,283,RIC,RIC,R5,R5,,DEDUCIDO_INFERRED_ROLLUP,NO_TRUCKFLOW_EVIDENCE,ROUTE_UNKNOWN,true,NO_CAMERA_EVIDENCE_FOUND|NO_MEASURABLE_SEGMENTS|NO_CAMERA_EVIDENCE_FOUND,2026-06-29T09:23:00,2026-06-29T14:06:00,2026-06-29T10:09:00
CTG_10133191086,,AA777EQ,GIRASOL,VOLCABLE_1,VOLCABLE,VOLCABLE_1,1,0,ingreso → balanza egreso,INGRESO,BALANZA_EGRESO,2026-06-29T09:58:00,2026-06-29T14:17:00,259,RIC,RIC,R5,R5,,DEDUCIDO_INFERRED_ROLLUP,NO_TRUCKFLOW_EVIDENCE,ROUTE_UNKNOWN,true,NO_CAMERA_EVIDENCE_FOUND|NO_MEASURABLE_SEGMENTS|NO_CAMERA_EVIDENCE_FOUND,2026-06-29T09:58:00,2026-06-29T14:17:00,2026-06-29T10:17:00
CTG_10233176959,,AA234NG,GIRASOL,VOLCABLE_1,VOLCABLE,VOLCABLE_1,1,0,ingreso → balanza egreso,INGRESO,BALANZA_EGRESO,2026-06-29T15:15:00,2026-06-29T17:53:00,158,RIC,RIC,R5,R5,,DEDUCIDO_INFERRED_ROLLUP,NO_TRUCKFLOW_EVIDENCE,ROUTE_UNKNOWN,true,NO_CAMERA_EVIDENCE_FOUND|NO_MEASURABLE_SEGMENTS|NO_CAMERA_EVIDENCE_FOUND,2026-06-29T15:15:00,2026-06-29T17:53:00,2026-06-29T16:57:00
CTG_10133202087,,EVQ156,GIRASOL,VOLCABLE_1,VOLCABLE,VOLCABLE_1,1,0,ingreso → balanza egreso,INGRESO,BALANZA_EGRESO,2026-06-29T13:53:00,2026-06-29T18:28:00,275,RIC,RIC,R5,R5,,DEDUCIDO_INFERRED_ROLLUP,NO_TRUCKFLOW_EVIDENCE,ROUTE_UNKNOWN,true,NO_CAMERA_EVIDENCE_FOUND|NO_MEASURABLE_SEGMENTS|NO_CAMERA_EVIDENCE_FOUND,2026-06-29T13:53:00,2026-06-29T18:28:00,2026-06-29T17:01:00
CTG_10233228798,,GAS911,GIRASOL,VOLCABLE_1,VOLCABLE,VOLCABLE_1,1,0,ingreso → balanza egreso,INGRESO,BALANZA_EGRESO,2026-06-29T19:07:00,2026-06-30T00:36:00,329,RIC,RIC,R5,R5,,DEDUCIDO_INFERRED_ROLLUP,NO_TRUCKFLOW_EVIDENCE,ROUTE_UNKNOWN,true,NO_CAMERA_EVIDENCE_FOUND|NO_MEASURABLE_SEGMENTS|NO_CAMERA_EVIDENCE_FOUND,2026-06-29T19:07:00,2026-06-30T00:36:00,2026-06-29T23:33:00
CTG_10233229018,,RJS888,GIRASOL,VOLCABLE_1,VOLCABLE,VOLCABLE_1,1,0,ingreso → balanza egreso,INGRESO,BALANZA_EGRESO,2026-06-29T22:19:00,2026-06-30T01:09:00,170,RIC,RIC,R5,R5,,DEDUCIDO_INFERRED_ROLLUP,NO_TRUCKFLOW_EVIDENCE,ROUTE_UNKNOWN,true,NO_CAMERA_EVIDENCE_FOUND|NO_MEASURABLE_SEGMENTS|NO_CAMERA_EVIDENCE_FOUND,2026-06-29T22:19:00,2026-06-30T01:09:00,2026-06-29T23:34:00
CTG_10133223175,,UZY860,GIRASOL,VOLCABLE_1,VOLCABLE,VOLCABLE_1,1,0,ingreso → balanza egreso,INGRESO,BALANZA_EGRESO,2026-06-29T22:28:00,2026-06-30T01:35:00,187,RIC,RIC,R5,R5,,DEDUCIDO_INFERRED_ROLLUP,NO_TRUCKFLOW_EVIDENCE,ROUTE_UNKNOWN,true,NO_CAMERA_EVIDENCE_FOUND|NO_MEASURABLE_SEGMENTS|NO_CAMERA_EVIDENCE_FOUND,2026-06-29T22:28:00,2026-06-30T01:35:00,2026-06-29T23:38:00
CTG_10233215147,,AA004UC,GIRASOL,VOLCABLE_1,VOLCABLE,VOLCABLE_1,1,0,ingreso → balanza egreso,INGRESO,BALANZA_EGRESO,2026-06-29T22:31:00,2026-06-30T01:55:00,204,RIC,RIC,R5,R5,,DEDUCIDO_INFERRED_ROLLUP,NO_TRUCKFLOW_EVIDENCE,ROUTE_UNKNOWN,true,NO_CAMERA_EVIDENCE_FOUND|NO_MEASURABLE_SEGMENTS|NO_CAMERA_EVIDENCE_FOUND,2026-06-29T22:31:00,2026-06-30T01:55:00,2026-06-29T23:42:00
CTG_10233214992,,ISX147,GIRASOL,VOLCABLE_1,VOLCABLE,VOLCABLE_1,1,0,ingreso → balanza egreso,INGRESO,BALANZA_EGRESO,2026-06-29T22:32:00,2026-06-30T02:24:00,232,RIC,RIC,R5,R5,,DEDUCIDO_INFERRED_ROLLUP,NO_TRUCKFLOW_EVIDENCE,ROUTE_UNKNOWN,true,NO_CAMERA_EVIDENCE_FOUND|NO_MEASURABLE_SEGMENTS|NO_CAMERA_EVIDENCE_FOUND,2026-06-29T22:32:00,2026-06-30T02:24:00,2026-06-29T23:45:00
CTG_10233217888,,NGE658,GIRASOL,VOLCABLE_1,VOLCABLE,VOLCABLE_1,1,0,ingreso → balanza egreso,INGRESO,BALANZA_EGRESO,2026-06-29T23:08:00,2026-06-30T02:57:00,229,RIC,RIC,R5,R5,,DEDUCIDO_INFERRED_ROLLUP,NO_TRUCKFLOW_EVIDENCE,ROUTE_UNKNOWN,true,NO_CAMERA_EVIDENCE_FOUND|NO_MEASURABLE_SEGMENTS|NO_CAMERA_EVIDENCE_FOUND,2026-06-29T23:08:00,2026-06-30T02:57:00,2026-06-29T23:47:00
CTG_10233233450,,CCT712,GIRASOL,VOLCABLE_1,VOLCABLE,VOLCABLE_1,1,0,ingreso → balanza egreso,INGRESO,BALANZA_EGRESO,2026-06-29T23:37:00,2026-06-30T04:20:00,283,RIC,RIC,R5,R5,,DEDUCIDO_INFERRED_ROLLUP,NO_TRUCKFLOW_EVIDENCE,ROUTE_UNKNOWN,true,NO_CAMERA_EVIDENCE_FOUND|NO_MEASURABLE_SEGMENTS|NO_CAMERA_EVIDENCE_FOUND,2026-06-29T23:37:00,2026-06-30T04:20:00,2026-06-30T00:04:00
CTG_10233219627,,PPC620,GIRASOL,VOLCABLE_1,VOLCABLE,VOLCABLE_1,1,0,ingreso → balanza egreso,INGRESO,BALANZA_EGRESO,2026-06-30T00:39:00,2026-06-30T06:32:00,353,RIC,RIC,R5,R5,,DEDUCIDO_INFERRED_ROLLUP,NO_TRUCKFLOW_EVIDENCE,ROUTE_UNKNOWN,true,NO_CAMERA_EVIDENCE_FOUND|NO_MEASURABLE_SEGMENTS|NO_CAMERA_EVIDENCE_FOUND,2026-06-30T00:39:00,2026-06-30T06:32:00,2026-06-30T05:11:00
CTG_10233232096,,FMU968,GIRASOL,VOLCABLE_1,VOLCABLE,VOLCABLE_1,1,0,ingreso → balanza egreso,INGRESO,BALANZA_EGRESO,2026-06-30T01:12:00,2026-06-30T07:24:00,372,RIC,RIC,R5,R5,,DEDUCIDO_INFERRED_ROLLUP,NO_TRUCKFLOW_EVIDENCE,ROUTE_UNKNOWN,true,NO_CAMERA_EVIDENCE_FOUND|NO_MEASURABLE_SEGMENTS|NO_CAMERA_EVIDENCE_FOUND,2026-06-30T01:12:00,2026-06-30T07:24:00,2026-06-30T05:13:00
CTG_10233233875,,EQM498,GIRASOL,VOLCABLE_1,VOLCABLE,VOLCABLE_1,1,0,ingreso → balanza egreso,INGRESO,BALANZA_EGRESO,2026-06-30T02:12:00,2026-06-30T07:56:00,344,RIC,RIC,R5,R5,,DEDUCIDO_INFERRED_ROLLUP,NO_TRUCKFLOW_EVIDENCE,ROUTE_UNKNOWN,true,NO_CAMERA_EVIDENCE_FOUND|NO_MEASURABLE_SEGMENTS|NO_CAMERA_EVIDENCE_FOUND,2026-06-30T02:12:00,2026-06-30T07:56:00,2026-06-30T05:14:00
CTG_10233222538,,UQA472,GIRASOL,VOLCABLE_1,VOLCABLE,VOLCABLE_1,1,0,ingreso → balanza egreso,INGRESO,BALANZA_EGRESO,2026-06-30T01:05:00,2026-06-30T08:32:00,447,RIC,RIC,R5,R5,,DEDUCIDO_INFERRED_ROLLUP,NO_TRUCKFLOW_EVIDENCE,ROUTE_UNKNOWN,true,NO_CAMERA_EVIDENCE_FOUND|NO_MEASURABLE_SEGMENTS|NO_CAMERA_EVIDENCE_FOUND,2026-06-30T01:05:00,2026-06-30T08:32:00,2026-06-30T05:18:00
CTG_10233226404,,FHC341,GIRASOL,VOLCABLE_1,VOLCABLE,VOLCABLE_1,1,0,ingreso → balanza egreso,INGRESO,BALANZA_EGRESO,2026-06-30T07:22:00,2026-06-30T10:02:00,160,RIC,RIC,R5,R5,,DEDUCIDO_INFERRED_ROLLUP,NO_TRUCKFLOW_EVIDENCE,ROUTE_UNKNOWN,true,NO_CAMERA_EVIDENCE_FOUND|NO_MEASURABLE_SEGMENTS|NO_CAMERA_EVIDENCE_FOUND,2026-06-30T07:22:00,2026-06-30T10:02:00,2026-06-30T09:18:00
CTG_10133228846,,AI211ER,GIRASOL,VOLCABLE_1,VOLCABLE,VOLCABLE_1,1,0,ingreso → balanza egreso,INGRESO,BALANZA_EGRESO,2026-06-30T07:55:00,2026-06-30T10:42:00,167,RIC,RIC,R5,R5,,DEDUCIDO_INFERRED_ROLLUP,NO_TRUCKFLOW_EVIDENCE,ROUTE_UNKNOWN,true,NO_CAMERA_EVIDENCE_FOUND|NO_MEASURABLE_SEGMENTS|NO_CAMERA_EVIDENCE_FOUND,2026-06-30T07:55:00,2026-06-30T10:42:00,2026-06-30T09:20:00
CTG_10233224838,,AE356VT,GIRASOL,VOLCABLE_1,VOLCABLE,VOLCABLE_1,1,0,ingreso → balanza egreso,INGRESO,BALANZA_EGRESO,2026-06-30T08:30:00,2026-06-30T11:13:00,163,RIC,RIC,R5,R5,,DEDUCIDO_INFERRED_ROLLUP,NO_TRUCKFLOW_EVIDENCE,ROUTE_UNKNOWN,true,NO_CAMERA_EVIDENCE_FOUND|NO_MEASURABLE_SEGMENTS|NO_CAMERA_EVIDENCE_FOUND,2026-06-30T08:30:00,2026-06-30T11:13:00,2026-06-30T09:22:00
CTG_10133235381,,EVQ156,GIRASOL,VOLCABLE_1,VOLCABLE,VOLCABLE_1,1,0,ingreso → balanza egreso,INGRESO,BALANZA_EGRESO,2026-06-30T14:46:00,2026-06-30T20:52:00,366,RIC,RIC,R5,R5,,DEDUCIDO_INFERRED_ROLLUP,NO_TRUCKFLOW_EVIDENCE,ROUTE_UNKNOWN,true,NO_CAMERA_EVIDENCE_FOUND|NO_MEASURABLE_SEGMENTS|NO_CAMERA_EVIDENCE_FOUND,2026-06-30T14:46:00,2026-06-30T20:52:00,2026-06-30T19:49:00
CTG_10233244393,,AB114CN,GIRASOL,VOLCABLE_1,VOLCABLE,VOLCABLE_1,1,0,ingreso → balanza egreso,INGRESO,BALANZA_EGRESO,2026-06-30T22:10:00,2026-07-01T00:03:00,113,RIC,RIC,R5,R5,,DEDUCIDO_INFERRED_ROLLUP,NO_TRUCKFLOW_EVIDENCE,ROUTE_UNKNOWN,true,NO_CAMERA_EVIDENCE_FOUND|NO_MEASURABLE_SEGMENTS|NO_CAMERA_EVIDENCE_FOUND,2026-06-30T22:10:00,2026-07-01T00:03:00,2026-06-30T22:40:00
CTG_10233239514,,HCT170,GIRASOL,VOLCABLE_1,VOLCABLE,VOLCABLE_1,1,0,ingreso → balanza egreso,INGRESO,BALANZA_EGRESO,2026-06-30T22:11:00,2026-07-01T00:47:00,156,RIC,RIC,R5,R5,,DEDUCIDO_INFERRED_ROLLUP,NO_TRUCKFLOW_EVIDENCE,ROUTE_UNKNOWN,true,NO_CAMERA_EVIDENCE_FOUND|NO_MEASURABLE_SEGMENTS|NO_CAMERA_EVIDENCE_FOUND,2026-06-30T22:11:00,2026-07-01T00:47:00,2026-06-30T22:46:00
CTG_10233240766,,FSS628,GIRASOL,VOLCABLE_1,VOLCABLE,VOLCABLE_1,1,0,ingreso → balanza egreso,INGRESO,BALANZA_EGRESO,2026-06-30T22:27:00,2026-07-01T01:22:00,175,RIC,RIC,R5,R5,,DEDUCIDO_INFERRED_ROLLUP,NO_TRUCKFLOW_EVIDENCE,ROUTE_UNKNOWN,true,NO_CAMERA_EVIDENCE_FOUND|NO_MEASURABLE_SEGMENTS|NO_CAMERA_EVIDENCE_FOUND,2026-06-30T22:27:00,2026-07-01T01:22:00,2026-06-30T23:26:00
CTG_10133246442,,GFE112,GIRASOL,VOLCABLE_1,VOLCABLE,VOLCABLE_1,1,0,ingreso → balanza egreso,INGRESO,BALANZA_EGRESO,2026-07-01T01:14:00,2026-07-01T06:27:00,313,RIC,RIC,R5,R5,,DEDUCIDO_INFERRED_ROLLUP,NO_TRUCKFLOW_EVIDENCE,ROUTE_UNKNOWN,true,NO_CAMERA_EVIDENCE_FOUND|NO_MEASURABLE_SEGMENTS|NO_CAMERA_EVIDENCE_FOUND,2026-07-01T01:14:00,2026-07-01T06:27:00,2026-07-01T04:59:00
CTG_10133248096,,OMJ593,GIRASOL,VOLCABLE_1,VOLCABLE,VOLCABLE_1,1,0,ingreso → balanza egreso,INGRESO,BALANZA_EGRESO,2026-07-01T01:11:00,2026-07-01T07:22:00,371,RIC,RIC,R5,R5,,DEDUCIDO_INFERRED_ROLLUP,NO_TRUCKFLOW_EVIDENCE,ROUTE_UNKNOWN,true,NO_CAMERA_EVIDENCE_FOUND|NO_MEASURABLE_SEGMENTS|NO_CAMERA_EVIDENCE_FOUND,2026-07-01T01:11:00,2026-07-01T07:22:00,2026-07-01T05:01:00
CTG_10133261526,,AE950IJ,GIRASOL,VOLCABLE_1,VOLCABLE,VOLCABLE_1,1,0,ingreso → balanza egreso,INGRESO,BALANZA_EGRESO,2026-07-01T01:51:00,2026-07-01T07:47:00,356,RIC,RIC,R5,R5,,DEDUCIDO_INFERRED_ROLLUP,NO_TRUCKFLOW_EVIDENCE,ROUTE_UNKNOWN,true,NO_CAMERA_EVIDENCE_FOUND|NO_MEASURABLE_SEGMENTS|NO_CAMERA_EVIDENCE_FOUND,2026-07-01T01:51:00,2026-07-01T07:47:00,2026-07-01T05:03:00
CTG_10233252618,,VDB780,GIRASOL,VOLCABLE_1,VOLCABLE,VOLCABLE_1,1,0,ingreso → balanza egreso,INGRESO,BALANZA_EGRESO,2026-07-01T03:02:00,2026-07-01T08:23:00,321,RIC,RIC,R5,R5,,DEDUCIDO_INFERRED_ROLLUP,NO_TRUCKFLOW_EVIDENCE,ROUTE_UNKNOWN,true,NO_CAMERA_EVIDENCE_FOUND|NO_MEASURABLE_SEGMENTS|NO_CAMERA_EVIDENCE_FOUND,2026-07-01T03:02:00,2026-07-01T08:23:00,2026-07-01T05:04:00
CTG_10133254882,,AH464JB,GIRASOL,VOLCABLE_1,VOLCABLE,VOLCABLE_1,1,0,ingreso → balanza egreso,INGRESO,BALANZA_EGRESO,2026-07-01T05:48:00,2026-07-01T09:31:00,223,RIC,RIC,R5,R5,,DEDUCIDO_INFERRED_ROLLUP,NO_TRUCKFLOW_EVIDENCE,ROUTE_UNKNOWN,true,NO_CAMERA_EVIDENCE_FOUND|NO_MEASURABLE_SEGMENTS|NO_CAMERA_EVIDENCE_FOUND,2026-07-01T05:48:00,2026-07-01T09:31:00,2026-07-01T08:34:00
CTG_10233255165,,HQM403,GIRASOL,VOLCABLE_1,VOLCABLE,VOLCABLE_1,1,0,ingreso → balanza egreso,INGRESO,BALANZA_EGRESO,2026-07-01T06:12:00,2026-07-01T10:03:00,231,RIC,RIC,R5,R5,,DEDUCIDO_INFERRED_ROLLUP,NO_TRUCKFLOW_EVIDENCE,ROUTE_UNKNOWN,true,NO_CAMERA_EVIDENCE_FOUND|NO_MEASURABLE_SEGMENTS|NO_CAMERA_EVIDENCE_FOUND,2026-07-01T06:12:00,2026-07-01T10:03:00,2026-07-01T08:38:00
CTG_10133259729,,FED895,GIRASOL,VOLCABLE_1,VOLCABLE,VOLCABLE_1,1,0,ingreso → balanza egreso,INGRESO,BALANZA_EGRESO,2026-07-01T06:17:00,2026-07-01T10:32:00,255,RIC,RIC,R5,R5,,DEDUCIDO_INFERRED_ROLLUP,NO_TRUCKFLOW_EVIDENCE,ROUTE_UNKNOWN,true,NO_CAMERA_EVIDENCE_FOUND|NO_MEASURABLE_SEGMENTS|NO_CAMERA_EVIDENCE_FOUND,2026-07-01T06:17:00,2026-07-01T10:32:00,2026-07-01T08:41:00
CTG_10133260096,,OJM438,GIRASOL,VOLCABLE_1,VOLCABLE,VOLCABLE_1,1,0,ingreso → balanza egreso,INGRESO,BALANZA_EGRESO,2026-07-01T06:17:00,2026-07-01T10:56:00,279,RIC,RIC,R5,R5,,DEDUCIDO_INFERRED_ROLLUP,NO_TRUCKFLOW_EVIDENCE,ROUTE_UNKNOWN,true,NO_CAMERA_EVIDENCE_FOUND|NO_MEASURABLE_SEGMENTS|NO_CAMERA_EVIDENCE_FOUND,2026-07-01T06:17:00,2026-07-01T10:56:00,2026-07-01T08:43:00
CTG_10233252126,,AA168HR,GIRASOL,VOLCABLE_1,VOLCABLE,VOLCABLE_1,1,0,ingreso → balanza egreso,INGRESO,BALANZA_EGRESO,2026-07-01T07:31:00,2026-07-01T11:21:00,230,RIC,RIC,R5,R5,,DEDUCIDO_INFERRED_ROLLUP,NO_TRUCKFLOW_EVIDENCE,ROUTE_UNKNOWN,true,NO_CAMERA_EVIDENCE_FOUND|NO_MEASURABLE_SEGMENTS|NO_CAMERA_EVIDENCE_FOUND,2026-07-01T07:31:00,2026-07-01T11:21:00,2026-07-01T08:45:00
CTG_10133261182,,BJW186,GIRASOL,VOLCABLE_1,VOLCABLE,VOLCABLE_1,1,0,ingreso → balanza egreso,INGRESO,BALANZA_EGRESO,2026-07-01T07:35:00,2026-07-01T11:43:00,248,RIC,RIC,R5,R5,,DEDUCIDO_INFERRED_ROLLUP,NO_TRUCKFLOW_EVIDENCE,ROUTE_UNKNOWN,true,NO_CAMERA_EVIDENCE_FOUND|NO_MEASURABLE_SEGMENTS|NO_CAMERA_EVIDENCE_FOUND,2026-07-01T07:35:00,2026-07-01T11:43:00,2026-07-01T08:49:00
CTG_10233251895,,GWZ914,GIRASOL,VOLCABLE_1,VOLCABLE,VOLCABLE_1,1,0,ingreso → balanza egreso,INGRESO,BALANZA_EGRESO,2026-07-01T08:35:00,2026-07-01T13:14:00,279,RIC,RIC,R5,R5,,DEDUCIDO_INFERRED_ROLLUP,NO_TRUCKFLOW_EVIDENCE,ROUTE_UNKNOWN,true,NO_CAMERA_EVIDENCE_FOUND|NO_MEASURABLE_SEGMENTS|NO_CAMERA_EVIDENCE_FOUND,2026-07-01T08:35:00,2026-07-01T13:14:00,2026-07-01T11:34:00
CTG_10133251412,,RUK779,GIRASOL,VOLCABLE_1,VOLCABLE,VOLCABLE_1,1,0,ingreso → balanza egreso,INGRESO,BALANZA_EGRESO,2026-07-01T08:36:00,2026-07-01T13:45:00,309,RIC,RIC,R5,R5,,DEDUCIDO_INFERRED_ROLLUP,NO_TRUCKFLOW_EVIDENCE,ROUTE_UNKNOWN,true,NO_CAMERA_EVIDENCE_FOUND|NO_MEASURABLE_SEGMENTS|NO_CAMERA_EVIDENCE_FOUND,2026-07-01T08:36:00,2026-07-01T13:45:00,2026-07-01T11:36:00
CTG_10233240088,,EMJ465,GIRASOL,VOLCABLE_1,VOLCABLE,VOLCABLE_1,1,0,ingreso → balanza egreso,INGRESO,BALANZA_EGRESO,2026-07-01T08:40:00,2026-07-01T14:07:00,327,RIC,RIC,R5,R5,,DEDUCIDO_INFERRED_ROLLUP,NO_TRUCKFLOW_EVIDENCE,ROUTE_UNKNOWN,true,NO_CAMERA_EVIDENCE_FOUND|NO_MEASURABLE_SEGMENTS|NO_CAMERA_EVIDENCE_FOUND,2026-07-01T08:40:00,2026-07-01T14:07:00,2026-07-01T11:38:00
CTG_10133260008,,ILW482,GIRASOL,VOLCABLE_1,VOLCABLE,VOLCABLE_1,1,0,ingreso → balanza egreso,INGRESO,BALANZA_EGRESO,2026-07-01T08:43:00,2026-07-01T14:20:00,337,RIC,RIC,R5,R5,,DEDUCIDO_INFERRED_ROLLUP,NO_TRUCKFLOW_EVIDENCE,ROUTE_UNKNOWN,true,NO_CAMERA_EVIDENCE_FOUND|NO_MEASURABLE_SEGMENTS|NO_CAMERA_EVIDENCE_FOUND,2026-07-01T08:43:00,2026-07-01T14:20:00,2026-07-01T11:40:00
CTG_10233251891,,AB306AB,GIRASOL,VOLCABLE_1,VOLCABLE,VOLCABLE_1,1,0,ingreso → balanza egreso,INGRESO,BALANZA_EGRESO,2026-07-01T10:34:00,2026-07-01T14:51:00,257,RIC,RIC,R5,R5,,DEDUCIDO_INFERRED_ROLLUP,NO_TRUCKFLOW_EVIDENCE,ROUTE_UNKNOWN,true,NO_CAMERA_EVIDENCE_FOUND|NO_MEASURABLE_SEGMENTS|NO_CAMERA_EVIDENCE_FOUND,2026-07-01T10:34:00,2026-07-01T14:51:00,2026-07-01T11:41:00
CTG_10233267528,,TRJ428,GIRASOL,VOLCABLE_1,VOLCABLE,VOLCABLE_1,1,0,ingreso → balanza egreso,INGRESO,BALANZA_EGRESO,2026-07-01T11:21:00,2026-07-01T15:16:00,235,RIC,RIC,R5,R5,,DEDUCIDO_INFERRED_ROLLUP,NO_TRUCKFLOW_EVIDENCE,ROUTE_UNKNOWN,true,NO_CAMERA_EVIDENCE_FOUND|NO_MEASURABLE_SEGMENTS|NO_CAMERA_EVIDENCE_FOUND,2026-07-01T11:21:00,2026-07-01T15:16:00,2026-07-01T11:43:00
CTG_10133258500,,AA996NH,GIRASOL,VOLCABLE_1,VOLCABLE,VOLCABLE_1,1,0,ingreso → balanza egreso,INGRESO,BALANZA_EGRESO,2026-07-01T12:24:00,2026-07-01T15:39:00,195,RIC,RIC,R5,R5,,DEDUCIDO_INFERRED_ROLLUP,NO_TRUCKFLOW_EVIDENCE,ROUTE_UNKNOWN,true,NO_CAMERA_EVIDENCE_FOUND|NO_MEASURABLE_SEGMENTS|NO_CAMERA_EVIDENCE_FOUND,2026-07-01T12:24:00,2026-07-01T15:39:00,2026-07-01T13:12:00
CTG_10233267652,,AC552SN,GIRASOL,VOLCABLE_1,VOLCABLE,VOLCABLE_1,1,0,ingreso → balanza egreso,INGRESO,BALANZA_EGRESO,2026-07-01T12:37:00,2026-07-01T16:24:00,227,RIC,RIC,R5,R5,,DEDUCIDO_INFERRED_ROLLUP,NO_TRUCKFLOW_EVIDENCE,ROUTE_UNKNOWN,true,NO_CAMERA_EVIDENCE_FOUND|NO_MEASURABLE_SEGMENTS|NO_CAMERA_EVIDENCE_FOUND,2026-07-01T12:37:00,2026-07-01T16:24:00,2026-07-01T13:14:00
CTG_10133265611,,FYH612,GIRASOL,VOLCABLE_1,VOLCABLE,VOLCABLE_1,1,0,ingreso → balanza egreso,INGRESO,BALANZA_EGRESO,2026-07-01T14:58:00,2026-07-01T17:34:00,156,RIC,RIC,R5,R5,,DEDUCIDO_INFERRED_ROLLUP,NO_TRUCKFLOW_EVIDENCE,ROUTE_UNKNOWN,true,NO_CAMERA_EVIDENCE_FOUND|NO_MEASURABLE_SEGMENTS|NO_CAMERA_EVIDENCE_FOUND,2026-07-01T14:58:00,2026-07-01T17:34:00,2026-07-01T16:55:00
CTG_10133268908,,KEA465,GIRASOL,VOLCABLE_1,VOLCABLE,VOLCABLE_1,1,0,ingreso → balanza egreso,INGRESO,BALANZA_EGRESO,2026-07-01T13:55:00,2026-07-01T17:56:00,241,RIC,RIC,R5,R5,,DEDUCIDO_INFERRED_ROLLUP,NO_TRUCKFLOW_EVIDENCE,ROUTE_UNKNOWN,true,NO_CAMERA_EVIDENCE_FOUND|NO_MEASURABLE_SEGMENTS|NO_CAMERA_EVIDENCE_FOUND,2026-07-01T13:55:00,2026-07-01T17:56:00,2026-07-01T16:54:00
CTG_10233252132,,SNA328,GIRASOL,VOLCABLE_1,VOLCABLE,VOLCABLE_1,1,0,ingreso → balanza egreso,INGRESO,BALANZA_EGRESO,2026-07-01T15:12:00,2026-07-01T18:19:00,187,RIC,RIC,R5,R5,,DEDUCIDO_INFERRED_ROLLUP,NO_TRUCKFLOW_EVIDENCE,ROUTE_UNKNOWN,true,NO_CAMERA_EVIDENCE_FOUND|NO_MEASURABLE_SEGMENTS|NO_CAMERA_EVIDENCE_FOUND,2026-07-01T15:12:00,2026-07-01T18:19:00,2026-07-01T16:57:00
CTG_10133247345,,EVN452,GIRASOL,VOLCABLE_1,VOLCABLE,VOLCABLE_1,1,0,ingreso → balanza egreso,INGRESO,BALANZA_EGRESO,2026-07-01T16:27:00,2026-07-01T19:04:00,157,RIC,RIC,R5,R5,,DEDUCIDO_INFERRED_ROLLUP,NO_TRUCKFLOW_EVIDENCE,ROUTE_UNKNOWN,true,NO_CAMERA_EVIDENCE_FOUND|NO_MEASURABLE_SEGMENTS|NO_CAMERA_EVIDENCE_FOUND,2026-07-01T16:27:00,2026-07-01T19:04:00,2026-07-01T16:59:00
CTG_10133247834,,AA807HC,GIRASOL,VOLCABLE_1,VOLCABLE,VOLCABLE_1,1,0,ingreso → balanza egreso,INGRESO,BALANZA_EGRESO,2026-07-01T19:38:00,2026-07-01T22:38:00,180,RIC,RIC,R5,R5,,DEDUCIDO_INFERRED_ROLLUP,NO_TRUCKFLOW_EVIDENCE,ROUTE_UNKNOWN,true,NO_CAMERA_EVIDENCE_FOUND|NO_MEASURABLE_SEGMENTS|NO_CAMERA_EVIDENCE_FOUND,2026-07-01T19:38:00,2026-07-01T22:38:00,2026-07-01T21:54:00
CTG_10133247632,,KZR607,GIRASOL,VOLCABLE_1,VOLCABLE,VOLCABLE_1,1,0,ingreso → balanza egreso,INGRESO,BALANZA_EGRESO,2026-07-01T20:10:00,2026-07-01T23:05:00,175,RIC,RIC,R5,R5,,DEDUCIDO_INFERRED_ROLLUP,NO_TRUCKFLOW_EVIDENCE,ROUTE_UNKNOWN,true,NO_CAMERA_EVIDENCE_FOUND|NO_MEASURABLE_SEGMENTS|NO_CAMERA_EVIDENCE_FOUND,2026-07-01T20:10:00,2026-07-01T23:05:00,2026-07-01T21:56:00
CTG_10133279108,,LQY813,GIRASOL,VOLCABLE_1,VOLCABLE,VOLCABLE_1,1,0,ingreso → balanza egreso,INGRESO,BALANZA_EGRESO,2026-07-01T20:24:00,2026-07-01T23:35:00,191,RIC,RIC,R5,R5,,DEDUCIDO_INFERRED_ROLLUP,NO_TRUCKFLOW_EVIDENCE,ROUTE_UNKNOWN,true,NO_CAMERA_EVIDENCE_FOUND|NO_MEASURABLE_SEGMENTS|NO_CAMERA_EVIDENCE_FOUND,2026-07-01T20:24:00,2026-07-01T23:35:00,2026-07-01T21:58:00
CTG_10233275332,,AA757WD,GIRASOL,VOLCABLE_1,VOLCABLE,VOLCABLE_1,1,0,ingreso → balanza egreso,INGRESO,BALANZA_EGRESO,2026-07-01T22:31:00,2026-07-02T00:23:00,112,RIC,RIC,R5,R5,,DEDUCIDO_INFERRED_ROLLUP,NO_TRUCKFLOW_EVIDENCE,ROUTE_UNKNOWN,true,NO_CAMERA_EVIDENCE_FOUND|NO_MEASURABLE_SEGMENTS|NO_CAMERA_EVIDENCE_FOUND,2026-07-01T22:31:00,2026-07-02T00:23:00,2026-07-01T23:24:00
CTG_10233285164,,AB114CN,GIRASOL,VOLCABLE_1,VOLCABLE,VOLCABLE_1,1,0,ingreso → balanza egreso,INGRESO,BALANZA_EGRESO,2026-07-01T23:45:00,2026-07-02T01:21:00,96,RIC,RIC,R5,R5,,DEDUCIDO_INFERRED_ROLLUP,NO_TRUCKFLOW_EVIDENCE,ROUTE_UNKNOWN,true,NO_CAMERA_EVIDENCE_FOUND|NO_MEASURABLE_SEGMENTS|NO_CAMERA_EVIDENCE_FOUND,2026-07-01T23:45:00,2026-07-02T01:21:00,2026-07-02T00:50:00
CTG_10133299947,,LVN867,GIRASOL,VOLCABLE_1,VOLCABLE,VOLCABLE_1,1,0,ingreso → balanza egreso,INGRESO,BALANZA_EGRESO,2026-07-01T23:50:00,2026-07-02T01:35:00,105,RIC,RIC,R5,R5,,DEDUCIDO_INFERRED_ROLLUP,NO_TRUCKFLOW_EVIDENCE,ROUTE_UNKNOWN,true,NO_CAMERA_EVIDENCE_FOUND|NO_MEASURABLE_SEGMENTS|NO_CAMERA_EVIDENCE_FOUND,2026-07-01T23:50:00,2026-07-02T01:35:00,2026-07-02T00:52:00
CTG_10133300005,,MIC938,GIRASOL,VOLCABLE_1,VOLCABLE,VOLCABLE_1,1,0,ingreso → balanza egreso,INGRESO,BALANZA_EGRESO,2026-07-01T23:51:00,2026-07-02T02:07:00,136,RIC,RIC,R5,R5,,DEDUCIDO_INFERRED_ROLLUP,NO_TRUCKFLOW_EVIDENCE,ROUTE_UNKNOWN,true,NO_CAMERA_EVIDENCE_FOUND|NO_MEASURABLE_SEGMENTS|NO_CAMERA_EVIDENCE_FOUND,2026-07-01T23:51:00,2026-07-02T02:07:00,2026-07-02T00:53:00
CTG_10133300059,,NPA645,GIRASOL,VOLCABLE_1,VOLCABLE,VOLCABLE_1,1,0,ingreso → balanza egreso,INGRESO,BALANZA_EGRESO,2026-07-01T23:53:00,2026-07-02T02:21:00,148,RIC,RIC,R5,R5,,DEDUCIDO_INFERRED_ROLLUP,NO_TRUCKFLOW_EVIDENCE,ROUTE_UNKNOWN,true,NO_CAMERA_EVIDENCE_FOUND|NO_MEASURABLE_SEGMENTS|NO_CAMERA_EVIDENCE_FOUND,2026-07-01T23:53:00,2026-07-02T02:21:00,2026-07-02T00:55:00
CTG_10133300177,,DMF194,GIRASOL,VOLCABLE_1,VOLCABLE,VOLCABLE_1,1,0,ingreso → balanza egreso,INGRESO,BALANZA_EGRESO,2026-07-01T23:55:00,2026-07-02T02:51:00,176,RIC,RIC,R5,R5,,DEDUCIDO_INFERRED_ROLLUP,NO_TRUCKFLOW_EVIDENCE,ROUTE_UNKNOWN,true,NO_CAMERA_EVIDENCE_FOUND|NO_MEASURABLE_SEGMENTS|NO_CAMERA_EVIDENCE_FOUND,2026-07-01T23:55:00,2026-07-02T02:51:00,2026-07-02T00:58:00
CTG_10133300472,,GOJ132,GIRASOL,VOLCABLE_1,VOLCABLE,VOLCABLE_1,1,0,ingreso → balanza egreso,INGRESO,BALANZA_EGRESO,2026-07-02T00:36:00,2026-07-02T03:18:00,162,RIC,RIC,R5,R5,,DEDUCIDO_INFERRED_ROLLUP,NO_TRUCKFLOW_EVIDENCE,ROUTE_UNKNOWN,true,NO_CAMERA_EVIDENCE_FOUND|NO_MEASURABLE_SEGMENTS|NO_CAMERA_EVIDENCE_FOUND,2026-07-02T00:36:00,2026-07-02T03:18:00,2026-07-02T00:56:00
CTG_10133292229,,FMU968,GIRASOL,VOLCABLE_1,VOLCABLE,VOLCABLE_1,1,0,ingreso → balanza egreso,INGRESO,BALANZA_EGRESO,2026-07-02T00:40:00,2026-07-02T03:55:00,195,RIC,RIC,R5,R5,,DEDUCIDO_INFERRED_ROLLUP,NO_TRUCKFLOW_EVIDENCE,ROUTE_UNKNOWN,true,NO_CAMERA_EVIDENCE_FOUND|NO_MEASURABLE_SEGMENTS|NO_CAMERA_EVIDENCE_FOUND,2026-07-02T00:40:00,2026-07-02T03:55:00,2026-07-02T01:00:00
CTG_10233279991,,HQV005,GIRASOL,VOLCABLE_1,VOLCABLE,VOLCABLE_1,1,0,ingreso → balanza egreso,INGRESO,BALANZA_EGRESO,2026-07-02T00:46:00,2026-07-02T05:42:00,296,RIC,RIC,R5,R5,,DEDUCIDO_INFERRED_ROLLUP,NO_TRUCKFLOW_EVIDENCE,ROUTE_UNKNOWN,true,NO_CAMERA_EVIDENCE_FOUND|NO_MEASURABLE_SEGMENTS|NO_CAMERA_EVIDENCE_FOUND,2026-07-02T00:46:00,2026-07-02T05:42:00,2026-07-02T05:00:00
CTG_10133300280,,GFY939,GIRASOL,VOLCABLE_2,VOLCABLE,VOLCABLE_2,1,0,ingreso → balanza egreso,INGRESO,BALANZA_EGRESO,2026-07-02T01:07:00,2026-07-02T05:59:00,292,RIC,RIC,R6,R6,,DEDUCIDO_INFERRED_ROLLUP,NO_TRUCKFLOW_EVIDENCE,ROUTE_UNKNOWN,true,NO_CAMERA_EVIDENCE_FOUND|NO_MEASURABLE_SEGMENTS|NO_CAMERA_EVIDENCE_FOUND,2026-07-02T01:07:00,2026-07-02T05:59:00,2026-07-02T05:05:00
CTG_10133279630,,AH107TB,GIRASOL,VOLCABLE_1,VOLCABLE,VOLCABLE_1,1,0,ingreso → balanza egreso,INGRESO,BALANZA_EGRESO,2026-07-02T00:47:00,2026-07-02T07:23:00,396,RIC,RIC,R5,R5,,DEDUCIDO_INFERRED_ROLLUP,NO_TRUCKFLOW_EVIDENCE,ROUTE_UNKNOWN,true,NO_CAMERA_EVIDENCE_FOUND|NO_MEASURABLE_SEGMENTS|NO_CAMERA_EVIDENCE_FOUND,2026-07-02T00:47:00,2026-07-02T07:23:00,2026-07-02T05:02:00
CTG_10133299861,,TRK280,GIRASOL,VOLCABLE_2,VOLCABLE,VOLCABLE_2,1,0,ingreso → balanza egreso,INGRESO,BALANZA_EGRESO,2026-07-02T01:14:00,2026-07-02T07:25:00,371,RIC,RIC,R6,R6,,DEDUCIDO_INFERRED_ROLLUP,NO_TRUCKFLOW_EVIDENCE,ROUTE_UNKNOWN,true,NO_CAMERA_EVIDENCE_FOUND|NO_MEASURABLE_SEGMENTS|NO_CAMERA_EVIDENCE_FOUND,2026-07-02T01:14:00,2026-07-02T07:25:00,2026-07-02T05:06:00
CTG_10133299732,,TRK284,GIRASOL,VOLCABLE_2,VOLCABLE,VOLCABLE_2,1,0,ingreso → balanza egreso,INGRESO,BALANZA_EGRESO,2026-07-02T01:13:00,2026-07-02T07:29:00,376,RIC,RIC,R6,R6,,DEDUCIDO_INFERRED_ROLLUP,NO_TRUCKFLOW_EVIDENCE,ROUTE_UNKNOWN,true,NO_CAMERA_EVIDENCE_FOUND|NO_MEASURABLE_SEGMENTS|NO_CAMERA_EVIDENCE_FOUND,2026-07-02T01:13:00,2026-07-02T07:29:00,2026-07-02T05:08:00
CTG_10133247914,,THD877,GIRASOL,VOLCABLE_2,VOLCABLE,VOLCABLE_2,1,0,ingreso → balanza egreso,INGRESO,BALANZA_EGRESO,2026-07-02T01:21:00,2026-07-02T07:50:00,389,RIC,RIC,R6,R6,,DEDUCIDO_INFERRED_ROLLUP,NO_TRUCKFLOW_EVIDENCE,ROUTE_UNKNOWN,true,NO_CAMERA_EVIDENCE_FOUND|NO_MEASURABLE_SEGMENTS|NO_CAMERA_EVIDENCE_FOUND,2026-07-02T01:21:00,2026-07-02T07:50:00,2026-07-02T05:10:00
CTG_10133295813,,JXL952,GIRASOL,VOLCABLE_1,VOLCABLE,VOLCABLE_1,1,0,ingreso → balanza egreso,INGRESO,BALANZA_EGRESO,2026-07-02T02:32:00,2026-07-02T08:13:00,341,RIC,RIC,R5,R5,,DEDUCIDO_INFERRED_ROLLUP,NO_TRUCKFLOW_EVIDENCE,ROUTE_UNKNOWN,true,NO_CAMERA_EVIDENCE_FOUND|NO_MEASURABLE_SEGMENTS|NO_CAMERA_EVIDENCE_FOUND,2026-07-02T02:32:00,2026-07-02T08:13:00,2026-07-02T05:12:00
CTG_10133275631,,SBR876,GIRASOL,VOLCABLE_2,VOLCABLE,VOLCABLE_2,1,0,ingreso → balanza egreso,INGRESO,BALANZA_EGRESO,2026-07-02T02:33:00,2026-07-02T08:33:00,360,RIC,RIC,R6,R6,,DEDUCIDO_INFERRED_ROLLUP,NO_TRUCKFLOW_EVIDENCE,ROUTE_UNKNOWN,true,NO_CAMERA_EVIDENCE_FOUND|NO_MEASURABLE_SEGMENTS|NO_CAMERA_EVIDENCE_FOUND,2026-07-02T02:33:00,2026-07-02T08:33:00,2026-07-02T05:14:00
CTG_10233296823,,AE718SB,GIRASOL,VOLCABLE_1,VOLCABLE,VOLCABLE_1,1,0,ingreso → balanza egreso,INGRESO,BALANZA_EGRESO,2026-07-02T02:32:00,2026-07-02T08:48:00,376,RIC,RIC,R5,R5,,DEDUCIDO_INFERRED_ROLLUP,NO_TRUCKFLOW_EVIDENCE,ROUTE_UNKNOWN,true,NO_CAMERA_EVIDENCE_FOUND|NO_MEASURABLE_SEGMENTS|NO_CAMERA_EVIDENCE_FOUND,2026-07-02T02:32:00,2026-07-02T08:48:00,2026-07-02T05:15:00
CTG_10133300426,,JXE484,GIRASOL,VOLCABLE_2,VOLCABLE,VOLCABLE_2,1,0,ingreso → balanza egreso,INGRESO,BALANZA_EGRESO,2026-07-02T03:07:00,2026-07-02T08:58:00,351,RIC,RIC,R6,R6,,DEDUCIDO_INFERRED_ROLLUP,NO_TRUCKFLOW_EVIDENCE,ROUTE_UNKNOWN,true,NO_CAMERA_EVIDENCE_FOUND|NO_MEASURABLE_SEGMENTS|NO_CAMERA_EVIDENCE_FOUND,2026-07-02T03:07:00,2026-07-02T08:58:00,2026-07-02T05:18:00
CTG_10133300232,,IPM074,GIRASOL,VOLCABLE_2,VOLCABLE,VOLCABLE_2,1,0,ingreso → balanza egreso,INGRESO,BALANZA_EGRESO,2026-07-02T04:03:00,2026-07-02T09:12:00,309,RIC,RIC,R6,R6,,DEDUCIDO_INFERRED_ROLLUP,NO_TRUCKFLOW_EVIDENCE,ROUTE_UNKNOWN,true,NO_CAMERA_EVIDENCE_FOUND|NO_MEASURABLE_SEGMENTS|NO_CAMERA_EVIDENCE_FOUND,2026-07-02T04:03:00,2026-07-02T09:12:00,2026-07-02T05:21:00
CTG_10133300507,,MMO233,GIRASOL,VOLCABLE_1,VOLCABLE,VOLCABLE_1,1,0,ingreso → balanza egreso,INGRESO,BALANZA_EGRESO,2026-07-02T03:08:00,2026-07-02T09:31:00,383,RIC,RIC,R5,R5,,DEDUCIDO_INFERRED_ROLLUP,NO_TRUCKFLOW_EVIDENCE,ROUTE_UNKNOWN,true,NO_CAMERA_EVIDENCE_FOUND|NO_MEASURABLE_SEGMENTS|NO_CAMERA_EVIDENCE_FOUND,2026-07-02T03:08:00,2026-07-02T09:31:00,2026-07-02T05:19:00
CTG_10233294782,,AH592SR,GIRASOL,VOLCABLE_2,VOLCABLE,VOLCABLE_2,1,0,ingreso → balanza egreso,INGRESO,BALANZA_EGRESO,2026-07-02T04:08:00,2026-07-02T09:44:00,336,RIC,RIC,R6,R6,,DEDUCIDO_INFERRED_ROLLUP,NO_TRUCKFLOW_EVIDENCE,ROUTE_UNKNOWN,true,NO_CAMERA_EVIDENCE_FOUND|NO_MEASURABLE_SEGMENTS|NO_CAMERA_EVIDENCE_FOUND,2026-07-02T04:08:00,2026-07-02T09:44:00,2026-07-02T05:27:00
CTG_10133300336,,AB480ZF,GIRASOL,VOLCABLE_2,VOLCABLE,VOLCABLE_2,1,0,ingreso → balanza egreso,INGRESO,BALANZA_EGRESO,2026-07-02T06:13:00,2026-07-02T10:02:00,229,RIC,RIC,R6,R6,,DEDUCIDO_INFERRED_ROLLUP,NO_TRUCKFLOW_EVIDENCE,ROUTE_UNKNOWN,true,NO_CAMERA_EVIDENCE_FOUND|NO_MEASURABLE_SEGMENTS|NO_CAMERA_EVIDENCE_FOUND,2026-07-02T06:13:00,2026-07-02T10:02:00,2026-07-02T07:38:00
CTG_10133275810,,AH464JO,GIRASOL,VOLCABLE_2,VOLCABLE,VOLCABLE_2,1,0,ingreso → balanza egreso,INGRESO,BALANZA_EGRESO,2026-07-02T06:47:00,2026-07-02T10:38:00,231,RIC,RIC,R6,R6,,DEDUCIDO_INFERRED_ROLLUP,NO_TRUCKFLOW_EVIDENCE,ROUTE_UNKNOWN,true,NO_CAMERA_EVIDENCE_FOUND|NO_MEASURABLE_SEGMENTS|NO_CAMERA_EVIDENCE_FOUND,2026-07-02T06:47:00,2026-07-02T10:38:00,2026-07-02T07:42:00
CTG_10133275587,,LPQ763,GIRASOL,VOLCABLE_1,VOLCABLE,VOLCABLE_1,1,0,ingreso → balanza egreso,INGRESO,BALANZA_EGRESO,2026-07-02T03:28:00,2026-07-02T10:53:00,445,RIC,RIC,R5,R5,,DEDUCIDO_INFERRED_ROLLUP,NO_TRUCKFLOW_EVIDENCE,ROUTE_UNKNOWN,true,NO_CAMERA_EVIDENCE_FOUND|NO_MEASURABLE_SEGMENTS|NO_CAMERA_EVIDENCE_FOUND,2026-07-02T03:28:00,2026-07-02T10:53:00,2026-07-02T05:33:00
CTG_10133286681,,UPG529,GIRASOL,VOLCABLE_2,VOLCABLE,VOLCABLE_2,1,0,ingreso → balanza egreso,INGRESO,BALANZA_EGRESO,2026-07-02T07:57:00,2026-07-02T11:14:00,197,RIC,RIC,R6,R6,,DEDUCIDO_INFERRED_ROLLUP,NO_TRUCKFLOW_EVIDENCE,ROUTE_UNKNOWN,true,NO_CAMERA_EVIDENCE_FOUND|NO_MEASURABLE_SEGMENTS|NO_CAMERA_EVIDENCE_FOUND,2026-07-02T07:57:00,2026-07-02T11:14:00,2026-07-02T10:14:00
CTG_10133272055,,PAM446,GIRASOL,VOLCABLE_2,VOLCABLE,VOLCABLE_2,1,0,ingreso → balanza egreso,INGRESO,BALANZA_EGRESO,2026-07-02T07:18:00,2026-07-02T11:47:00,269,RIC,RIC,R6,R6,,DEDUCIDO_INFERRED_ROLLUP,NO_TRUCKFLOW_EVIDENCE,ROUTE_UNKNOWN,true,NO_CAMERA_EVIDENCE_FOUND|NO_MEASURABLE_SEGMENTS|NO_CAMERA_EVIDENCE_FOUND,2026-07-02T07:18:00,2026-07-02T11:47:00,2026-07-02T10:15:00
CTG_10233295056,,NGE756,GIRASOL,VOLCABLE_2,VOLCABLE,VOLCABLE_2,1,0,ingreso → balanza egreso,INGRESO,BALANZA_EGRESO,2026-07-02T06:22:00,2026-07-02T12:56:00,394,RIC,RIC,R6,R6,,DEDUCIDO_INFERRED_ROLLUP,NO_TRUCKFLOW_EVIDENCE,ROUTE_UNKNOWN,true,NO_CAMERA_EVIDENCE_FOUND|NO_MEASURABLE_SEGMENTS|NO_CAMERA_EVIDENCE_FOUND,2026-07-02T06:22:00,2026-07-02T12:56:00,2026-07-02T07:40:00
CTG_10133300383,,FFH803,GIRASOL,VOLCABLE_1,VOLCABLE,VOLCABLE_1,1,0,ingreso → balanza egreso,INGRESO,BALANZA_EGRESO,2026-07-02T09:09:00,2026-07-02T14:36:00,327,RIC,RIC,R5,R5,,DEDUCIDO_INFERRED_ROLLUP,NO_TRUCKFLOW_EVIDENCE,ROUTE_UNKNOWN,true,NO_CAMERA_EVIDENCE_FOUND|NO_MEASURABLE_SEGMENTS|NO_CAMERA_EVIDENCE_FOUND,2026-07-02T09:09:00,2026-07-02T14:36:00,2026-07-02T10:20:00
CTG_10233288053,,FPF313,GIRASOL,VOLCABLE_1,VOLCABLE,VOLCABLE_1,1,0,ingreso → balanza egreso,INGRESO,BALANZA_EGRESO,2026-07-02T09:29:00,2026-07-02T15:08:00,339,RIC,RIC,R5,R5,,DEDUCIDO_INFERRED_ROLLUP,NO_TRUCKFLOW_EVIDENCE,ROUTE_UNKNOWN,true,NO_CAMERA_EVIDENCE_FOUND|NO_MEASURABLE_SEGMENTS|NO_CAMERA_EVIDENCE_FOUND,2026-07-02T09:29:00,2026-07-02T15:08:00,2026-07-02T10:21:00
CTG_10233295905,,MOK879,GIRASOL,VOLCABLE_1,VOLCABLE,VOLCABLE_1,1,0,ingreso → balanza egreso,INGRESO,BALANZA_EGRESO,2026-07-02T09:35:00,2026-07-02T16:31:00,416,RIC,RIC,R5,R5,,DEDUCIDO_INFERRED_ROLLUP,NO_TRUCKFLOW_EVIDENCE,ROUTE_UNKNOWN,true,NO_CAMERA_EVIDENCE_FOUND|NO_MEASURABLE_SEGMENTS|NO_CAMERA_EVIDENCE_FOUND,2026-07-02T09:35:00,2026-07-02T16:31:00,2026-07-02T10:23:00
CTG_10133276166,,WOR979,GIRASOL,VOLCABLE_1,VOLCABLE,VOLCABLE_1,1,0,ingreso → balanza egreso,INGRESO,BALANZA_EGRESO,2026-07-02T09:41:00,2026-07-02T16:40:00,419,RIC,RIC,R5,R5,,DEDUCIDO_INFERRED_ROLLUP,NO_TRUCKFLOW_EVIDENCE,ROUTE_UNKNOWN,true,NO_CAMERA_EVIDENCE_FOUND|NO_MEASURABLE_SEGMENTS|NO_CAMERA_EVIDENCE_FOUND,2026-07-02T09:41:00,2026-07-02T16:40:00,2026-07-02T10:25:00
CTG_10133275134,,KRE352,GIRASOL,VOLCABLE_1,VOLCABLE,VOLCABLE_1,1,0,ingreso → balanza egreso,INGRESO,BALANZA_EGRESO,2026-07-02T09:46:00,2026-07-02T17:19:00,453,RIC,RIC,R5,R5,,DEDUCIDO_INFERRED_ROLLUP,NO_TRUCKFLOW_EVIDENCE,ROUTE_UNKNOWN,true,NO_CAMERA_EVIDENCE_FOUND|NO_MEASURABLE_SEGMENTS|NO_CAMERA_EVIDENCE_FOUND,2026-07-02T09:46:00,2026-07-02T17:19:00,2026-07-02T10:27:00
CTG_10133273085,,AF456OU,GIRASOL,VOLCABLE_1,VOLCABLE,VOLCABLE_1,1,0,ingreso → balanza egreso,INGRESO,BALANZA_EGRESO,2026-07-02T16:31:00,2026-07-02T23:38:00,427,RIC,RIC,R5,R5,,DEDUCIDO_INFERRED_ROLLUP,NO_TRUCKFLOW_EVIDENCE,ROUTE_UNKNOWN,true,NO_CAMERA_EVIDENCE_FOUND|NO_MEASURABLE_SEGMENTS|NO_CAMERA_EVIDENCE_FOUND,2026-07-02T16:31:00,2026-07-02T23:38:00,2026-07-02T20:52:00
CTG_10133287043,,AI066EO,GIRASOL,VOLCABLE_2,VOLCABLE,VOLCABLE_2,1,0,ingreso → balanza egreso,INGRESO,BALANZA_EGRESO,2026-07-02T17:27:00,2026-07-03T00:39:00,432,RIC,RIC,R6,R6,,DEDUCIDO_INFERRED_ROLLUP,NO_TRUCKFLOW_EVIDENCE,ROUTE_UNKNOWN,true,NO_CAMERA_EVIDENCE_FOUND|NO_MEASURABLE_SEGMENTS|NO_CAMERA_EVIDENCE_FOUND,2026-07-02T17:27:00,2026-07-03T00:39:00,2026-07-02T20:56:00
CTG_10233287592,,FZV750,GIRASOL,VOLCABLE_1,VOLCABLE,VOLCABLE_1,1,0,ingreso → balanza egreso,INGRESO,BALANZA_EGRESO,2026-07-02T17:26:00,2026-07-03T01:03:00,457,RIC,RIC,R5,R5,,DEDUCIDO_INFERRED_ROLLUP,NO_TRUCKFLOW_EVIDENCE,ROUTE_UNKNOWN,true,NO_CAMERA_EVIDENCE_FOUND|NO_MEASURABLE_SEGMENTS|NO_CAMERA_EVIDENCE_FOUND,2026-07-02T17:26:00,2026-07-03T01:03:00,2026-07-02T20:54:00
CTG_10133287633,,VFO537,GIRASOL,VOLCABLE_2,VOLCABLE,VOLCABLE_2,1,0,ingreso → balanza egreso,INGRESO,BALANZA_EGRESO,2026-07-02T18:11:00,2026-07-03T01:10:00,419,RIC,RIC,R6,R6,,DEDUCIDO_INFERRED_ROLLUP,NO_TRUCKFLOW_EVIDENCE,ROUTE_UNKNOWN,true,NO_CAMERA_EVIDENCE_FOUND|NO_MEASURABLE_SEGMENTS|NO_CAMERA_EVIDENCE_FOUND,2026-07-02T18:11:00,2026-07-03T01:10:00,2026-07-02T21:03:00
CTG_10133287547,,AC061HZ,GIRASOL,VOLCABLE_1,VOLCABLE,VOLCABLE_1,1,0,ingreso → balanza egreso,INGRESO,BALANZA_EGRESO,2026-07-02T18:10:00,2026-07-03T01:35:00,445,RIC,RIC,R5,R5,,DEDUCIDO_INFERRED_ROLLUP,NO_TRUCKFLOW_EVIDENCE,ROUTE_UNKNOWN,true,NO_CAMERA_EVIDENCE_FOUND|NO_MEASURABLE_SEGMENTS|NO_CAMERA_EVIDENCE_FOUND,2026-07-02T18:10:00,2026-07-03T01:35:00,2026-07-02T21:01:00
CTG_10133286947,,TFB264,GIRASOL,VOLCABLE_2,VOLCABLE,VOLCABLE_2,1,0,ingreso → balanza egreso,INGRESO,BALANZA_EGRESO,2026-07-02T18:31:00,2026-07-03T01:39:00,428,RIC,RIC,R6,R6,,DEDUCIDO_INFERRED_ROLLUP,NO_TRUCKFLOW_EVIDENCE,ROUTE_UNKNOWN,true,NO_CAMERA_EVIDENCE_FOUND|NO_MEASURABLE_SEGMENTS|NO_CAMERA_EVIDENCE_FOUND,2026-07-02T18:31:00,2026-07-03T01:39:00,2026-07-02T21:05:00
CTG_10133286752,,CCT460,GIRASOL,VOLCABLE_1,VOLCABLE,VOLCABLE_1,1,0,ingreso → balanza egreso,INGRESO,BALANZA_EGRESO,2026-07-02T18:34:00,2026-07-03T02:01:00,447,RIC,RIC,R5,R5,,DEDUCIDO_INFERRED_ROLLUP,NO_TRUCKFLOW_EVIDENCE,ROUTE_UNKNOWN,true,NO_CAMERA_EVIDENCE_FOUND|NO_MEASURABLE_SEGMENTS|NO_CAMERA_EVIDENCE_FOUND,2026-07-02T18:34:00,2026-07-03T02:01:00,2026-07-02T21:07:00
CTG_10133307624,,AH703YY,GIRASOL,VOLCABLE_2,VOLCABLE,VOLCABLE_2,1,0,ingreso → balanza egreso,INGRESO,BALANZA_EGRESO,2026-07-02T20:25:00,2026-07-03T02:15:00,350,RIC,RIC,R6,R6,,DEDUCIDO_INFERRED_ROLLUP,NO_TRUCKFLOW_EVIDENCE,ROUTE_UNKNOWN,true,NO_CAMERA_EVIDENCE_FOUND|NO_MEASURABLE_SEGMENTS|NO_CAMERA_EVIDENCE_FOUND,2026-07-02T20:25:00,2026-07-03T02:15:00,2026-07-02T21:10:00
CTG_10133322398,,SYD643,GIRASOL,VOLCABLE_1,VOLCABLE,VOLCABLE_1,1,0,ingreso → balanza egreso,INGRESO,BALANZA_EGRESO,2026-07-02T20:52:00,2026-07-03T02:29:00,337,RIC,RIC,R5,R5,,DEDUCIDO_INFERRED_ROLLUP,NO_TRUCKFLOW_EVIDENCE,ROUTE_UNKNOWN,true,NO_CAMERA_EVIDENCE_FOUND|NO_MEASURABLE_SEGMENTS|NO_CAMERA_EVIDENCE_FOUND,2026-07-02T20:52:00,2026-07-03T02:29:00,2026-07-02T21:12:00
CTG_10133306222,,AI066EN,GIRASOL,VOLCABLE_2,VOLCABLE,VOLCABLE_2,1,0,ingreso → balanza egreso,INGRESO,BALANZA_EGRESO,2026-07-02T21:17:00,2026-07-03T02:51:00,334,RIC,RIC,R6,R6,,DEDUCIDO_INFERRED_ROLLUP,NO_TRUCKFLOW_EVIDENCE,ROUTE_UNKNOWN,true,NO_CAMERA_EVIDENCE_FOUND|NO_MEASURABLE_SEGMENTS|NO_CAMERA_EVIDENCE_FOUND,2026-07-02T21:17:00,2026-07-03T02:51:00,2026-07-02T21:44:00
CTG_10233309762,,VDB780,GIRASOL,VOLCABLE_1,VOLCABLE,VOLCABLE_1,1,0,ingreso → balanza egreso,INGRESO,BALANZA_EGRESO,2026-07-02T22:45:00,2026-07-03T03:00:00,255,RIC,RIC,R5,R5,,DEDUCIDO_INFERRED_ROLLUP,NO_TRUCKFLOW_EVIDENCE,ROUTE_UNKNOWN,true,NO_CAMERA_EVIDENCE_FOUND|NO_MEASURABLE_SEGMENTS|NO_CAMERA_EVIDENCE_FOUND,2026-07-02T22:45:00,2026-07-03T03:00:00,2026-07-03T01:19:00
CTG_10233310776,,IZX624,GIRASOL,VOLCABLE_2,VOLCABLE,VOLCABLE_2,1,0,ingreso → balanza egreso,INGRESO,BALANZA_EGRESO,2026-07-02T22:46:00,2026-07-03T03:34:00,288,RIC,RIC,R6,R6,,DEDUCIDO_INFERRED_ROLLUP,NO_TRUCKFLOW_EVIDENCE,ROUTE_UNKNOWN,true,NO_CAMERA_EVIDENCE_FOUND|NO_MEASURABLE_SEGMENTS|NO_CAMERA_EVIDENCE_FOUND,2026-07-02T22:46:00,2026-07-03T03:34:00,2026-07-03T01:21:00
CTG_10233310757,,OGR205,GIRASOL,VOLCABLE_1,VOLCABLE,VOLCABLE_1,1,0,ingreso → balanza egreso,INGRESO,BALANZA_EGRESO,2026-07-02T23:16:00,2026-07-03T03:36:00,260,RIC,RIC,R5,R5,,DEDUCIDO_INFERRED_ROLLUP,NO_TRUCKFLOW_EVIDENCE,ROUTE_UNKNOWN,true,NO_CAMERA_EVIDENCE_FOUND|NO_MEASURABLE_SEGMENTS|NO_CAMERA_EVIDENCE_FOUND,2026-07-02T23:16:00,2026-07-03T03:36:00,2026-07-03T01:24:00
CTG_10233311288,,AC256KU,GIRASOL,VOLCABLE_2,VOLCABLE,VOLCABLE_2,1,0,ingreso → balanza egreso,INGRESO,BALANZA_EGRESO,2026-07-02T23:16:00,2026-07-03T04:12:00,296,RIC,RIC,R6,R6,,DEDUCIDO_INFERRED_ROLLUP,NO_TRUCKFLOW_EVIDENCE,ROUTE_UNKNOWN,true,NO_CAMERA_EVIDENCE_FOUND|NO_MEASURABLE_SEGMENTS|NO_CAMERA_EVIDENCE_FOUND,2026-07-02T23:16:00,2026-07-03T04:12:00,2026-07-03T01:26:00
CTG_10233314278,,LTN939,GIRASOL,VOLCABLE_1,VOLCABLE,VOLCABLE_1,1,0,ingreso → balanza egreso,INGRESO,BALANZA_EGRESO,2026-07-02T23:48:00,2026-07-03T04:16:00,268,RIC,RIC,R5,R5,,DEDUCIDO_INFERRED_ROLLUP,NO_TRUCKFLOW_EVIDENCE,ROUTE_UNKNOWN,true,NO_CAMERA_EVIDENCE_FOUND|NO_MEASURABLE_SEGMENTS|NO_CAMERA_EVIDENCE_FOUND,2026-07-02T23:48:00,2026-07-03T04:16:00,2026-07-03T01:31:00
CTG_10133306882,,BEX559,GIRASOL,VOLCABLE_2,VOLCABLE,VOLCABLE_2,1,0,ingreso → balanza egreso,INGRESO,BALANZA_EGRESO,2026-07-02T23:43:00,2026-07-03T04:48:00,305,RIC,RIC,R6,R6,,DEDUCIDO_INFERRED_ROLLUP,NO_TRUCKFLOW_EVIDENCE,ROUTE_UNKNOWN,true,NO_CAMERA_EVIDENCE_FOUND|NO_MEASURABLE_SEGMENTS|NO_CAMERA_EVIDENCE_FOUND,2026-07-02T23:43:00,2026-07-03T04:48:00,2026-07-03T01:29:00
CTG_10233313921,,EAZ380,GIRASOL,VOLCABLE_1,VOLCABLE,VOLCABLE_1,1,0,ingreso → balanza egreso,INGRESO,BALANZA_EGRESO,2026-07-02T23:50:00,2026-07-03T04:52:00,302,RIC,RIC,R5,R5,,DEDUCIDO_INFERRED_ROLLUP,NO_TRUCKFLOW_EVIDENCE,ROUTE_UNKNOWN,true,NO_CAMERA_EVIDENCE_FOUND|NO_MEASURABLE_SEGMENTS|NO_CAMERA_EVIDENCE_FOUND,2026-07-02T23:50:00,2026-07-03T04:52:00,2026-07-03T01:33:00
CTG_10133307463,,OQR626,GIRASOL,VOLCABLE_2,VOLCABLE,VOLCABLE_2,1,0,ingreso → balanza egreso,INGRESO,BALANZA_EGRESO,2026-07-03T03:04:00,2026-07-03T05:24:00,140,RIC,RIC,R6,R6,,DEDUCIDO_INFERRED_ROLLUP,NO_TRUCKFLOW_EVIDENCE,ROUTE_UNKNOWN,true,NO_CAMERA_EVIDENCE_FOUND|NO_MEASURABLE_SEGMENTS|NO_CAMERA_EVIDENCE_FOUND,2026-07-03T03:04:00,2026-07-03T05:24:00,2026-07-03T03:27:00
CTG_10133277681,,AH148UK,GIRASOL,VOLCABLE_1,VOLCABLE,VOLCABLE_1,1,0,ingreso → balanza egreso,INGRESO,BALANZA_EGRESO,2026-07-03T00:20:00,2026-07-03T05:28:00,308,RIC,RIC,R5,R5,,DEDUCIDO_INFERRED_ROLLUP,NO_TRUCKFLOW_EVIDENCE,ROUTE_UNKNOWN,true,NO_CAMERA_EVIDENCE_FOUND|NO_MEASURABLE_SEGMENTS|NO_CAMERA_EVIDENCE_FOUND,2026-07-03T00:20:00,2026-07-03T05:28:00,2026-07-03T03:50:00
CTG_10133278060,,JLJ994,GIRASOL,VOLCABLE_2,VOLCABLE,VOLCABLE_2,1,0,ingreso → balanza egreso,INGRESO,BALANZA_EGRESO,2026-07-03T00:21:00,2026-07-03T06:13:00,352,RIC,RIC,R6,R6,,DEDUCIDO_INFERRED_ROLLUP,NO_TRUCKFLOW_EVIDENCE,ROUTE_UNKNOWN,true,NO_CAMERA_EVIDENCE_FOUND|NO_MEASURABLE_SEGMENTS|NO_CAMERA_EVIDENCE_FOUND,2026-07-03T00:21:00,2026-07-03T06:13:00,2026-07-03T03:55:00
CTG_10133316044,,OMJ593,GIRASOL,VOLCABLE_1,VOLCABLE,VOLCABLE_1,1,0,ingreso → balanza egreso,INGRESO,BALANZA_EGRESO,2026-07-03T01:03:00,2026-07-03T07:22:00,379,RIC,RIC,R5,R5,,DEDUCIDO_INFERRED_ROLLUP,NO_TRUCKFLOW_EVIDENCE,ROUTE_UNKNOWN,true,NO_CAMERA_EVIDENCE_FOUND|NO_MEASURABLE_SEGMENTS|NO_CAMERA_EVIDENCE_FOUND,2026-07-03T01:03:00,2026-07-03T07:22:00,2026-07-03T06:16:00
CTG_10233328347,,AB014UM,GIRASOL,VOLCABLE_1,VOLCABLE,VOLCABLE_1,1,0,ingreso → balanza egreso,INGRESO,BALANZA_EGRESO,2026-07-03T04:13:00,2026-07-03T10:30:00,377,RIC,RIC,R5,R5,,DEDUCIDO_INFERRED_ROLLUP,NO_TRUCKFLOW_EVIDENCE,ROUTE_UNKNOWN,true,NO_CAMERA_EVIDENCE_FOUND|NO_MEASURABLE_SEGMENTS|NO_CAMERA_EVIDENCE_FOUND,2026-07-03T04:13:00,2026-07-03T10:30:00,2026-07-03T09:12:00
CTG_10133312797,,IJT755,GIRASOL,VOLCABLE_1,VOLCABLE,VOLCABLE_1,1,0,ingreso → balanza egreso,INGRESO,BALANZA_EGRESO,2026-07-03T05:04:00,2026-07-03T11:00:00,356,RIC,RIC,R5,R5,,DEDUCIDO_INFERRED_ROLLUP,NO_TRUCKFLOW_EVIDENCE,ROUTE_UNKNOWN,true,NO_CAMERA_EVIDENCE_FOUND|NO_MEASURABLE_SEGMENTS|NO_CAMERA_EVIDENCE_FOUND,2026-07-03T05:04:00,2026-07-03T11:00:00,2026-07-03T09:15:00
CTG_10233328684,,HNG637,GIRASOL,VOLCABLE_1,VOLCABLE,VOLCABLE_1,1,0,ingreso → balanza egreso,INGRESO,BALANZA_EGRESO,2026-07-03T05:17:00,2026-07-03T11:22:00,365,RIC,RIC,R5,R5,,DEDUCIDO_INFERRED_ROLLUP,NO_TRUCKFLOW_EVIDENCE,ROUTE_UNKNOWN,true,NO_CAMERA_EVIDENCE_FOUND|NO_MEASURABLE_SEGMENTS|NO_CAMERA_EVIDENCE_FOUND,2026-07-03T05:17:00,2026-07-03T11:22:00,2026-07-03T09:16:00
CTG_10233334750,,GFG620,GIRASOL,VOLCABLE_2,VOLCABLE,VOLCABLE_2,1,0,ingreso → balanza egreso,INGRESO,BALANZA_EGRESO,2026-07-03T07:34:00,2026-07-03T11:34:00,240,RIC,RIC,R6,R6,,DEDUCIDO_INFERRED_ROLLUP,NO_TRUCKFLOW_EVIDENCE,ROUTE_UNKNOWN,true,NO_CAMERA_EVIDENCE_FOUND|NO_MEASURABLE_SEGMENTS|NO_CAMERA_EVIDENCE_FOUND,2026-07-03T07:34:00,2026-07-03T11:34:00,2026-07-03T09:18:00
CTG_10233329146,,AA541TW,GIRASOL,VOLCABLE_1,VOLCABLE,VOLCABLE_1,1,0,ingreso → balanza egreso,INGRESO,BALANZA_EGRESO,2026-07-03T07:06:00,2026-07-03T11:47:00,281,RIC,RIC,R5,R5,,DEDUCIDO_INFERRED_ROLLUP,NO_TRUCKFLOW_EVIDENCE,ROUTE_UNKNOWN,true,NO_CAMERA_EVIDENCE_FOUND|NO_MEASURABLE_SEGMENTS|NO_CAMERA_EVIDENCE_FOUND,2026-07-03T07:06:00,2026-07-03T11:47:00,2026-07-03T09:20:00
CTG_10133277004,,NMG004,GIRASOL,VOLCABLE_1,VOLCABLE,VOLCABLE_1,1,0,ingreso → balanza egreso,INGRESO,BALANZA_EGRESO,2026-07-03T07:09:00,2026-07-03T12:09:00,300,RIC,RIC,R5,R5,,DEDUCIDO_INFERRED_ROLLUP,NO_TRUCKFLOW_EVIDENCE,ROUTE_UNKNOWN,true,NO_CAMERA_EVIDENCE_FOUND|NO_MEASURABLE_SEGMENTS|NO_CAMERA_EVIDENCE_FOUND,2026-07-03T07:09:00,2026-07-03T12:09:00,2026-07-03T09:24:00
CTG_10233334772,,RDB282,GIRASOL,VOLCABLE_1,VOLCABLE,VOLCABLE_1,1,0,ingreso → balanza egreso,INGRESO,BALANZA_EGRESO,2026-07-03T07:47:00,2026-07-03T12:27:00,280,RIC,RIC,R5,R5,,DEDUCIDO_INFERRED_ROLLUP,NO_TRUCKFLOW_EVIDENCE,ROUTE_UNKNOWN,true,NO_CAMERA_EVIDENCE_FOUND|NO_MEASURABLE_SEGMENTS|NO_CAMERA_EVIDENCE_FOUND,2026-07-03T07:47:00,2026-07-03T12:27:00,2026-07-03T09:25:00
CTG_10233334769,,RYL693,GIRASOL,VOLCABLE_2,VOLCABLE,VOLCABLE_2,1,0,ingreso → balanza egreso,INGRESO,BALANZA_EGRESO,2026-07-03T07:45:00,2026-07-03T12:34:00,289,RIC,RIC,R6,R6,,DEDUCIDO_INFERRED_ROLLUP,NO_TRUCKFLOW_EVIDENCE,ROUTE_UNKNOWN,true,NO_CAMERA_EVIDENCE_FOUND|NO_MEASURABLE_SEGMENTS|NO_CAMERA_EVIDENCE_FOUND,2026-07-03T07:45:00,2026-07-03T12:34:00,2026-07-03T09:22:00
CTG_10233334821,,RIA146,GIRASOL,VOLCABLE_1,VOLCABLE,VOLCABLE_1,1,0,ingreso → balanza egreso,INGRESO,BALANZA_EGRESO,2026-07-03T08:26:00,2026-07-03T12:53:00,267,RIC,RIC,R5,R5,,DEDUCIDO_INFERRED_ROLLUP,NO_TRUCKFLOW_EVIDENCE,ROUTE_UNKNOWN,true,NO_CAMERA_EVIDENCE_FOUND|NO_MEASURABLE_SEGMENTS|NO_CAMERA_EVIDENCE_FOUND,2026-07-03T08:26:00,2026-07-03T12:53:00,2026-07-03T09:28:00
CTG_10233334786,,ESI808,GIRASOL,VOLCABLE_1,VOLCABLE,VOLCABLE_1,1,0,ingreso → balanza egreso,INGRESO,BALANZA_EGRESO,2026-07-03T08:27:00,2026-07-03T13:45:00,318,RIC,RIC,R5,R5,,DEDUCIDO_INFERRED_ROLLUP,NO_TRUCKFLOW_EVIDENCE,ROUTE_UNKNOWN,true,NO_CAMERA_EVIDENCE_FOUND|NO_MEASURABLE_SEGMENTS|NO_CAMERA_EVIDENCE_FOUND,2026-07-03T08:27:00,2026-07-03T13:45:00,2026-07-03T09:29:00
CTG_10233334797,,ANV363,GIRASOL,VOLCABLE_1,VOLCABLE,VOLCABLE_1,1,0,ingreso → balanza egreso,INGRESO,BALANZA_EGRESO,2026-07-03T08:28:00,2026-07-03T14:13:00,345,RIC,RIC,R5,R5,,DEDUCIDO_INFERRED_ROLLUP,NO_TRUCKFLOW_EVIDENCE,ROUTE_UNKNOWN,true,NO_CAMERA_EVIDENCE_FOUND|NO_MEASURABLE_SEGMENTS|NO_CAMERA_EVIDENCE_FOUND,2026-07-03T08:28:00,2026-07-03T14:13:00,2026-07-03T09:31:00
CTG_10233334791,,BDH961,GIRASOL,VOLCABLE_1,VOLCABLE,VOLCABLE_1,1,0,ingreso → balanza egreso,INGRESO,BALANZA_EGRESO,2026-07-03T08:31:00,2026-07-03T14:40:00,369,RIC,RIC,R5,R5,,DEDUCIDO_INFERRED_ROLLUP,NO_TRUCKFLOW_EVIDENCE,ROUTE_UNKNOWN,true,NO_CAMERA_EVIDENCE_FOUND|NO_MEASURABLE_SEGMENTS|NO_CAMERA_EVIDENCE_FOUND,2026-07-03T08:31:00,2026-07-03T14:40:00,2026-07-03T09:33:00
CTG_10233334832,,AYA786,GIRASOL,VOLCABLE_1,VOLCABLE,VOLCABLE_1,1,0,ingreso → balanza egreso,INGRESO,BALANZA_EGRESO,2026-07-03T08:37:00,2026-07-03T15:30:00,413,RIC,RIC,R5,R5,,DEDUCIDO_INFERRED_ROLLUP,NO_TRUCKFLOW_EVIDENCE,ROUTE_UNKNOWN,true,NO_CAMERA_EVIDENCE_FOUND|NO_MEASURABLE_SEGMENTS|NO_CAMERA_EVIDENCE_FOUND,2026-07-03T08:37:00,2026-07-03T15:30:00,2026-07-03T09:37:00
CTG_10233334928,,FSM599,GIRASOL,VOLCABLE_2,VOLCABLE,VOLCABLE_2,1,0,ingreso → balanza egreso,INGRESO,BALANZA_EGRESO,2026-07-03T08:57:00,2026-07-03T15:33:00,396,RIC,RIC,R6,R6,,DEDUCIDO_INFERRED_ROLLUP,NO_TRUCKFLOW_EVIDENCE,ROUTE_UNKNOWN,true,NO_CAMERA_EVIDENCE_FOUND|NO_MEASURABLE_SEGMENTS|NO_CAMERA_EVIDENCE_FOUND,2026-07-03T08:57:00,2026-07-03T15:33:00,2026-07-03T09:40:00
CTG_10233334843,,UVX713,GIRASOL,VOLCABLE_1,VOLCABLE,VOLCABLE_1,1,0,ingreso → balanza egreso,INGRESO,BALANZA_EGRESO,2026-07-03T08:43:00,2026-07-03T15:38:00,415,RIC,RIC,R5,R5,,DEDUCIDO_INFERRED_ROLLUP,NO_TRUCKFLOW_EVIDENCE,ROUTE_UNKNOWN,true,NO_CAMERA_EVIDENCE_FOUND|NO_MEASURABLE_SEGMENTS|NO_CAMERA_EVIDENCE_FOUND,2026-07-03T08:43:00,2026-07-03T15:38:00,2026-07-03T09:38:00
CTG_10233319490,,EMJ465,GIRASOL,VOLCABLE_2,VOLCABLE,VOLCABLE_2,1,0,ingreso → balanza egreso,INGRESO,BALANZA_EGRESO,2026-07-03T08:58:00,2026-07-03T16:27:00,449,RIC,RIC,R6,R6,,DEDUCIDO_INFERRED_ROLLUP,NO_TRUCKFLOW_EVIDENCE,ROUTE_UNKNOWN,true,NO_CAMERA_EVIDENCE_FOUND|NO_MEASURABLE_SEGMENTS|NO_CAMERA_EVIDENCE_FOUND,2026-07-03T08:58:00,2026-07-03T16:27:00,2026-07-03T09:41:00
CTG_10233363438,,RTW199,GIRASOL,VOLCABLE_1,VOLCABLE,VOLCABLE_1,1,0,ingreso → balanza egreso,INGRESO,BALANZA_EGRESO,2026-07-04T07:49:00,2026-07-04T13:19:00,330,RIC,RIC,R5,R5,,DEDUCIDO_INFERRED_ROLLUP,NO_TRUCKFLOW_EVIDENCE,ROUTE_UNKNOWN,true,NO_CAMERA_EVIDENCE_FOUND|NO_MEASURABLE_SEGMENTS|NO_CAMERA_EVIDENCE_FOUND,2026-07-04T07:49:00,2026-07-04T13:19:00,2026-07-04T08:17:00
CTG_10233356118,,OBT877,GIRASOL,VOLCABLE_1,VOLCABLE,VOLCABLE_1,1,0,ingreso → balanza egreso,INGRESO,BALANZA_EGRESO,2026-07-04T08:01:00,2026-07-04T14:00:00,359,RIC,RIC,R5,R5,,DEDUCIDO_INFERRED_ROLLUP,NO_TRUCKFLOW_EVIDENCE,ROUTE_UNKNOWN,true,NO_CAMERA_EVIDENCE_FOUND|NO_MEASURABLE_SEGMENTS|NO_CAMERA_EVIDENCE_FOUND,2026-07-04T08:01:00,2026-07-04T14:00:00,2026-07-04T08:29:00
CTG_10233363442,,RNA350,GIRASOL,VOLCABLE_1,VOLCABLE,VOLCABLE_1,1,0,ingreso → balanza egreso,INGRESO,BALANZA_EGRESO,2026-07-04T08:12:00,2026-07-04T14:35:00,383,RIC,RIC,R5,R5,,DEDUCIDO_INFERRED_ROLLUP,NO_TRUCKFLOW_EVIDENCE,ROUTE_UNKNOWN,true,NO_CAMERA_EVIDENCE_FOUND|NO_MEASURABLE_SEGMENTS|NO_CAMERA_EVIDENCE_FOUND,2026-07-04T08:12:00,2026-07-04T14:35:00,2026-07-04T11:58:00
CTG_10233363450,,GFG620,GIRASOL,VOLCABLE_2,VOLCABLE,VOLCABLE_2,1,0,ingreso → balanza egreso,INGRESO,BALANZA_EGRESO,2026-07-04T08:13:00,2026-07-04T15:03:00,410,RIC,RIC,R6,R6,,DEDUCIDO_INFERRED_ROLLUP,NO_TRUCKFLOW_EVIDENCE,ROUTE_UNKNOWN,true,NO_CAMERA_EVIDENCE_FOUND|NO_MEASURABLE_SEGMENTS|NO_CAMERA_EVIDENCE_FOUND,2026-07-04T08:13:00,2026-07-04T15:03:00,2026-07-04T11:59:00
CTG_10233363452,,RYL693,GIRASOL,VOLCABLE_2,VOLCABLE,VOLCABLE_2,1,0,ingreso → balanza egreso,INGRESO,BALANZA_EGRESO,2026-07-04T08:14:00,2026-07-04T15:44:00,450,RIC,RIC,R6,R6,,DEDUCIDO_INFERRED_ROLLUP,NO_TRUCKFLOW_EVIDENCE,ROUTE_UNKNOWN,true,NO_CAMERA_EVIDENCE_FOUND|NO_MEASURABLE_SEGMENTS|NO_CAMERA_EVIDENCE_FOUND,2026-07-04T08:14:00,2026-07-04T15:44:00,2026-07-04T12:01:00
CTG_10133372080,,FJV994,GIRASOL,VOLCABLE_1,VOLCABLE,VOLCABLE_1,1,0,ingreso → balanza egreso,INGRESO,BALANZA_EGRESO,2026-07-04T14:22:00,2026-07-04T21:50:00,448,RIC,RIC,R5,R5,,DEDUCIDO_INFERRED_ROLLUP,NO_TRUCKFLOW_EVIDENCE,ROUTE_UNKNOWN,true,NO_CAMERA_EVIDENCE_FOUND|NO_MEASURABLE_SEGMENTS|NO_CAMERA_EVIDENCE_FOUND,2026-07-04T14:22:00,2026-07-04T21:50:00,2026-07-04T17:37:00
CTG_10233354901,,AD674OM,GIRASOL,VOLCABLE_2,VOLCABLE,VOLCABLE_2,1,0,ingreso → balanza egreso,INGRESO,BALANZA_EGRESO,2026-07-04T14:14:00,2026-07-04T22:01:00,467,RIC,RIC,R6,R6,,DEDUCIDO_INFERRED_ROLLUP,NO_TRUCKFLOW_EVIDENCE,ROUTE_UNKNOWN,true,NO_CAMERA_EVIDENCE_FOUND|NO_MEASURABLE_SEGMENTS|NO_CAMERA_EVIDENCE_FOUND,2026-07-04T14:14:00,2026-07-04T22:01:00,2026-07-04T17:36:00
CTG_10233356026,,CTD505,GIRASOL,VOLCABLE_1,VOLCABLE,VOLCABLE_1,1,0,ingreso → balanza egreso,INGRESO,BALANZA_EGRESO,2026-07-04T14:29:00,2026-07-04T22:19:00,470,RIC,RIC,R5,R5,,DEDUCIDO_INFERRED_ROLLUP,NO_TRUCKFLOW_EVIDENCE,ROUTE_UNKNOWN,true,NO_CAMERA_EVIDENCE_FOUND|NO_MEASURABLE_SEGMENTS|NO_CAMERA_EVIDENCE_FOUND,2026-07-04T14:29:00,2026-07-04T22:19:00,2026-07-04T17:40:00
CTG_10133337227,,HAI008,GIRASOL,VOLCABLE_1,VOLCABLE,VOLCABLE_1,1,0,ingreso → balanza egreso,INGRESO,BALANZA_EGRESO,2026-07-04T14:58:00,2026-07-04T22:31:00,453,RIC,RIC,R5,R5,,DEDUCIDO_INFERRED_ROLLUP,NO_TRUCKFLOW_EVIDENCE,ROUTE_UNKNOWN,true,NO_CAMERA_EVIDENCE_FOUND|NO_MEASURABLE_SEGMENTS|NO_CAMERA_EVIDENCE_FOUND,2026-07-04T14:58:00,2026-07-04T22:31:00,2026-07-04T17:49:00
CTG_10233349989,,HXQ735,GIRASOL,VOLCABLE_1,VOLCABLE,VOLCABLE_1,1,0,ingreso → balanza egreso,INGRESO,BALANZA_EGRESO,2026-07-04T16:47:00,2026-07-04T23:09:00,382,RIC,RIC,R5,R5,,DEDUCIDO_INFERRED_ROLLUP,NO_TRUCKFLOW_EVIDENCE,ROUTE_UNKNOWN,true,NO_CAMERA_EVIDENCE_FOUND|NO_MEASURABLE_SEGMENTS|NO_CAMERA_EVIDENCE_FOUND,2026-07-04T16:47:00,2026-07-04T23:09:00,2026-07-04T17:51:00
CTG_10233360139,,AB314YD,GIRASOL,VOLCABLE_1,VOLCABLE,VOLCABLE_1,1,0,ingreso → balanza egreso,INGRESO,BALANZA_EGRESO,2026-07-04T16:49:00,2026-07-04T23:34:00,405,RIC,RIC,R5,R5,,DEDUCIDO_INFERRED_ROLLUP,NO_TRUCKFLOW_EVIDENCE,ROUTE_UNKNOWN,true,NO_CAMERA_EVIDENCE_FOUND|NO_MEASURABLE_SEGMENTS|NO_CAMERA_EVIDENCE_FOUND,2026-07-04T16:49:00,2026-07-04T23:34:00,2026-07-04T17:55:00
CTG_10233357800,,IHQ887,GIRASOL,VOLCABLE_2,VOLCABLE,VOLCABLE_2,1,0,ingreso → balanza egreso,INGRESO,BALANZA_EGRESO,2026-07-04T16:48:00,2026-07-04T23:36:00,408,RIC,RIC,R6,R6,,DEDUCIDO_INFERRED_ROLLUP,NO_TRUCKFLOW_EVIDENCE,ROUTE_UNKNOWN,true,NO_CAMERA_EVIDENCE_FOUND|NO_MEASURABLE_SEGMENTS|NO_CAMERA_EVIDENCE_FOUND,2026-07-04T16:48:00,2026-07-04T23:36:00,2026-07-04T17:52:00
CTG_10133382130,,FQS357,GIRASOL,VOLCABLE_1,VOLCABLE,VOLCABLE_1,1,0,ingreso → balanza egreso,INGRESO,BALANZA_EGRESO,2026-07-05T10:46:00,2026-07-05T18:36:00,470,RIC,RIC,R5,R5,,DEDUCIDO_INFERRED_ROLLUP,NO_TRUCKFLOW_EVIDENCE,ROUTE_UNKNOWN,true,NO_CAMERA_EVIDENCE_FOUND|NO_MEASURABLE_SEGMENTS|NO_CAMERA_EVIDENCE_FOUND,2026-07-05T10:46:00,2026-07-05T18:36:00,2026-07-05T17:10:00
CTG_10233325826,,GPL355,GIRASOL,VOLCABLE_2,VOLCABLE,VOLCABLE_2,1,0,ingreso → balanza egreso,INGRESO,BALANZA_EGRESO,2026-07-05T14:05:00,2026-07-05T18:44:00,279,RIC,RIC,R6,R6,,DEDUCIDO_INFERRED_ROLLUP,NO_TRUCKFLOW_EVIDENCE,ROUTE_UNKNOWN,true,NO_CAMERA_EVIDENCE_FOUND|NO_MEASURABLE_SEGMENTS|NO_CAMERA_EVIDENCE_FOUND,2026-07-05T14:05:00,2026-07-05T18:44:00,2026-07-05T17:13:00
CTG_10233343599,,AE139WL,GIRASOL,VOLCABLE_1,VOLCABLE,VOLCABLE_1,1,0,ingreso → balanza egreso,INGRESO,BALANZA_EGRESO,2026-07-05T22:11:00,2026-07-05T23:21:00,70,RIC,RIC,R5,R5,,DEDUCIDO_INFERRED_ROLLUP,NO_TRUCKFLOW_EVIDENCE,ROUTE_UNKNOWN,true,NO_CAMERA_EVIDENCE_FOUND|NO_MEASURABLE_SEGMENTS|NO_CAMERA_EVIDENCE_FOUND,2026-07-05T22:11:00,2026-07-05T23:21:00,2026-07-05T22:50:00
CTG_10133367452,,SYD643,GIRASOL,VOLCABLE_1,VOLCABLE,VOLCABLE_1,1,0,ingreso → balanza egreso,INGRESO,BALANZA_EGRESO,2026-07-05T22:27:00,2026-07-05T23:49:00,82,RIC,RIC,R5,R5,,DEDUCIDO_INFERRED_ROLLUP,NO_TRUCKFLOW_EVIDENCE,ROUTE_UNKNOWN,true,NO_CAMERA_EVIDENCE_FOUND|NO_MEASURABLE_SEGMENTS|NO_CAMERA_EVIDENCE_FOUND,2026-07-05T22:27:00,2026-07-05T23:49:00,2026-07-05T22:53:00