journey_id,patente,producto,circuito,tramo_operativo,sector,planta,segment_from,segment_to,timestamp_inicio,timestamp_fin,fecha_tramo,hora_inicio,franja_horaria,color_franja,duracion_minutos,estado_ejecutivo,es_ultimo_cuarto,p75_tramo,p90_tramo,horario_fuente,horario_fuente_inicio,horario_fuente_fin
CTG_10133138163,EKD012,GIRASOL,R5,ingreso → balanza egreso,ingreso → balanza egreso,RICARDONE,INGRESO,BALANZA_EGRESO,2026-06-26T12:56:00,2026-06-26T14:03:00,2026-06-26,12:56,08_14,#f97316,67,,false,288.3,337.9,truckflow,,
CTG_10133139735,AG639OD,GIRASOL,R5,ingreso → balanza egreso,ingreso → balanza egreso,RICARDONE,INGRESO,BALANZA_EGRESO,2026-06-26T14:20:00,2026-06-26T15:47:00,2026-06-26,14:20,14_20,#16a34a,87,,false,288.3,337.9,truckflow,,
CTG_10133121562,RRR376,GIRASOL,R5,ingreso → balanza egreso,ingreso → balanza egreso,RICARDONE,INGRESO,BALANZA_EGRESO,2026-06-26T19:08:00,2026-06-26T21:01:00,2026-06-26,19:08,14_20,#16a34a,113,,false,288.3,337.9,truckflow,,
CTG_10133140703,MMZ197,GIRASOL,R5,ingreso → balanza egreso,ingreso → balanza egreso,RICARDONE,INGRESO,BALANZA_EGRESO,2026-06-26T17:08:00,2026-06-26T19:20:00,2026-06-26,17:08,14_20,#16a34a,132,,false,288.3,337.9,truckflow,,
CTG_10233163018,DUC670,GIRASOL,R5,ingreso → balanza egreso,ingreso → balanza egreso,RICARDONE,INGRESO,BALANZA_EGRESO,2026-06-26T17:12:00,2026-06-26T20:09:00,2026-06-26,17:12,14_20,#16a34a,177,,false,288.3,337.9,truckflow,,
CTG_10133139727,IZX624,GIRASOL,R5,ingreso → balanza egreso,ingreso → balanza egreso,RICARDONE,INGRESO,BALANZA_EGRESO,2026-06-26T22:03:00,2026-06-27T01:20:00,2026-06-26,22:03,20_02,#dc2626,197,,false,288.3,337.9,truckflow,,
CTG_10133151962,FMU968,GIRASOL,R5,ingreso → balanza egreso,ingreso → balanza egreso,RICARDONE,INGRESO,BALANZA_EGRESO,2026-06-26T19:09:00,2026-06-26T22:30:00,2026-06-26,19:09,14_20,#16a34a,201,,false,288.3,337.9,truckflow,,
CTG_10133140359,AG842WB,GIRASOL,R5,ingreso → balanza egreso,ingreso → balanza egreso,RICARDONE,INGRESO,BALANZA_EGRESO,2026-06-26T20:03:00,2026-06-26T23:46:00,2026-06-26,20:03,20_02,#dc2626,223,,false,288.3,337.9,truckflow,,
CTG_10233106529,AC552SN,GIRASOL,R5,ingreso → balanza egreso,ingreso → balanza egreso,RICARDONE,INGRESO,BALANZA_EGRESO,2026-06-26T00:22:00,2026-06-26T04:10:00,2026-06-26,00:22,20_02,#dc2626,228,,false,288.3,337.9,truckflow,,
CTG_10133140706,AB096UN,GIRASOL,R5,ingreso → balanza egreso,ingreso → balanza egreso,RICARDONE,INGRESO,BALANZA_EGRESO,2026-06-26T20:35:00,2026-06-27T00:33:00,2026-06-26,20:35,20_02,#dc2626,238,,false,288.3,337.9,truckflow,,
CTG_10133140700,HCO481,GIRASOL,R5,ingreso → balanza egreso,ingreso → balanza egreso,RICARDONE,INGRESO,BALANZA_EGRESO,2026-06-26T22:04:00,2026-06-27T02:09:00,2026-06-26,22:04,20_02,#dc2626,245,,false,288.3,337.9,truckflow,,
CTG_10233134813,MUV737,GIRASOL,R5,ingreso → balanza egreso,ingreso → balanza egreso,RICARDONE,INGRESO,BALANZA_EGRESO,2026-06-26T01:11:00,2026-06-26T05:23:00,2026-06-26,01:11,20_02,#dc2626,252,,false,288.3,337.9,truckflow,,
CTG_10233107827,BKT313,GIRASOL,R5,ingreso → balanza egreso,ingreso → balanza egreso,RICARDONE,INGRESO,BALANZA_EGRESO,2026-06-26T00:23:00,2026-06-26T04:43:00,2026-06-26,00:23,20_02,#dc2626,260,,false,288.3,337.9,truckflow,,
CTG_10133138663,LDX760,GIRASOL,R5,ingreso → balanza egreso,ingreso → balanza egreso,RICARDONE,INGRESO,BALANZA_EGRESO,2026-06-26T22:14:00,2026-06-27T02:51:00,2026-06-26,22:14,20_02,#dc2626,277,,false,288.3,337.9,truckflow,,
CTG_10233155752,KHL153,GIRASOL,R5,ingreso → balanza egreso,ingreso → balanza egreso,RICARDONE,INGRESO,BALANZA_EGRESO,2026-06-26T22:15:00,2026-06-27T03:53:00,2026-06-26,22:15,20_02,#dc2626,338,,true,288.3,337.9,truckflow,,
CTG_10133178533,UZY860,GIRASOL,R5,ingreso → balanza egreso,ingreso → balanza egreso,RICARDONE,INGRESO,BALANZA_EGRESO,2026-06-27T16:27:00,2026-06-27T18:04:00,2026-06-27,16:27,14_20,#16a34a,97,,false,288.3,337.9,truckflow,,
CTG_10233179270,LSM425,GIRASOL,R5,ingreso → balanza egreso,ingreso → balanza egreso,RICARDONE,INGRESO,BALANZA_EGRESO,2026-06-27T18:18:00,2026-06-27T20:51:00,2026-06-27,18:18,14_20,#16a34a,153,,false,288.3,337.9,truckflow,,
CTG_10233183444,AH345NE,GIRASOL,R6,ingreso → balanza egreso,ingreso → balanza egreso,RICARDONE,INGRESO,BALANZA_EGRESO,2026-06-27T18:55:00,2026-06-27T22:09:00,2026-06-27,18:55,14_20,#16a34a,194,,false,334.5,351.9,truckflow,,
CTG_10233181413,ISX147,GIRASOL,R5,ingreso → balanza egreso,ingreso → balanza egreso,RICARDONE,INGRESO,BALANZA_EGRESO,2026-06-27T18:30:00,2026-06-27T21:53:00,2026-06-27,18:30,14_20,#16a34a,203,,false,288.3,337.9,truckflow,,
CTG_10133139755,HDK895,GIRASOL,R5,ingreso → balanza egreso,ingreso → balanza egreso,RICARDONE,INGRESO,BALANZA_EGRESO,2026-06-27T11:47:00,2026-06-27T15:11:00,2026-06-27,11:47,08_14,#f97316,204,,false,288.3,337.9,truckflow,,
CTG_10233181295,BKJ548,GIRASOL,R5,ingreso → balanza egreso,ingreso → balanza egreso,RICARDONE,INGRESO,BALANZA_EGRESO,2026-06-27T18:33:00,2026-06-27T22:33:00,2026-06-27,18:33,14_20,#16a34a,240,,false,288.3,337.9,truckflow,,
CTG_10133138736,BQT195,GIRASOL,R5,ingreso → balanza egreso,ingreso → balanza egreso,RICARDONE,INGRESO,BALANZA_EGRESO,2026-06-27T01:00:00,2026-06-27T05:25:00,2026-06-27,01:00,20_02,#dc2626,265,,false,288.3,337.9,truckflow,,
CTG_10133156606,UCN502,GIRASOL,R5,ingreso → balanza egreso,ingreso → balanza egreso,RICARDONE,INGRESO,BALANZA_EGRESO,2026-06-27T14:04:00,2026-06-27T18:38:00,2026-06-27,14:04,14_20,#16a34a,274,,false,288.3,337.9,truckflow,,
CTG_10133163999,RNC875,GIRASOL,R5,ingreso → balanza egreso,ingreso → balanza egreso,RICARDONE,INGRESO,BALANZA_EGRESO,2026-06-27T00:09:00,2026-06-27T04:57:00,2026-06-27,00:09,20_02,#dc2626,288,,false,288.3,337.9,truckflow,,
CTG_10133154555,GPG565,GIRASOL,R5,ingreso → balanza egreso,ingreso → balanza egreso,RICARDONE,INGRESO,BALANZA_EGRESO,2026-06-27T01:25:00,2026-06-27T06:14:00,2026-06-27,01:25,20_02,#dc2626,289,,true,288.3,337.9,truckflow,,
CTG_10233184019,FON882,GIRASOL,R6,ingreso → balanza egreso,ingreso → balanza egreso,RICARDONE,INGRESO,BALANZA_EGRESO,2026-06-27T20:01:00,2026-06-28T01:43:00,2026-06-27,20:01,20_02,#dc2626,342,,true,334.5,351.9,truckflow,,
CTG_10233184216,CLY413,GIRASOL,R5,ingreso → balanza egreso,ingreso → balanza egreso,RICARDONE,INGRESO,BALANZA_EGRESO,2026-06-27T19:46:00,2026-06-28T01:34:00,2026-06-27,19:46,14_20,#16a34a,348,,true,288.3,337.9,truckflow,,
CTG_10233182118,GQC488,GIRASOL,R6,ingreso → balanza egreso,ingreso → balanza egreso,RICARDONE,INGRESO,BALANZA_EGRESO,2026-06-27T19:19:00,2026-06-28T01:12:00,2026-06-27,19:19,14_20,#16a34a,353,,true,334.5,351.9,truckflow,,
CTG_10233182263,SMC098,GIRASOL,R6,ingreso → balanza egreso,ingreso → balanza egreso,RICARDONE,INGRESO,BALANZA_EGRESO,2026-06-27T19:19:00,2026-06-28T01:17:00,2026-06-27,19:19,14_20,#16a34a,358,,true,334.5,351.9,truckflow,,
CTG_10233188166,GWC160,GIRASOL,R5,ingreso → balanza egreso,ingreso → balanza egreso,RICARDONE,INGRESO,BALANZA_EGRESO,2026-06-27T23:56:00,2026-06-28T05:56:00,2026-06-27,23:56,20_02,#dc2626,360,,true,288.3,337.9,truckflow,,
CTG_10233188903,BMI589,GIRASOL,R5,ingreso → balanza egreso,ingreso → balanza egreso,RICARDONE,INGRESO,BALANZA_EGRESO,2026-06-28T19:15:00,2026-06-28T21:10:00,2026-06-28,19:15,14_20,#16a34a,115,,false,288.3,337.9,truckflow,,
CTG_10233169621,AE847RN,GIRASOL,R5,ingreso → balanza egreso,ingreso → balanza egreso,RICARDONE,INGRESO,BALANZA_EGRESO,2026-06-28T21:51:00,2026-06-29T00:01:00,2026-06-28,21:51,20_02,#dc2626,130,,false,288.3,337.9,truckflow,,
CTG_10233189549,PLE163,GIRASOL,R5,ingreso → balanza egreso,ingreso → balanza egreso,RICARDONE,INGRESO,BALANZA_EGRESO,2026-06-28T12:36:00,2026-06-28T14:54:00,2026-06-28,12:36,08_14,#f97316,138,,false,288.3,337.9,truckflow,,
CTG_10233186084,DHL111,GIRASOL,R5,ingreso → balanza egreso,ingreso → balanza egreso,RICARDONE,INGRESO,BALANZA_EGRESO,2026-06-28T10:15:00,2026-06-28T12:41:00,2026-06-28,10:15,08_14,#f97316,146,,false,288.3,337.9,truckflow,,
CTG_10233183742,RDV273,GIRASOL,R5,ingreso → balanza egreso,ingreso → balanza egreso,RICARDONE,INGRESO,BALANZA_EGRESO,2026-06-28T22:01:00,2026-06-29T01:09:00,2026-06-28,22:01,20_02,#dc2626,188,,false,288.3,337.9,truckflow,,
CTG_10233176778,FKJ492,GIRASOL,R6,ingreso → balanza egreso,ingreso → balanza egreso,RICARDONE,INGRESO,BALANZA_EGRESO,2026-06-28T22:39:00,2026-06-29T02:04:00,2026-06-28,22:39,20_02,#dc2626,205,,false,334.5,351.9,truckflow,,
CTG_10233189371,OKR140,GIRASOL,R6,ingreso → balanza egreso,ingreso → balanza egreso,RICARDONE,INGRESO,BALANZA_EGRESO,2026-06-28T23:43:00,2026-06-29T03:09:00,2026-06-28,23:43,20_02,#dc2626,206,,false,334.5,351.9,truckflow,,
CTG_10233184873,ROX620,GIRASOL,R6,ingreso → balanza egreso,ingreso → balanza egreso,RICARDONE,INGRESO,BALANZA_EGRESO,2026-06-28T04:27:00,2026-06-28T08:11:00,2026-06-28,04:27,02_08,#2563eb,224,,false,334.5,351.9,truckflow,,
CTG_10233167091,ERI209,GIRASOL,R5,ingreso → balanza egreso,ingreso → balanza egreso,RICARDONE,INGRESO,BALANZA_EGRESO,2026-06-28T22:08:00,2026-06-29T01:55:00,2026-06-28,22:08,20_02,#dc2626,227,,false,288.3,337.9,truckflow,,
CTG_10233178017,KSB500,GIRASOL,R6,ingreso → balanza egreso,ingreso → balanza egreso,RICARDONE,INGRESO,BALANZA_EGRESO,2026-06-28T22:39:00,2026-06-29T02:29:00,2026-06-28,22:39,20_02,#dc2626,230,,false,334.5,351.9,truckflow,,
CTG_10233187188,CIF907,GIRASOL,R5,ingreso → balanza egreso,ingreso → balanza egreso,RICARDONE,INGRESO,BALANZA_EGRESO,2026-06-28T23:44:00,2026-06-29T03:39:00,2026-06-28,23:44,20_02,#dc2626,235,,false,288.3,337.9,truckflow,,
CTG_10233167730,EJE537,GIRASOL,R6,ingreso → balanza egreso,ingreso → balanza egreso,RICARDONE,INGRESO,BALANZA_EGRESO,2026-06-28T23:47:00,2026-06-29T03:50:00,2026-06-28,23:47,20_02,#dc2626,243,,false,334.5,351.9,truckflow,,
CTG_10233186890,AH156WG,GIRASOL,R5,ingreso → balanza egreso,ingreso → balanza egreso,RICARDONE,INGRESO,BALANZA_EGRESO,2026-06-28T04:30:00,2026-06-28T08:34:00,2026-06-28,04:30,02_08,#2563eb,244,,false,288.3,337.9,truckflow,,
CTG_10233163108,NAM468,GIRASOL,R5,ingreso → balanza egreso,ingreso → balanza egreso,RICARDONE,INGRESO,BALANZA_EGRESO,2026-06-28T22:12:00,2026-06-29T02:45:00,2026-06-28,22:12,20_02,#dc2626,273,,false,288.3,337.9,truckflow,,
CTG_10233176959,AA234NG,GIRASOL,R5,ingreso → balanza egreso,ingreso → balanza egreso,RICARDONE,INGRESO,BALANZA_EGRESO,2026-06-29T15:15:00,2026-06-29T17:53:00,2026-06-29,15:15,14_20,#16a34a,158,,false,288.3,337.9,truckflow,,
CTG_10233229018,RJS888,GIRASOL,R5,ingreso → balanza egreso,ingreso → balanza egreso,RICARDONE,INGRESO,BALANZA_EGRESO,2026-06-29T22:19:00,2026-06-30T01:09:00,2026-06-29,22:19,20_02,#dc2626,170,,false,288.3,337.9,truckflow,,
CTG_10133223175,UZY860,GIRASOL,R5,ingreso → balanza egreso,ingreso → balanza egreso,RICARDONE,INGRESO,BALANZA_EGRESO,2026-06-29T22:28:00,2026-06-30T01:35:00,2026-06-29,22:28,20_02,#dc2626,187,,false,288.3,337.9,truckflow,,
CTG_10233215147,AA004UC,GIRASOL,R5,ingreso → balanza egreso,ingreso → balanza egreso,RICARDONE,INGRESO,BALANZA_EGRESO,2026-06-29T22:31:00,2026-06-30T01:55:00,2026-06-29,22:31,20_02,#dc2626,204,,false,288.3,337.9,truckflow,,
CTG_10233217888,NGE658,GIRASOL,R5,ingreso → balanza egreso,ingreso → balanza egreso,RICARDONE,INGRESO,BALANZA_EGRESO,2026-06-29T23:08:00,2026-06-30T02:57:00,2026-06-29,23:08,20_02,#dc2626,229,,false,288.3,337.9,truckflow,,
CTG_10233214992,ISX147,GIRASOL,R5,ingreso → balanza egreso,ingreso → balanza egreso,RICARDONE,INGRESO,BALANZA_EGRESO,2026-06-29T22:32:00,2026-06-30T02:24:00,2026-06-29,22:32,20_02,#dc2626,232,,false,288.3,337.9,truckflow,,
CTG_10233166849,HOE586,GIRASOL,R5,ingreso → balanza egreso,ingreso → balanza egreso,RICARDONE,INGRESO,BALANZA_EGRESO,2026-06-29T00:14:00,2026-06-29T04:32:00,2026-06-29,00:14,20_02,#dc2626,258,,false,288.3,337.9,truckflow,,
CTG_10133191086,AA777EQ,GIRASOL,R5,ingreso → balanza egreso,ingreso → balanza egreso,RICARDONE,INGRESO,BALANZA_EGRESO,2026-06-29T09:58:00,2026-06-29T14:17:00,2026-06-29,09:58,08_14,#f97316,259,,false,288.3,337.9,truckflow,,
CTG_10233185571,DOM294,GIRASOL,R6,ingreso → balanza egreso,ingreso → balanza egreso,RICARDONE,INGRESO,BALANZA_EGRESO,2026-06-29T08:16:00,2026-06-29T12:39:00,2026-06-29,08:16,08_14,#f97316,263,,false,334.5,351.9,truckflow,,
CTG_10133189921,GCG666,GIRASOL,R5,ingreso → balanza egreso,ingreso → balanza egreso,RICARDONE,INGRESO,BALANZA_EGRESO,2026-06-29T01:39:00,2026-06-29T06:13:00,2026-06-29,01:39,20_02,#dc2626,274,,false,288.3,337.9,truckflow,,
CTG_10133202087,EVQ156,GIRASOL,R5,ingreso → balanza egreso,ingreso → balanza egreso,RICARDONE,INGRESO,BALANZA_EGRESO,2026-06-29T13:53:00,2026-06-29T18:28:00,2026-06-29,13:53,08_14,#f97316,275,,false,288.3,337.9,truckflow,,
CTG_10133189920,AG172CU,GIRASOL,R5,ingreso → balanza egreso,ingreso → balanza egreso,RICARDONE,INGRESO,BALANZA_EGRESO,2026-06-29T08:56:00,2026-06-29T13:38:00,2026-06-29,08:56,08_14,#f97316,282,,false,288.3,337.9,truckflow,,
CTG_10233204567,GGA752,GIRASOL,R5,ingreso → balanza egreso,ingreso → balanza egreso,RICARDONE,INGRESO,BALANZA_EGRESO,2026-06-29T09:23:00,2026-06-29T14:06:00,2026-06-29,09:23,08_14,#f97316,283,,false,288.3,337.9,truckflow,,
CTG_10233233450,CCT712,GIRASOL,R5,ingreso → balanza egreso,ingreso → balanza egreso,RICARDONE,INGRESO,BALANZA_EGRESO,2026-06-29T23:37:00,2026-06-30T04:20:00,2026-06-29,23:37,20_02,#dc2626,283,,false,288.3,337.9,truckflow,,
CTG_10233180926,AH355HT,GIRASOL,R6,ingreso → balanza egreso,ingreso → balanza egreso,RICARDONE,INGRESO,BALANZA_EGRESO,2026-06-29T08:35:00,2026-06-29T13:24:00,2026-06-29,08:35,08_14,#f97316,289,,false,334.5,351.9,truckflow,,
CTG_10133179564,AI211ER,GIRASOL,R6,ingreso → balanza egreso,ingreso → balanza egreso,RICARDONE,INGRESO,BALANZA_EGRESO,2026-06-29T07:21:00,2026-06-29T12:12:00,2026-06-29,07:21,02_08,#2563eb,291,,false,334.5,351.9,truckflow,,
CTG_10233171080,EWL252,GIRASOL,R5,ingreso → balanza egreso,ingreso → balanza egreso,RICARDONE,INGRESO,BALANZA_EGRESO,2026-06-29T00:12:00,2026-06-29T05:11:00,2026-06-29,00:12,20_02,#dc2626,299,,true,288.3,337.9,truckflow,,
CTG_10133189702,AH770XS,GIRASOL,R6,ingreso → balanza egreso,ingreso → balanza egreso,RICARDONE,INGRESO,BALANZA_EGRESO,2026-06-29T08:57:00,2026-06-29T14:02:00,2026-06-29,08:57,08_14,#f97316,305,,false,334.5,351.9,truckflow,,
CTG_10233228798,GAS911,GIRASOL,R5,ingreso → balanza egreso,ingreso → balanza egreso,RICARDONE,INGRESO,BALANZA_EGRESO,2026-06-29T19:07:00,2026-06-30T00:36:00,2026-06-29,19:07,14_20,#16a34a,329,,true,288.3,337.9,truckflow,,
CTG_10133189858,AE174UO,GIRASOL,R5,ingreso → balanza egreso,ingreso → balanza egreso,RICARDONE,INGRESO,BALANZA_EGRESO,2026-06-29T01:40:00,2026-06-29T07:36:00,2026-06-29,01:40,20_02,#dc2626,356,,true,288.3,337.9,truckflow,,
CTG_10233244393,AB114CN,GIRASOL,R5,ingreso → balanza egreso,ingreso → balanza egreso,RICARDONE,INGRESO,BALANZA_EGRESO,2026-06-30T22:10:00,2026-07-01T00:03:00,2026-06-30,22:10,20_02,#dc2626,113,,false,288.3,337.9,truckflow,,
CTG_10233239514,HCT170,GIRASOL,R5,ingreso → balanza egreso,ingreso → balanza egreso,RICARDONE,INGRESO,BALANZA_EGRESO,2026-06-30T22:11:00,2026-07-01T00:47:00,2026-06-30,22:11,20_02,#dc2626,156,,false,288.3,337.9,truckflow,,
CTG_10233226404,FHC341,GIRASOL,R5,ingreso → balanza egreso,ingreso → balanza egreso,RICARDONE,INGRESO,BALANZA_EGRESO,2026-06-30T07:22:00,2026-06-30T10:02:00,2026-06-30,07:22,02_08,#2563eb,160,,false,288.3,337.9,truckflow,,
CTG_10233224838,AE356VT,GIRASOL,R5,ingreso → balanza egreso,ingreso → balanza egreso,RICARDONE,INGRESO,BALANZA_EGRESO,2026-06-30T08:30:00,2026-06-30T11:13:00,2026-06-30,08:30,08_14,#f97316,163,,false,288.3,337.9,truckflow,,
CTG_10133228846,AI211ER,GIRASOL,R5,ingreso → balanza egreso,ingreso → balanza egreso,RICARDONE,INGRESO,BALANZA_EGRESO,2026-06-30T07:55:00,2026-06-30T10:42:00,2026-06-30,07:55,02_08,#2563eb,167,,false,288.3,337.9,truckflow,,
CTG_10233240766,FSS628,GIRASOL,R5,ingreso → balanza egreso,ingreso → balanza egreso,RICARDONE,INGRESO,BALANZA_EGRESO,2026-06-30T22:27:00,2026-07-01T01:22:00,2026-06-30,22:27,20_02,#dc2626,175,,false,288.3,337.9,truckflow,,
CTG_10233233875,EQM498,GIRASOL,R5,ingreso → balanza egreso,ingreso → balanza egreso,RICARDONE,INGRESO,BALANZA_EGRESO,2026-06-30T02:12:00,2026-06-30T07:56:00,2026-06-30,02:12,02_08,#2563eb,344,,true,288.3,337.9,truckflow,,
CTG_10233219627,PPC620,GIRASOL,R5,ingreso → balanza egreso,ingreso → balanza egreso,RICARDONE,INGRESO,BALANZA_EGRESO,2026-06-30T00:39:00,2026-06-30T06:32:00,2026-06-30,00:39,20_02,#dc2626,353,,true,288.3,337.9,truckflow,,
CTG_10233285164,AB114CN,GIRASOL,R5,ingreso → balanza egreso,ingreso → balanza egreso,RICARDONE,INGRESO,BALANZA_EGRESO,2026-07-01T23:45:00,2026-07-02T01:21:00,2026-07-01,23:45,20_02,#dc2626,96,,false,288.3,337.9,truckflow,,
CTG_10133299947,LVN867,GIRASOL,R5,ingreso → balanza egreso,ingreso → balanza egreso,RICARDONE,INGRESO,BALANZA_EGRESO,2026-07-01T23:50:00,2026-07-02T01:35:00,2026-07-01,23:50,20_02,#dc2626,105,,false,288.3,337.9,truckflow,,
CTG_10233275332,AA757WD,GIRASOL,R5,ingreso → balanza egreso,ingreso → balanza egreso,RICARDONE,INGRESO,BALANZA_EGRESO,2026-07-01T22:31:00,2026-07-02T00:23:00,2026-07-01,22:31,20_02,#dc2626,112,,false,288.3,337.9,truckflow,,
CTG_10133300005,MIC938,GIRASOL,R5,ingreso → balanza egreso,ingreso → balanza egreso,RICARDONE,INGRESO,BALANZA_EGRESO,2026-07-01T23:51:00,2026-07-02T02:07:00,2026-07-01,23:51,20_02,#dc2626,136,,false,288.3,337.9,truckflow,,
CTG_10133300059,NPA645,GIRASOL,R5,ingreso → balanza egreso,ingreso → balanza egreso,RICARDONE,INGRESO,BALANZA_EGRESO,2026-07-01T23:53:00,2026-07-02T02:21:00,2026-07-01,23:53,20_02,#dc2626,148,,false,288.3,337.9,truckflow,,
CTG_10133265611,FYH612,GIRASOL,R5,ingreso → balanza egreso,ingreso → balanza egreso,RICARDONE,INGRESO,BALANZA_EGRESO,2026-07-01T14:58:00,2026-07-01T17:34:00,2026-07-01,14:58,14_20,#16a34a,156,,false,288.3,337.9,truckflow,,
CTG_10133247345,EVN452,GIRASOL,R5,ingreso → balanza egreso,ingreso → balanza egreso,RICARDONE,INGRESO,BALANZA_EGRESO,2026-07-01T16:27:00,2026-07-01T19:04:00,2026-07-01,16:27,14_20,#16a34a,157,,false,288.3,337.9,truckflow,,
CTG_10133247632,KZR607,GIRASOL,R5,ingreso → balanza egreso,ingreso → balanza egreso,RICARDONE,INGRESO,BALANZA_EGRESO,2026-07-01T20:10:00,2026-07-01T23:05:00,2026-07-01,20:10,20_02,#dc2626,175,,false,288.3,337.9,truckflow,,
CTG_10133300177,DMF194,GIRASOL,R5,ingreso → balanza egreso,ingreso → balanza egreso,RICARDONE,INGRESO,BALANZA_EGRESO,2026-07-01T23:55:00,2026-07-02T02:51:00,2026-07-01,23:55,20_02,#dc2626,176,,false,288.3,337.9,truckflow,,
CTG_10133247834,AA807HC,GIRASOL,R5,ingreso → balanza egreso,ingreso → balanza egreso,RICARDONE,INGRESO,BALANZA_EGRESO,2026-07-01T19:38:00,2026-07-01T22:38:00,2026-07-01,19:38,14_20,#16a34a,180,,false,288.3,337.9,truckflow,,
CTG_10233252132,SNA328,GIRASOL,R5,ingreso → balanza egreso,ingreso → balanza egreso,RICARDONE,INGRESO,BALANZA_EGRESO,2026-07-01T15:12:00,2026-07-01T18:19:00,2026-07-01,15:12,14_20,#16a34a,187,,false,288.3,337.9,truckflow,,
CTG_10133279108,LQY813,GIRASOL,R5,ingreso → balanza egreso,ingreso → balanza egreso,RICARDONE,INGRESO,BALANZA_EGRESO,2026-07-01T20:24:00,2026-07-01T23:35:00,2026-07-01,20:24,20_02,#dc2626,191,,false,288.3,337.9,truckflow,,
CTG_10133258500,AA996NH,GIRASOL,R5,ingreso → balanza egreso,ingreso → balanza egreso,RICARDONE,INGRESO,BALANZA_EGRESO,2026-07-01T12:24:00,2026-07-01T15:39:00,2026-07-01,12:24,08_14,#f97316,195,,false,288.3,337.9,truckflow,,
CTG_10133254882,AH464JB,GIRASOL,R5,ingreso → balanza egreso,ingreso → balanza egreso,RICARDONE,INGRESO,BALANZA_EGRESO,2026-07-01T05:48:00,2026-07-01T09:31:00,2026-07-01,05:48,02_08,#2563eb,223,,false,288.3,337.9,truckflow,,
CTG_10233267652,AC552SN,GIRASOL,R5,ingreso → balanza egreso,ingreso → balanza egreso,RICARDONE,INGRESO,BALANZA_EGRESO,2026-07-01T12:37:00,2026-07-01T16:24:00,2026-07-01,12:37,08_14,#f97316,227,,false,288.3,337.9,truckflow,,
CTG_10233252126,AA168HR,GIRASOL,R5,ingreso → balanza egreso,ingreso → balanza egreso,RICARDONE,INGRESO,BALANZA_EGRESO,2026-07-01T07:31:00,2026-07-01T11:21:00,2026-07-01,07:31,02_08,#2563eb,230,,false,288.3,337.9,truckflow,,
CTG_10233255165,HQM403,GIRASOL,R5,ingreso → balanza egreso,ingreso → balanza egreso,RICARDONE,INGRESO,BALANZA_EGRESO,2026-07-01T06:12:00,2026-07-01T10:03:00,2026-07-01,06:12,02_08,#2563eb,231,,false,288.3,337.9,truckflow,,
CTG_10233267528,TRJ428,GIRASOL,R5,ingreso → balanza egreso,ingreso → balanza egreso,RICARDONE,INGRESO,BALANZA_EGRESO,2026-07-01T11:21:00,2026-07-01T15:16:00,2026-07-01,11:21,08_14,#f97316,235,,false,288.3,337.9,truckflow,,
CTG_10133268908,KEA465,GIRASOL,R5,ingreso → balanza egreso,ingreso → balanza egreso,RICARDONE,INGRESO,BALANZA_EGRESO,2026-07-01T13:55:00,2026-07-01T17:56:00,2026-07-01,13:55,08_14,#f97316,241,,false,288.3,337.9,truckflow,,
CTG_10133261182,BJW186,GIRASOL,R5,ingreso → balanza egreso,ingreso → balanza egreso,RICARDONE,INGRESO,BALANZA_EGRESO,2026-07-01T07:35:00,2026-07-01T11:43:00,2026-07-01,07:35,02_08,#2563eb,248,,false,288.3,337.9,truckflow,,
CTG_10133259729,FED895,GIRASOL,R5,ingreso → balanza egreso,ingreso → balanza egreso,RICARDONE,INGRESO,BALANZA_EGRESO,2026-07-01T06:17:00,2026-07-01T10:32:00,2026-07-01,06:17,02_08,#2563eb,255,,false,288.3,337.9,truckflow,,
CTG_10233251891,AB306AB,GIRASOL,R5,ingreso → balanza egreso,ingreso → balanza egreso,RICARDONE,INGRESO,BALANZA_EGRESO,2026-07-01T10:34:00,2026-07-01T14:51:00,2026-07-01,10:34,08_14,#f97316,257,,false,288.3,337.9,truckflow,,
CTG_10133260096,OJM438,GIRASOL,R5,ingreso → balanza egreso,ingreso → balanza egreso,RICARDONE,INGRESO,BALANZA_EGRESO,2026-07-01T06:17:00,2026-07-01T10:56:00,2026-07-01,06:17,02_08,#2563eb,279,,false,288.3,337.9,truckflow,,
CTG_10233251895,GWZ914,GIRASOL,R5,ingreso → balanza egreso,ingreso → balanza egreso,RICARDONE,INGRESO,BALANZA_EGRESO,2026-07-01T08:35:00,2026-07-01T13:14:00,2026-07-01,08:35,08_14,#f97316,279,,false,288.3,337.9,truckflow,,
CTG_10133251412,RUK779,GIRASOL,R5,ingreso → balanza egreso,ingreso → balanza egreso,RICARDONE,INGRESO,BALANZA_EGRESO,2026-07-01T08:36:00,2026-07-01T13:45:00,2026-07-01,08:36,08_14,#f97316,309,,true,288.3,337.9,truckflow,,
CTG_10133246442,GFE112,GIRASOL,R5,ingreso → balanza egreso,ingreso → balanza egreso,RICARDONE,INGRESO,BALANZA_EGRESO,2026-07-01T01:14:00,2026-07-01T06:27:00,2026-07-01,01:14,20_02,#dc2626,313,,true,288.3,337.9,truckflow,,
CTG_10233252618,VDB780,GIRASOL,R5,ingreso → balanza egreso,ingreso → balanza egreso,RICARDONE,INGRESO,BALANZA_EGRESO,2026-07-01T03:02:00,2026-07-01T08:23:00,2026-07-01,03:02,02_08,#2563eb,321,,true,288.3,337.9,truckflow,,
CTG_10233240088,EMJ465,GIRASOL,R5,ingreso → balanza egreso,ingreso → balanza egreso,RICARDONE,INGRESO,BALANZA_EGRESO,2026-07-01T08:40:00,2026-07-01T14:07:00,2026-07-01,08:40,08_14,#f97316,327,,true,288.3,337.9,truckflow,,
CTG_10133260008,ILW482,GIRASOL,R5,ingreso → balanza egreso,ingreso → balanza egreso,RICARDONE,INGRESO,BALANZA_EGRESO,2026-07-01T08:43:00,2026-07-01T14:20:00,2026-07-01,08:43,08_14,#f97316,337,,true,288.3,337.9,truckflow,,
CTG_10133261526,AE950IJ,GIRASOL,R5,ingreso → balanza egreso,ingreso → balanza egreso,RICARDONE,INGRESO,BALANZA_EGRESO,2026-07-01T01:51:00,2026-07-01T07:47:00,2026-07-01,01:51,20_02,#dc2626,356,,true,288.3,337.9,truckflow,,
CTG_10133300472,GOJ132,GIRASOL,R5,ingreso → balanza egreso,ingreso → balanza egreso,RICARDONE,INGRESO,BALANZA_EGRESO,2026-07-02T00:36:00,2026-07-02T03:18:00,2026-07-02,00:36,20_02,#dc2626,162,,false,288.3,337.9,truckflow,,
CTG_10133292229,FMU968,GIRASOL,R5,ingreso → balanza egreso,ingreso → balanza egreso,RICARDONE,INGRESO,BALANZA_EGRESO,2026-07-02T00:40:00,2026-07-02T03:55:00,2026-07-02,00:40,20_02,#dc2626,195,,false,288.3,337.9,truckflow,,
CTG_10133286681,UPG529,GIRASOL,R6,ingreso → balanza egreso,ingreso → balanza egreso,RICARDONE,INGRESO,BALANZA_EGRESO,2026-07-02T07:57:00,2026-07-02T11:14:00,2026-07-02,07:57,02_08,#2563eb,197,,false,334.5,351.9,truckflow,,
CTG_10133300336,AB480ZF,GIRASOL,R6,ingreso → balanza egreso,ingreso → balanza egreso,RICARDONE,INGRESO,BALANZA_EGRESO,2026-07-02T06:13:00,2026-07-02T10:02:00,2026-07-02,06:13,02_08,#2563eb,229,,false,334.5,351.9,truckflow,,
CTG_10133275810,AH464JO,GIRASOL,R6,ingreso → balanza egreso,ingreso → balanza egreso,RICARDONE,INGRESO,BALANZA_EGRESO,2026-07-02T06:47:00,2026-07-02T10:38:00,2026-07-02,06:47,02_08,#2563eb,231,,false,334.5,351.9,truckflow,,
CTG_10233309762,VDB780,GIRASOL,R5,ingreso → balanza egreso,ingreso → balanza egreso,RICARDONE,INGRESO,BALANZA_EGRESO,2026-07-02T22:45:00,2026-07-03T03:00:00,2026-07-02,22:45,20_02,#dc2626,255,,false,288.3,337.9,truckflow,,
CTG_10233310757,OGR205,GIRASOL,R5,ingreso → balanza egreso,ingreso → balanza egreso,RICARDONE,INGRESO,BALANZA_EGRESO,2026-07-02T23:16:00,2026-07-03T03:36:00,2026-07-02,23:16,20_02,#dc2626,260,,false,288.3,337.9,truckflow,,
CTG_10233314278,LTN939,GIRASOL,R5,ingreso → balanza egreso,ingreso → balanza egreso,RICARDONE,INGRESO,BALANZA_EGRESO,2026-07-02T23:48:00,2026-07-03T04:16:00,2026-07-02,23:48,20_02,#dc2626,268,,false,288.3,337.9,truckflow,,
CTG_10133272055,PAM446,GIRASOL,R6,ingreso → balanza egreso,ingreso → balanza egreso,RICARDONE,INGRESO,BALANZA_EGRESO,2026-07-02T07:18:00,2026-07-02T11:47:00,2026-07-02,07:18,02_08,#2563eb,269,,false,334.5,351.9,truckflow,,
CTG_10233310776,IZX624,GIRASOL,R6,ingreso → balanza egreso,ingreso → balanza egreso,RICARDONE,INGRESO,BALANZA_EGRESO,2026-07-02T22:46:00,2026-07-03T03:34:00,2026-07-02,22:46,20_02,#dc2626,288,,false,334.5,351.9,truckflow,,
CTG_10133300280,GFY939,GIRASOL,R6,ingreso → balanza egreso,ingreso → balanza egreso,RICARDONE,INGRESO,BALANZA_EGRESO,2026-07-02T01:07:00,2026-07-02T05:59:00,2026-07-02,01:07,20_02,#dc2626,292,,false,334.5,351.9,truckflow,,
CTG_10233279991,HQV005,GIRASOL,R5,ingreso → balanza egreso,ingreso → balanza egreso,RICARDONE,INGRESO,BALANZA_EGRESO,2026-07-02T00:46:00,2026-07-02T05:42:00,2026-07-02,00:46,20_02,#dc2626,296,,true,288.3,337.9,truckflow,,
CTG_10233311288,AC256KU,GIRASOL,R6,ingreso → balanza egreso,ingreso → balanza egreso,RICARDONE,INGRESO,BALANZA_EGRESO,2026-07-02T23:16:00,2026-07-03T04:12:00,2026-07-02,23:16,20_02,#dc2626,296,,false,334.5,351.9,truckflow,,
CTG_10233313921,EAZ380,GIRASOL,R5,ingreso → balanza egreso,ingreso → balanza egreso,RICARDONE,INGRESO,BALANZA_EGRESO,2026-07-02T23:50:00,2026-07-03T04:52:00,2026-07-02,23:50,20_02,#dc2626,302,,true,288.3,337.9,truckflow,,
CTG_10133306882,BEX559,GIRASOL,R6,ingreso → balanza egreso,ingreso → balanza egreso,RICARDONE,INGRESO,BALANZA_EGRESO,2026-07-02T23:43:00,2026-07-03T04:48:00,2026-07-02,23:43,20_02,#dc2626,305,,false,334.5,351.9,truckflow,,
CTG_10133300232,IPM074,GIRASOL,R6,ingreso → balanza egreso,ingreso → balanza egreso,RICARDONE,INGRESO,BALANZA_EGRESO,2026-07-02T04:03:00,2026-07-02T09:12:00,2026-07-02,04:03,02_08,#2563eb,309,,false,334.5,351.9,truckflow,,
CTG_10133300383,FFH803,GIRASOL,R5,ingreso → balanza egreso,ingreso → balanza egreso,RICARDONE,INGRESO,BALANZA_EGRESO,2026-07-02T09:09:00,2026-07-02T14:36:00,2026-07-02,09:09,08_14,#f97316,327,,true,288.3,337.9,truckflow,,
CTG_10133306222,AI066EN,GIRASOL,R6,ingreso → balanza egreso,ingreso → balanza egreso,RICARDONE,INGRESO,BALANZA_EGRESO,2026-07-02T21:17:00,2026-07-03T02:51:00,2026-07-02,21:17,20_02,#dc2626,334,,false,334.5,351.9,truckflow,,
CTG_10233294782,AH592SR,GIRASOL,R6,ingreso → balanza egreso,ingreso → balanza egreso,RICARDONE,INGRESO,BALANZA_EGRESO,2026-07-02T04:08:00,2026-07-02T09:44:00,2026-07-02,04:08,02_08,#2563eb,336,,true,334.5,351.9,truckflow,,
CTG_10133322398,SYD643,GIRASOL,R5,ingreso → balanza egreso,ingreso → balanza egreso,RICARDONE,INGRESO,BALANZA_EGRESO,2026-07-02T20:52:00,2026-07-03T02:29:00,2026-07-02,20:52,20_02,#dc2626,337,,true,288.3,337.9,truckflow,,
CTG_10233288053,FPF313,GIRASOL,R5,ingreso → balanza egreso,ingreso → balanza egreso,RICARDONE,INGRESO,BALANZA_EGRESO,2026-07-02T09:29:00,2026-07-02T15:08:00,2026-07-02,09:29,08_14,#f97316,339,,true,288.3,337.9,truckflow,,
CTG_10133295813,JXL952,GIRASOL,R5,ingreso → balanza egreso,ingreso → balanza egreso,RICARDONE,INGRESO,BALANZA_EGRESO,2026-07-02T02:32:00,2026-07-02T08:13:00,2026-07-02,02:32,02_08,#2563eb,341,,true,288.3,337.9,truckflow,,
CTG_10133307624,AH703YY,GIRASOL,R6,ingreso → balanza egreso,ingreso → balanza egreso,RICARDONE,INGRESO,BALANZA_EGRESO,2026-07-02T20:25:00,2026-07-03T02:15:00,2026-07-02,20:25,20_02,#dc2626,350,,true,334.5,351.9,truckflow,,
CTG_10133300426,JXE484,GIRASOL,R6,ingreso → balanza egreso,ingreso → balanza egreso,RICARDONE,INGRESO,BALANZA_EGRESO,2026-07-02T03:07:00,2026-07-02T08:58:00,2026-07-02,03:07,02_08,#2563eb,351,,true,334.5,351.9,truckflow,,
CTG_10133275631,SBR876,GIRASOL,R6,ingreso → balanza egreso,ingreso → balanza egreso,RICARDONE,INGRESO,BALANZA_EGRESO,2026-07-02T02:33:00,2026-07-02T08:33:00,2026-07-02,02:33,02_08,#2563eb,360,,true,334.5,351.9,truckflow,,
CTG_10133307463,OQR626,GIRASOL,R6,ingreso → balanza egreso,ingreso → balanza egreso,RICARDONE,INGRESO,BALANZA_EGRESO,2026-07-03T03:04:00,2026-07-03T05:24:00,2026-07-03,03:04,02_08,#2563eb,140,,false,334.5,351.9,truckflow,,
CTG_10233334750,GFG620,GIRASOL,R6,ingreso → balanza egreso,ingreso → balanza egreso,RICARDONE,INGRESO,BALANZA_EGRESO,2026-07-03T07:34:00,2026-07-03T11:34:00,2026-07-03,07:34,02_08,#2563eb,240,,false,334.5,351.9,truckflow,,
CTG_10233334821,RIA146,GIRASOL,R5,ingreso → balanza egreso,ingreso → balanza egreso,RICARDONE,INGRESO,BALANZA_EGRESO,2026-07-03T08:26:00,2026-07-03T12:53:00,2026-07-03,08:26,08_14,#f97316,267,,false,288.3,337.9,truckflow,,
CTG_10233334772,RDB282,GIRASOL,R5,ingreso → balanza egreso,ingreso → balanza egreso,RICARDONE,INGRESO,BALANZA_EGRESO,2026-07-03T07:47:00,2026-07-03T12:27:00,2026-07-03,07:47,02_08,#2563eb,280,,false,288.3,337.9,truckflow,,
CTG_10233329146,AA541TW,GIRASOL,R5,ingreso → balanza egreso,ingreso → balanza egreso,RICARDONE,INGRESO,BALANZA_EGRESO,2026-07-03T07:06:00,2026-07-03T11:47:00,2026-07-03,07:06,02_08,#2563eb,281,,false,288.3,337.9,truckflow,,
CTG_10233334769,RYL693,GIRASOL,R6,ingreso → balanza egreso,ingreso → balanza egreso,RICARDONE,INGRESO,BALANZA_EGRESO,2026-07-03T07:45:00,2026-07-03T12:34:00,2026-07-03,07:45,02_08,#2563eb,289,,false,334.5,351.9,truckflow,,
CTG_10133277004,NMG004,GIRASOL,R5,ingreso → balanza egreso,ingreso → balanza egreso,RICARDONE,INGRESO,BALANZA_EGRESO,2026-07-03T07:09:00,2026-07-03T12:09:00,2026-07-03,07:09,02_08,#2563eb,300,,true,288.3,337.9,truckflow,,
CTG_10133277681,AH148UK,GIRASOL,R5,ingreso → balanza egreso,ingreso → balanza egreso,RICARDONE,INGRESO,BALANZA_EGRESO,2026-07-03T00:20:00,2026-07-03T05:28:00,2026-07-03,00:20,20_02,#dc2626,308,,true,288.3,337.9,truckflow,,
CTG_10233334786,ESI808,GIRASOL,R5,ingreso → balanza egreso,ingreso → balanza egreso,RICARDONE,INGRESO,BALANZA_EGRESO,2026-07-03T08:27:00,2026-07-03T13:45:00,2026-07-03,08:27,08_14,#f97316,318,,true,288.3,337.9,truckflow,,
CTG_10233334797,ANV363,GIRASOL,R5,ingreso → balanza egreso,ingreso → balanza egreso,RICARDONE,INGRESO,BALANZA_EGRESO,2026-07-03T08:28:00,2026-07-03T14:13:00,2026-07-03,08:28,08_14,#f97316,345,,true,288.3,337.9,truckflow,,
CTG_10133278060,JLJ994,GIRASOL,R6,ingreso → balanza egreso,ingreso → balanza egreso,RICARDONE,INGRESO,BALANZA_EGRESO,2026-07-03T00:21:00,2026-07-03T06:13:00,2026-07-03,00:21,20_02,#dc2626,352,,true,334.5,351.9,truckflow,,
CTG_10133312797,IJT755,GIRASOL,R5,ingreso → balanza egreso,ingreso → balanza egreso,RICARDONE,INGRESO,BALANZA_EGRESO,2026-07-03T05:04:00,2026-07-03T11:00:00,2026-07-03,05:04,02_08,#2563eb,356,,true,288.3,337.9,truckflow,,
CTG_10233363438,RTW199,GIRASOL,R5,ingreso → balanza egreso,ingreso → balanza egreso,RICARDONE,INGRESO,BALANZA_EGRESO,2026-07-04T07:49:00,2026-07-04T13:19:00,2026-07-04,07:49,02_08,#2563eb,330,,true,288.3,337.9,truckflow,,
CTG_10233356118,OBT877,GIRASOL,R5,ingreso → balanza egreso,ingreso → balanza egreso,RICARDONE,INGRESO,BALANZA_EGRESO,2026-07-04T08:01:00,2026-07-04T14:00:00,2026-07-04,08:01,08_14,#f97316,359,,true,288.3,337.9,truckflow,,
CTG_10233343599,AE139WL,GIRASOL,R5,ingreso → balanza egreso,ingreso → balanza egreso,RICARDONE,INGRESO,BALANZA_EGRESO,2026-07-05T22:11:00,2026-07-05T23:21:00,2026-07-05,22:11,20_02,#dc2626,70,,false,288.3,337.9,truckflow,,
CTG_10133367452,SYD643,GIRASOL,R5,ingreso → balanza egreso,ingreso → balanza egreso,RICARDONE,INGRESO,BALANZA_EGRESO,2026-07-05T22:27:00,2026-07-05T23:49:00,2026-07-05,22:27,20_02,#dc2626,82,,false,288.3,337.9,truckflow,,
CTG_10233325826,GPL355,GIRASOL,R6,ingreso → balanza egreso,ingreso → balanza egreso,RICARDONE,INGRESO,BALANZA_EGRESO,2026-07-05T14:05:00,2026-07-05T18:44:00,2026-07-05,14:05,14_20,#16a34a,279,,false,334.5,351.9,truckflow,,